[2026-05-05 07:49:42.000] [INFO    ] [bot.diagnostics] ============================================================
[2026-05-05 07:49:42.001] [INFO    ] [bot.diagnostics]   🔍 DIAGNÓSTICO DE ENTORNO
[2026-05-05 07:49:42.001] [INFO    ] [bot.diagnostics]   Fecha: 2026-05-05 07:49:40
[2026-05-05 07:49:42.002] [INFO    ] [bot.diagnostics] ============================================================
[2026-05-05 07:49:42.002] [INFO    ] [bot.diagnostics]   OS:                    Windows 11 (10.0.26200)
[2026-05-05 07:49:42.002] [INFO    ] [bot.diagnostics]   Python:                3.14.0 (D:\GITHUBB\bot_stake\venv\Scripts\python.exe)
[2026-05-05 07:49:42.003] [INFO    ] [bot.diagnostics]   Chrome:                147.0.7727.103
[2026-05-05 07:49:42.003] [INFO    ] [bot.diagnostics]   RAM:                   psutil no instalado (instalar para más info)
[2026-05-05 07:49:42.003] [INFO    ] [bot.diagnostics]   Disco Libre:           37.8 GB de 133.3 GB
[2026-05-05 07:49:42.004] [INFO    ] [bot.diagnostics]   .env:                  ✅ Encontrado
[2026-05-05 07:49:42.004] [INFO    ] [bot.diagnostics]     Email:               jva***@gmail.com
[2026-05-05 07:49:42.004] [INFO    ] [bot.diagnostics]     Password:            ✅ Presente
[2026-05-05 07:49:42.004] [INFO    ] [bot.diagnostics]     TG Token:            ✅ Presente
[2026-05-05 07:49:42.005] [INFO    ] [bot.diagnostics]     TG Chat ID:          ✅ Presente
[2026-05-05 07:49:42.005] [INFO    ] [bot.diagnostics]     Threshold:           10
[2026-05-05 07:49:42.005] [INFO    ] [bot.diagnostics]     Headless:            False
[2026-05-05 07:49:42.005] [INFO    ] [bot.diagnostics]   Permisos data/:        ✅ Escritura OK
[2026-05-05 07:49:42.005] [INFO    ] [bot.diagnostics]   Permisos logs/:        ✅ Escritura OK
[2026-05-05 07:49:42.006] [INFO    ] [bot.diagnostics]   Red (stake.com.co):    ❌ NO ACCESIBLE: HTTP Error 403: Forbidden
[2026-05-05 07:49:42.006] [INFO    ] [bot.diagnostics]   UC Driver:             ✅ v3.5.5
[2026-05-05 07:49:42.006] [INFO    ] [bot.diagnostics]   Selenium:              ✅ v4.41.0
[2026-05-05 07:49:42.006] [INFO    ] [bot.diagnostics] ============================================================
[2026-05-05 07:49:45.034] [INFO    ] [bot.launcher] 🌐 Iniciando túnel Cloudflare...
[2026-05-05 07:49:47.440] [INFO    ] [bot.run] ============================================================
[2026-05-05 07:49:47.440] [INFO    ] [bot.run] 🚀 Bot de Ruleta iniciando...
[2026-05-05 07:49:47.440] [INFO    ] [bot.run] ============================================================
[2026-05-05 07:49:49.010] [INFO    ] [bot.diagnostics] ============================================================
[2026-05-05 07:49:49.010] [INFO    ] [bot.diagnostics]   🔍 DIAGNÓSTICO DE ENTORNO
[2026-05-05 07:49:49.011] [INFO    ] [bot.diagnostics]   Fecha: 2026-05-05 07:49:47
[2026-05-05 07:49:49.011] [INFO    ] [bot.diagnostics] ============================================================
[2026-05-05 07:49:49.011] [INFO    ] [bot.diagnostics]   OS:                    Windows 11 (10.0.26200)
[2026-05-05 07:49:49.011] [INFO    ] [bot.diagnostics]   Python:                3.14.0 (D:\GITHUBB\bot_stake\venv\Scripts\python.exe)
[2026-05-05 07:49:49.011] [INFO    ] [bot.diagnostics]   Chrome:                147.0.7727.103
[2026-05-05 07:49:49.011] [INFO    ] [bot.diagnostics]   RAM:                   psutil no instalado (instalar para más info)
[2026-05-05 07:49:49.011] [INFO    ] [bot.diagnostics]   Disco Libre:           37.8 GB de 133.3 GB
[2026-05-05 07:49:49.011] [INFO    ] [bot.diagnostics]   .env:                  ✅ Encontrado
[2026-05-05 07:49:49.011] [INFO    ] [bot.diagnostics]     Email:               jva***@gmail.com
[2026-05-05 07:49:49.012] [INFO    ] [bot.diagnostics]     Password:            ✅ Presente
[2026-05-05 07:49:49.012] [INFO    ] [bot.diagnostics]     TG Token:            ✅ Presente
[2026-05-05 07:49:49.012] [INFO    ] [bot.diagnostics]     TG Chat ID:          ✅ Presente
[2026-05-05 07:49:49.012] [INFO    ] [bot.diagnostics]     Threshold:           10
[2026-05-05 07:49:49.013] [INFO    ] [bot.diagnostics]     Headless:            False
[2026-05-05 07:49:49.013] [INFO    ] [bot.diagnostics]   Permisos data/:        ✅ Escritura OK
[2026-05-05 07:49:49.013] [INFO    ] [bot.diagnostics]   Permisos logs/:        ✅ Escritura OK
[2026-05-05 07:49:49.013] [INFO    ] [bot.diagnostics]   Red (stake.com.co):    ❌ NO ACCESIBLE: HTTP Error 403: Forbidden
[2026-05-05 07:49:49.013] [INFO    ] [bot.diagnostics]   UC Driver:             ✅ v3.5.5
[2026-05-05 07:49:49.013] [INFO    ] [bot.diagnostics]   Selenium:              ✅ v4.41.0
[2026-05-05 07:49:49.014] [INFO    ] [bot.diagnostics] ============================================================
[2026-05-05 07:49:49.080] [INFO    ] [bot.scanner] ============================================================
[2026-05-05 07:49:49.080] [INFO    ] [bot.scanner] 🔧 Ejecutando diagnóstico de entorno...
[2026-05-05 07:49:49.541] [INFO    ] [bot.diagnostics] ============================================================
[2026-05-05 07:49:49.542] [INFO    ] [bot.diagnostics]   🔍 DIAGNÓSTICO DE ENTORNO
[2026-05-05 07:49:49.543] [INFO    ] [bot.diagnostics]   Fecha: 2026-05-05 07:49:49
[2026-05-05 07:49:49.543] [INFO    ] [bot.diagnostics] ============================================================
[2026-05-05 07:49:49.544] [INFO    ] [bot.diagnostics]   OS:                    Windows 11 (10.0.26200)
[2026-05-05 07:49:49.545] [INFO    ] [bot.diagnostics]   Python:                3.14.0 (D:\GITHUBB\bot_stake\venv\Scripts\python.exe)
[2026-05-05 07:49:49.545] [INFO    ] [bot.diagnostics]   Chrome:                147.0.7727.103
[2026-05-05 07:49:49.546] [INFO    ] [bot.diagnostics]   RAM:                   psutil no instalado (instalar para más info)
[2026-05-05 07:49:49.546] [INFO    ] [bot.diagnostics]   Disco Libre:           37.8 GB de 133.3 GB
[2026-05-05 07:49:49.547] [INFO    ] [bot.diagnostics]   .env:                  ✅ Encontrado
[2026-05-05 07:49:49.547] [INFO    ] [bot.diagnostics]     Email:               jva***@gmail.com
[2026-05-05 07:49:49.548] [INFO    ] [bot.diagnostics]     Password:            ✅ Presente
[2026-05-05 07:49:49.548] [INFO    ] [bot.diagnostics]     TG Token:            ✅ Presente
[2026-05-05 07:49:49.549] [INFO    ] [bot.diagnostics]     TG Chat ID:          ✅ Presente
[2026-05-05 07:49:49.549] [INFO    ] [bot.diagnostics]     Threshold:           10
[2026-05-05 07:49:49.550] [INFO    ] [bot.diagnostics]     Headless:            False
[2026-05-05 07:49:49.550] [INFO    ] [bot.diagnostics]   Permisos data/:        ✅ Escritura OK
[2026-05-05 07:49:49.550] [INFO    ] [bot.diagnostics]   Permisos logs/:        ✅ Escritura OK
[2026-05-05 07:49:49.551] [INFO    ] [bot.diagnostics]   Red (stake.com.co):    ❌ NO ACCESIBLE: HTTP Error 403: Forbidden
[2026-05-05 07:49:49.551] [INFO    ] [bot.diagnostics]   UC Driver:             ✅ v3.5.5
[2026-05-05 07:49:49.552] [INFO    ] [bot.diagnostics]   Selenium:              ✅ v4.41.0
[2026-05-05 07:49:49.552] [INFO    ] [bot.diagnostics] ============================================================
[2026-05-05 07:49:49.553] [INFO    ] [bot.scanner] ============================================================
[2026-05-05 07:49:49.553] [INFO    ] [bot.scanner] 🤖 Bot Supervisor Iniciado - Headless: False
[2026-05-05 07:49:49.553] [INFO    ] [bot.scanner] 🔄 Iniciando sesión #1...
[2026-05-05 07:49:49.554] [INFO    ] [bot.scanner] 🚀 Iniciando nueva sesión del bot...
[2026-05-05 07:49:49.554] [INFO    ] [bot.driver] ⚙️ Configurando WebDriver (headless=False)...
[2026-05-05 07:49:49.555] [INFO    ] [bot.driver] 🖥️ Modo Visible (con ventana)...
[2026-05-05 07:49:49.555] [INFO    ] [bot.driver] 🚀 Iniciando Chrome con undetected_chromedriver...
[2026-05-05 07:49:49.562] [INFO    ] [bot.driver] 🌐 Chrome detectado: v147.0.7727.103
[2026-05-05 07:49:49.563] [INFO    ] [bot.driver]    Usando version_main=147
[2026-05-05 07:49:51.140] [INFO    ] [bot.launcher] 🌐 Túnel activo: https://recordings-vocabulary-installing-maui.trycloudflare.com
[2026-05-05 07:49:58.426] [INFO    ] [bot.driver] 🛡️ Parches Anti-Detección Avanzados (CDP) aplicados.
[2026-05-05 07:49:58.426] [INFO    ] [bot.driver] ✅ Chrome iniciado correctamente
[2026-05-05 07:49:58.427] [INFO    ] [bot.driver] 🔗 Navegando a Stake...
[2026-05-05 07:50:26.988] [INFO    ] [bot.diagnostics] ============================================================
[2026-05-05 07:50:26.988] [INFO    ] [bot.diagnostics]   🔍 DIAGNÓSTICO DE ENTORNO
[2026-05-05 07:50:26.988] [INFO    ] [bot.diagnostics]   Fecha: 2026-05-05 07:50:26
[2026-05-05 07:50:26.989] [INFO    ] [bot.diagnostics] ============================================================
[2026-05-05 07:50:26.989] [INFO    ] [bot.diagnostics]   OS:                    Windows 11 (10.0.26200)
[2026-05-05 07:50:26.989] [INFO    ] [bot.diagnostics]   Python:                3.14.0 (D:\GITHUBB\bot_stake\venv\Scripts\python.exe)
[2026-05-05 07:50:26.989] [INFO    ] [bot.diagnostics]   Chrome:                147.0.7727.138
[2026-05-05 07:50:26.990] [INFO    ] [bot.diagnostics]   RAM:                   psutil no instalado (instalar para más info)
[2026-05-05 07:50:26.990] [INFO    ] [bot.diagnostics]   Disco Libre:           37.8 GB de 133.3 GB
[2026-05-05 07:50:26.990] [INFO    ] [bot.diagnostics]   .env:                  ✅ Encontrado
[2026-05-05 07:50:26.990] [INFO    ] [bot.diagnostics]     Email:               jva***@gmail.com
[2026-05-05 07:50:26.991] [INFO    ] [bot.diagnostics]     Password:            ✅ Presente
[2026-05-05 07:50:26.991] [INFO    ] [bot.diagnostics]     TG Token:            ✅ Presente
[2026-05-05 07:50:26.991] [INFO    ] [bot.diagnostics]     TG Chat ID:          ✅ Presente
[2026-05-05 07:50:26.991] [INFO    ] [bot.diagnostics]     Threshold:           10
[2026-05-05 07:50:26.992] [INFO    ] [bot.diagnostics]     Headless:            True
[2026-05-05 07:50:26.992] [INFO    ] [bot.diagnostics]   Permisos data/:        ✅ Escritura OK
[2026-05-05 07:50:26.992] [INFO    ] [bot.diagnostics]   Permisos logs/:        ✅ Escritura OK
[2026-05-05 07:50:26.992] [INFO    ] [bot.diagnostics]   Red (stake.com.co):    ❌ NO ACCESIBLE: HTTP Error 403: Forbidden
[2026-05-05 07:50:26.993] [INFO    ] [bot.diagnostics]   UC Driver:             ✅ v3.5.5
[2026-05-05 07:50:26.993] [INFO    ] [bot.diagnostics]   Selenium:              ✅ v4.41.0
[2026-05-05 07:50:26.993] [INFO    ] [bot.diagnostics] ============================================================
[2026-05-05 07:50:30.026] [INFO    ] [bot.launcher] 🌐 Iniciando túnel Cloudflare...
[2026-05-05 07:50:32.251] [INFO    ] [bot.run] ============================================================
[2026-05-05 07:50:32.251] [INFO    ] [bot.run] 🚀 Bot de Ruleta iniciando...
[2026-05-05 07:50:32.251] [INFO    ] [bot.run] ============================================================
[2026-05-05 07:50:33.142] [INFO    ] [bot.diagnostics] ============================================================
[2026-05-05 07:50:33.142] [INFO    ] [bot.diagnostics]   🔍 DIAGNÓSTICO DE ENTORNO
[2026-05-05 07:50:33.142] [INFO    ] [bot.diagnostics]   Fecha: 2026-05-05 07:50:32
[2026-05-05 07:50:33.142] [INFO    ] [bot.diagnostics] ============================================================
[2026-05-05 07:50:33.142] [INFO    ] [bot.diagnostics]   OS:                    Windows 11 (10.0.26200)
[2026-05-05 07:50:33.143] [INFO    ] [bot.diagnostics]   Python:                3.14.0 (D:\GITHUBB\bot_stake\venv\Scripts\python.exe)
[2026-05-05 07:50:33.143] [INFO    ] [bot.diagnostics]   Chrome:                147.0.7727.138
[2026-05-05 07:50:33.143] [INFO    ] [bot.diagnostics]   RAM:                   psutil no instalado (instalar para más info)
[2026-05-05 07:50:33.143] [INFO    ] [bot.diagnostics]   Disco Libre:           37.8 GB de 133.3 GB
[2026-05-05 07:50:33.143] [INFO    ] [bot.diagnostics]   .env:                  ✅ Encontrado
[2026-05-05 07:50:33.143] [INFO    ] [bot.diagnostics]     Email:               jva***@gmail.com
[2026-05-05 07:50:33.143] [INFO    ] [bot.diagnostics]     Password:            ✅ Presente
[2026-05-05 07:50:33.143] [INFO    ] [bot.diagnostics]     TG Token:            ✅ Presente
[2026-05-05 07:50:33.143] [INFO    ] [bot.diagnostics]     TG Chat ID:          ✅ Presente
[2026-05-05 07:50:33.144] [INFO    ] [bot.diagnostics]     Threshold:           10
[2026-05-05 07:50:33.144] [INFO    ] [bot.diagnostics]     Headless:            True
[2026-05-05 07:50:33.144] [INFO    ] [bot.diagnostics]   Permisos data/:        ✅ Escritura OK
[2026-05-05 07:50:33.144] [INFO    ] [bot.diagnostics]   Permisos logs/:        ✅ Escritura OK
[2026-05-05 07:50:33.144] [INFO    ] [bot.diagnostics]   Red (stake.com.co):    ❌ NO ACCESIBLE: HTTP Error 403: Forbidden
[2026-05-05 07:50:33.145] [INFO    ] [bot.diagnostics]   UC Driver:             ✅ v3.5.5
[2026-05-05 07:50:33.145] [INFO    ] [bot.diagnostics]   Selenium:              ✅ v4.41.0
[2026-05-05 07:50:33.145] [INFO    ] [bot.diagnostics] ============================================================
[2026-05-05 07:50:33.175] [INFO    ] [bot.scanner] ============================================================
[2026-05-05 07:50:33.175] [INFO    ] [bot.scanner] 🔧 Ejecutando diagnóstico de entorno...
[2026-05-05 07:50:33.465] [INFO    ] [bot.diagnostics] ============================================================
[2026-05-05 07:50:33.465] [INFO    ] [bot.diagnostics]   🔍 DIAGNÓSTICO DE ENTORNO
[2026-05-05 07:50:33.465] [INFO    ] [bot.diagnostics]   Fecha: 2026-05-05 07:50:33
[2026-05-05 07:50:33.466] [INFO    ] [bot.diagnostics] ============================================================
[2026-05-05 07:50:33.466] [INFO    ] [bot.diagnostics]   OS:                    Windows 11 (10.0.26200)
[2026-05-05 07:50:33.466] [INFO    ] [bot.diagnostics]   Python:                3.14.0 (D:\GITHUBB\bot_stake\venv\Scripts\python.exe)
[2026-05-05 07:50:33.466] [INFO    ] [bot.diagnostics]   Chrome:                147.0.7727.138
[2026-05-05 07:50:33.466] [INFO    ] [bot.diagnostics]   RAM:                   psutil no instalado (instalar para más info)
[2026-05-05 07:50:33.466] [INFO    ] [bot.diagnostics]   Disco Libre:           37.8 GB de 133.3 GB
[2026-05-05 07:50:33.466] [INFO    ] [bot.diagnostics]   .env:                  ✅ Encontrado
[2026-05-05 07:50:33.466] [INFO    ] [bot.diagnostics]     Email:               jva***@gmail.com
[2026-05-05 07:50:33.466] [INFO    ] [bot.diagnostics]     Password:            ✅ Presente
[2026-05-05 07:50:33.466] [INFO    ] [bot.diagnostics]     TG Token:            ✅ Presente
[2026-05-05 07:50:33.467] [INFO    ] [bot.diagnostics]     TG Chat ID:          ✅ Presente
[2026-05-05 07:50:33.467] [INFO    ] [bot.diagnostics]     Threshold:           10
[2026-05-05 07:50:33.467] [INFO    ] [bot.diagnostics]     Headless:            True
[2026-05-05 07:50:33.467] [INFO    ] [bot.diagnostics]   Permisos data/:        ✅ Escritura OK
[2026-05-05 07:50:33.467] [INFO    ] [bot.diagnostics]   Permisos logs/:        ✅ Escritura OK
[2026-05-05 07:50:33.467] [INFO    ] [bot.diagnostics]   Red (stake.com.co):    ❌ NO ACCESIBLE: HTTP Error 403: Forbidden
[2026-05-05 07:50:33.467] [INFO    ] [bot.diagnostics]   UC Driver:             ✅ v3.5.5
[2026-05-05 07:50:33.467] [INFO    ] [bot.diagnostics]   Selenium:              ✅ v4.41.0
[2026-05-05 07:50:33.467] [INFO    ] [bot.diagnostics] ============================================================
[2026-05-05 07:50:33.467] [INFO    ] [bot.scanner] ============================================================
[2026-05-05 07:50:33.467] [INFO    ] [bot.scanner] 🤖 Bot Supervisor Iniciado - Headless: True
[2026-05-05 07:50:33.467] [INFO    ] [bot.scanner] 🔄 Iniciando sesión #1...
[2026-05-05 07:50:33.468] [INFO    ] [bot.scanner] 🚀 Iniciando nueva sesión del bot...
[2026-05-05 07:50:33.468] [INFO    ] [bot.driver] ⚙️ Configurando WebDriver (headless=True)...
[2026-05-05 07:50:33.468] [INFO    ] [bot.driver] 👻 Modo Headless (ventana fuera de pantalla)...
[2026-05-05 07:50:33.468] [INFO    ] [bot.driver] 🚀 Iniciando Chrome con undetected_chromedriver...
[2026-05-05 07:50:33.473] [INFO    ] [bot.driver] 🌐 Chrome detectado: v147.0.7727.138
[2026-05-05 07:50:33.473] [INFO    ] [bot.driver]    Usando version_main=147
[2026-05-05 07:50:35.976] [INFO    ] [bot.launcher] 🌐 Túnel activo: https://speaks-physical-prev-how.trycloudflare.com
[2026-05-05 07:50:40.053] [INFO    ] [bot.driver] 🛡️ Parches Anti-Detección Avanzados (CDP) aplicados.
[2026-05-05 07:50:40.053] [INFO    ] [bot.driver] ✅ Chrome iniciado correctamente
[2026-05-05 07:50:42.083] [INFO    ] [bot.driver] 🛡️ Chrome oculto de la barra de tareas y movido fuera de pantalla
[2026-05-05 07:50:42.101] [INFO    ] [bot.driver] 🛡️ Watchdog anti-minimización activo
[2026-05-05 07:50:42.102] [INFO    ] [bot.driver] 🔗 Navegando a Stake...
[2026-05-05 07:50:46.449] [INFO    ] [bot.driver] 🧹 Limpiando cookies y almacenamiento local...
[2026-05-05 07:50:48.001] [INFO    ] [bot.driver] 🔑 Iniciando sesión...
[2026-05-05 07:50:48.432] [DEBUG   ] [bot.driver]    Botón 'Iniciar sesión' clickeado
[2026-05-05 07:51:18.771] [WARNING ] [bot.driver] ℹ️ Login saltado/error: Message: 
Stacktrace:
	undetected_chromedriver!GetHandleVerifier [0xb2b373+10553]
	undetected_chromedriver!GetHandleVerifier [0xb2b4a4+10684]
	undetected_chromedriver!(No symbol) [0x931e10]
	undetected_chromedriver!(No symbol) [0x97a9da]
	undetected_chromedriver!(No symbol) [0x97ac7b]
	undetected_chromedriver!(No symbol) [0x9bd162]
	undetected_chromedriver!(No symbol) [0x99d8b4]
	undetected_chromedriver!(No symbol) [0x9baa36]
	undetected_chromedriver!(No symbol) [0x99d606]
	undetected_chromedriver!(No symbol) [0x970039]
	undetected_chromedriver!(No symbol) [0x970df4]
	undetected_chromedriver!GetHandleVerifier [0xdaddb4+292f94]
	undetected_chromedriver!GetHandleVerifier [0xda937d+28e55d]
	undetected_chromedriver!GetHandleVerifier [0xdc8215+2ad3f5]
	undetected_chromedriver!GetHandleVerifier [0xb44c18+29df8]
	undetected_chromedriver!GetHandleVerifier [0xb4c6fd+318dd]
	undetected_chromedriver!GetHandleVerifier [0xb33c78+18e58]
	undetected_chromedriver!GetHandleVerifier [0xb33e42+19022]
	undetected_chromedriver!GetHandleVerifier [0xb1d45f+263f]
	KERNEL32!BaseThreadInitThunk [0x77365d49+19]
	ntdll!RtlInitializeExceptionChain [0x776ed83b+6b]
	ntdll!RtlGetAppContainerNamedObjectPath [0x776ed7c1+231]

[2026-05-05 07:51:19.050] [INFO    ] [bot.screenshot] 📸 Screenshot guardado: D:\GITHUBB\bot_stake\data\logs\screenshots\001_2026-05-05_075118_WARN_login_error.png
[2026-05-05 07:51:19.100] [DEBUG   ] [bot.screenshot] 📄 HTML source guardado: D:\GITHUBB\bot_stake\data\logs\screenshots\001_2026-05-05_075118_WARN_login_error.html
[2026-05-05 07:51:19.100] [INFO    ] [bot.lobby] 🔄 Navegando al Lobby... (from_anti_afk=False)
[2026-05-05 07:51:27.492] [INFO    ] [bot.lobby]    👉 Click en 'Juego real' ...
[2026-05-05 07:51:27.623] [INFO    ] [bot.lobby]    ⏳ Esperando recarga del iframe tras 'Juego real'...
[2026-05-05 07:51:39.707] [DEBUG   ] [bot.iframe]    ⏳ Esperando iframe principal (max 15s)...
[2026-05-05 07:51:39.820] [INFO    ] [bot.iframe]    ✅ Cambio a iframe #0 (class='game')
[2026-05-05 07:51:39.820] [DEBUG   ] [bot.iframe]    ⏳ Esperando iframe anidado o elementos del juego (max 15s)...
[2026-05-05 07:51:55.682] [WARNING ] [bot.iframe]    ⚠️ Iframe anidado no encontrado. Continuaremos en el iframe principal.
[2026-05-05 07:51:55.683] [INFO    ] [bot.lobby] ✅ Contexto cambiado al iframe del juego.
[2026-05-05 07:51:55.684] [INFO    ] [bot.lobby]    ⏳ Esperando a que el lobby termine de cargar...
[2026-05-05 07:51:58.739] [DEBUG   ] [bot.lobby]    ⏳ Curtain cerrado, esperando tiles... (3s)
[2026-05-05 07:52:01.791] [DEBUG   ] [bot.lobby]    ⏳ Curtain cerrado, esperando tiles... (6s)
[2026-05-05 07:52:04.846] [DEBUG   ] [bot.lobby]    ⏳ Curtain cerrado, esperando tiles... (9s)
[2026-05-05 07:52:07.868] [DEBUG   ] [bot.lobby]    ⏳ Curtain cerrado, esperando tiles... (12s)
[2026-05-05 07:52:10.881] [DEBUG   ] [bot.lobby]    ⏳ Curtain cerrado, esperando tiles... (15s)
[2026-05-05 07:52:13.901] [DEBUG   ] [bot.lobby]    ⏳ Curtain cerrado, esperando tiles... (18s)
[2026-05-05 07:52:16.955] [DEBUG   ] [bot.lobby]    ⏳ Curtain cerrado, esperando tiles... (21s)
[2026-05-05 07:52:20.007] [DEBUG   ] [bot.lobby]    ⏳ Curtain cerrado, esperando tiles... (24s)
[2026-05-05 07:52:23.046] [DEBUG   ] [bot.lobby]    ⏳ Curtain cerrado, esperando tiles... (27s)
[2026-05-05 07:52:26.075] [DEBUG   ] [bot.lobby]    ⏳ Curtain cerrado, esperando tiles... (30s)
[2026-05-05 07:52:48.358] [INFO    ] [bot.diagnostics] ============================================================
[2026-05-05 07:52:48.359] [INFO    ] [bot.diagnostics]   🔍 DIAGNÓSTICO DE ENTORNO
[2026-05-05 07:52:48.359] [INFO    ] [bot.diagnostics]   Fecha: 2026-05-05 07:52:46
[2026-05-05 07:52:48.359] [INFO    ] [bot.diagnostics] ============================================================
[2026-05-05 07:52:48.359] [INFO    ] [bot.diagnostics]   OS:                    Windows 11 (10.0.26200)
[2026-05-05 07:52:48.360] [INFO    ] [bot.diagnostics]   Python:                3.14.0 (D:\GITHUBB\bot_stake\venv\Scripts\python.exe)
[2026-05-05 07:52:48.360] [INFO    ] [bot.diagnostics]   Chrome:                147.0.7727.138
[2026-05-05 07:52:48.360] [INFO    ] [bot.diagnostics]   RAM:                   psutil no instalado (instalar para más info)
[2026-05-05 07:52:48.360] [INFO    ] [bot.diagnostics]   Disco Libre:           37.8 GB de 133.3 GB
[2026-05-05 07:52:48.360] [INFO    ] [bot.diagnostics]   .env:                  ✅ Encontrado
[2026-05-05 07:52:48.361] [INFO    ] [bot.diagnostics]     Email:               jva***@gmail.com
[2026-05-05 07:52:48.361] [INFO    ] [bot.diagnostics]     Password:            ✅ Presente
[2026-05-05 07:52:48.361] [INFO    ] [bot.diagnostics]     TG Token:            ✅ Presente
[2026-05-05 07:52:48.361] [INFO    ] [bot.diagnostics]     TG Chat ID:          ✅ Presente
[2026-05-05 07:52:48.362] [INFO    ] [bot.diagnostics]     Threshold:           10
[2026-05-05 07:52:48.362] [INFO    ] [bot.diagnostics]     Headless:            False
[2026-05-05 07:52:48.362] [INFO    ] [bot.diagnostics]   Permisos data/:        ✅ Escritura OK
[2026-05-05 07:52:48.362] [INFO    ] [bot.diagnostics]   Permisos logs/:        ✅ Escritura OK
[2026-05-05 07:52:48.362] [INFO    ] [bot.diagnostics]   Red (stake.com.co):    ❌ NO ACCESIBLE: HTTP Error 403: Forbidden
[2026-05-05 07:52:48.363] [INFO    ] [bot.diagnostics]   UC Driver:             ✅ v3.5.5
[2026-05-05 07:52:48.363] [INFO    ] [bot.diagnostics]   Selenium:              ✅ v4.41.0
[2026-05-05 07:52:48.363] [INFO    ] [bot.diagnostics] ============================================================
[2026-05-05 07:52:51.391] [INFO    ] [bot.launcher] 🌐 Iniciando túnel Cloudflare...
[2026-05-05 07:52:53.651] [INFO    ] [bot.run] ============================================================
[2026-05-05 07:52:53.651] [INFO    ] [bot.run] 🚀 Bot de Ruleta iniciando...
[2026-05-05 07:52:53.652] [INFO    ] [bot.run] ============================================================
[2026-05-05 07:52:54.832] [INFO    ] [bot.diagnostics] ============================================================
[2026-05-05 07:52:54.832] [INFO    ] [bot.diagnostics]   🔍 DIAGNÓSTICO DE ENTORNO
[2026-05-05 07:52:54.832] [INFO    ] [bot.diagnostics]   Fecha: 2026-05-05 07:52:53
[2026-05-05 07:52:54.832] [INFO    ] [bot.diagnostics] ============================================================
[2026-05-05 07:52:54.833] [INFO    ] [bot.diagnostics]   OS:                    Windows 11 (10.0.26200)
[2026-05-05 07:52:54.833] [INFO    ] [bot.diagnostics]   Python:                3.14.0 (D:\GITHUBB\bot_stake\venv\Scripts\python.exe)
[2026-05-05 07:52:54.833] [INFO    ] [bot.diagnostics]   Chrome:                147.0.7727.138
[2026-05-05 07:52:54.833] [INFO    ] [bot.diagnostics]   RAM:                   psutil no instalado (instalar para más info)
[2026-05-05 07:52:54.833] [INFO    ] [bot.diagnostics]   Disco Libre:           37.8 GB de 133.3 GB
[2026-05-05 07:52:54.833] [INFO    ] [bot.diagnostics]   .env:                  ✅ Encontrado
[2026-05-05 07:52:54.833] [INFO    ] [bot.diagnostics]     Email:               jva***@gmail.com
[2026-05-05 07:52:54.833] [INFO    ] [bot.diagnostics]     Password:            ✅ Presente
[2026-05-05 07:52:54.833] [INFO    ] [bot.diagnostics]     TG Token:            ✅ Presente
[2026-05-05 07:52:54.833] [INFO    ] [bot.diagnostics]     TG Chat ID:          ✅ Presente
[2026-05-05 07:52:54.834] [INFO    ] [bot.diagnostics]     Threshold:           10
[2026-05-05 07:52:54.834] [INFO    ] [bot.diagnostics]     Headless:            False
[2026-05-05 07:52:54.834] [INFO    ] [bot.diagnostics]   Permisos data/:        ✅ Escritura OK
[2026-05-05 07:52:54.834] [INFO    ] [bot.diagnostics]   Permisos logs/:        ✅ Escritura OK
[2026-05-05 07:52:54.834] [INFO    ] [bot.diagnostics]   Red (stake.com.co):    ❌ NO ACCESIBLE: HTTP Error 403: Forbidden
[2026-05-05 07:52:54.835] [INFO    ] [bot.diagnostics]   UC Driver:             ✅ v3.5.5
[2026-05-05 07:52:54.835] [INFO    ] [bot.diagnostics]   Selenium:              ✅ v4.41.0
[2026-05-05 07:52:54.835] [INFO    ] [bot.diagnostics] ============================================================
[2026-05-05 07:52:54.865] [INFO    ] [bot.scanner] ============================================================
[2026-05-05 07:52:54.866] [INFO    ] [bot.scanner] 🔧 Ejecutando diagnóstico de entorno...
[2026-05-05 07:52:55.144] [INFO    ] [bot.diagnostics] ============================================================
[2026-05-05 07:52:55.145] [INFO    ] [bot.diagnostics]   🔍 DIAGNÓSTICO DE ENTORNO
[2026-05-05 07:52:55.145] [INFO    ] [bot.diagnostics]   Fecha: 2026-05-05 07:52:54
[2026-05-05 07:52:55.145] [INFO    ] [bot.diagnostics] ============================================================
[2026-05-05 07:52:55.145] [INFO    ] [bot.diagnostics]   OS:                    Windows 11 (10.0.26200)
[2026-05-05 07:52:55.146] [INFO    ] [bot.diagnostics]   Python:                3.14.0 (D:\GITHUBB\bot_stake\venv\Scripts\python.exe)
[2026-05-05 07:52:55.146] [INFO    ] [bot.diagnostics]   Chrome:                147.0.7727.138
[2026-05-05 07:52:55.146] [INFO    ] [bot.diagnostics]   RAM:                   psutil no instalado (instalar para más info)
[2026-05-05 07:52:55.146] [INFO    ] [bot.diagnostics]   Disco Libre:           37.8 GB de 133.3 GB
[2026-05-05 07:52:55.146] [INFO    ] [bot.diagnostics]   .env:                  ✅ Encontrado
[2026-05-05 07:52:55.146] [INFO    ] [bot.diagnostics]     Email:               jva***@gmail.com
[2026-05-05 07:52:55.147] [INFO    ] [bot.diagnostics]     Password:            ✅ Presente
[2026-05-05 07:52:55.147] [INFO    ] [bot.diagnostics]     TG Token:            ✅ Presente
[2026-05-05 07:52:55.147] [INFO    ] [bot.diagnostics]     TG Chat ID:          ✅ Presente
[2026-05-05 07:52:55.147] [INFO    ] [bot.diagnostics]     Threshold:           10
[2026-05-05 07:52:55.147] [INFO    ] [bot.diagnostics]     Headless:            False
[2026-05-05 07:52:55.147] [INFO    ] [bot.diagnostics]   Permisos data/:        ✅ Escritura OK
[2026-05-05 07:52:55.147] [INFO    ] [bot.diagnostics]   Permisos logs/:        ✅ Escritura OK
[2026-05-05 07:52:55.148] [INFO    ] [bot.diagnostics]   Red (stake.com.co):    ❌ NO ACCESIBLE: HTTP Error 403: Forbidden
[2026-05-05 07:52:55.148] [INFO    ] [bot.diagnostics]   UC Driver:             ✅ v3.5.5
[2026-05-05 07:52:55.148] [INFO    ] [bot.diagnostics]   Selenium:              ✅ v4.41.0
[2026-05-05 07:52:55.148] [INFO    ] [bot.diagnostics] ============================================================
[2026-05-05 07:52:55.148] [INFO    ] [bot.scanner] ============================================================
[2026-05-05 07:52:55.148] [INFO    ] [bot.scanner] 🤖 Bot Supervisor Iniciado - Headless: False
[2026-05-05 07:52:55.149] [INFO    ] [bot.scanner] 🔄 Iniciando sesión #1...
[2026-05-05 07:52:55.149] [INFO    ] [bot.scanner] 🚀 Iniciando nueva sesión del bot...
[2026-05-05 07:52:55.149] [INFO    ] [bot.driver] ⚙️ Configurando WebDriver (headless=False)...
[2026-05-05 07:52:55.149] [INFO    ] [bot.driver] 🖥️ Modo Visible (con ventana)...
[2026-05-05 07:52:55.149] [INFO    ] [bot.driver] 🚀 Iniciando Chrome con undetected_chromedriver...
[2026-05-05 07:52:55.155] [INFO    ] [bot.driver] 🌐 Chrome detectado: v147.0.7727.138
[2026-05-05 07:52:55.156] [INFO    ] [bot.driver]    Usando version_main=147
[2026-05-05 07:52:57.487] [INFO    ] [bot.launcher] 🌐 Túnel activo: https://conflict-cardiovascular-dad-caps.trycloudflare.com
[2026-05-05 07:53:08.166] [INFO    ] [bot.driver] 🛡️ Parches Anti-Detección Avanzados (CDP) aplicados.
[2026-05-05 07:53:08.167] [INFO    ] [bot.driver] ✅ Chrome iniciado correctamente
[2026-05-05 07:53:08.167] [INFO    ] [bot.driver] 🔗 Navegando a Stake...
[2026-05-05 07:53:19.029] [INFO    ] [bot.driver] 🧹 Limpiando cookies y almacenamiento local...
[2026-05-05 07:53:19.260] [INFO    ] [bot.driver] 🔑 Iniciando sesión...
[2026-05-05 07:53:19.645] [DEBUG   ] [bot.driver]    Botón 'Iniciar sesión' clickeado
[2026-05-05 07:53:24.811] [DEBUG   ] [bot.driver]    Email ingresado
[2026-05-05 07:53:27.780] [DEBUG   ] [bot.driver]    Password ingresado
[2026-05-05 07:53:28.152] [INFO    ] [bot.driver] ✅ Login enviado. Esperando confirmación de inicio de sesión...
[2026-05-05 07:53:31.185] [INFO    ] [bot.driver] 🎉 Login exitoso confirmado!
[2026-05-05 07:53:34.186] [INFO    ] [bot.lobby] 🔄 Navegando al Lobby... (from_anti_afk=False)
[2026-05-05 07:53:41.888] [INFO    ] [bot.lobby]    👉 Click en 'Juego real' ...
[2026-05-05 07:53:41.973] [INFO    ] [bot.lobby]    ⏳ Esperando recarga del iframe tras 'Juego real'...
[2026-05-05 07:53:54.004] [DEBUG   ] [bot.iframe]    ⏳ Esperando iframe principal (max 15s)...
[2026-05-05 07:53:54.253] [INFO    ] [bot.iframe]    ✅ Cambio a iframe #0 (class='game')
[2026-05-05 07:53:54.254] [DEBUG   ] [bot.iframe]    ⏳ Esperando iframe anidado o elementos del juego (max 15s)...
[2026-05-05 07:53:54.316] [INFO    ] [bot.iframe]    ✅ Elementos del juego encontrados en el iframe principal. No requiere anidado.
[2026-05-05 07:53:54.317] [INFO    ] [bot.lobby] ✅ Contexto cambiado al iframe del juego.
[2026-05-05 07:53:54.317] [INFO    ] [bot.lobby]    ⏳ Esperando a que el lobby termine de cargar...
[2026-05-05 07:53:57.434] [INFO    ] [bot.lobby]    ✅ Lobby cargado! 31 tiles encontrados (3s)
[2026-05-05 07:53:57.434] [INFO    ] [bot.iframe] 🛡️ Verificando modales bloquantes...
[2026-05-05 07:53:58.617] [INFO    ] [bot.scanner] 👀 MODO ESPÍA ACTIVADO: Escaneando miniaturas...
[2026-05-05 07:53:58.624] [DEBUG   ] [bot.iframe]    ⏳ Esperando iframe principal (max 15s)...
[2026-05-05 07:53:58.703] [INFO    ] [bot.iframe]    ✅ Cambio a iframe #0 (class='game')
[2026-05-05 07:53:58.703] [DEBUG   ] [bot.iframe]    ⏳ Esperando iframe anidado o elementos del juego (max 15s)...
[2026-05-05 07:53:58.716] [INFO    ] [bot.iframe]    ✅ Elementos del juego encontrados en el iframe principal. No requiere anidado.
[2026-05-05 07:54:00.717] [INFO    ] [bot.lobby] 🗺️  Escaneando IDs de mesas dinámicamente (modo robusto)...
[2026-05-05 07:54:00.730] [DEBUG   ] [bot.iframe]    ⏳ Esperando iframe principal (max 15s)...
[2026-05-05 07:54:00.895] [INFO    ] [bot.iframe]    ✅ Cambio a iframe #0 (class='game')
[2026-05-05 07:54:00.896] [DEBUG   ] [bot.iframe]    ⏳ Esperando iframe anidado o elementos del juego (max 15s)...
[2026-05-05 07:54:00.944] [INFO    ] [bot.iframe]    ✅ Elementos del juego encontrados en el iframe principal. No requiere anidado.
[2026-05-05 07:54:00.945] [DEBUG   ] [bot.lobby]    Bajando scroll en contenedor interno...
[2026-05-05 07:54:05.631] [INFO    ] [bot.lobby]    Encontrados 31 tiles totales. Escaneando uno por uno...
[2026-05-05 07:54:35.815] [INFO    ] [bot.lobby] 
   ID                             | TÍTULO
[2026-05-05 07:54:35.816] [INFO    ] [bot.lobby]    ------------------------------------------------------------
[2026-05-05 07:54:35.816] [INFO    ] [bot.lobby]    gatesofolympus01-2244          | Gates of Olympus Roulette
[2026-05-05 07:54:35.816] [INFO    ] [bot.lobby]    crystalroul00001-2501          | Crystal Roulette
[2026-05-05 07:54:35.816] [INFO    ] [bot.lobby]    rw321stakerws321-236           | Stake Roulette
[2026-05-05 07:54:35.817] [INFO    ] [bot.lobby]    roulerw234rwl292-234           | Ruleta Latina
[2026-05-05 07:54:35.817] [INFO    ] [bot.lobby]    g03y1t9vvuhrfytl-227           | Roulette 1
[2026-05-05 07:54:35.817] [INFO    ] [bot.lobby]    1hl65ce1lxuqdrkr-204           | Mega Roulette
[2026-05-05 07:54:35.817] [INFO    ] [bot.lobby]    1hl323e1lxuqdrkr-210           | Auto Mega Roulette
[2026-05-05 07:54:35.818] [INFO    ] [bot.lobby]    fl9knouu0yjez2wi-203           | Speed Roulette 1
[2026-05-05 07:54:35.818] [INFO    ] [bot.lobby]    lucky6roulettea3-211a1         | Lucky 6 Roulette
[2026-05-05 07:54:35.818] [INFO    ] [bot.lobby]    powruprw1qm3xc25-240           | PowerUP Roulette
[2026-05-05 07:54:35.819] [INFO    ] [bot.lobby]    autorwra311autor-226           | Speed Auto Roulette
[2026-05-05 07:54:35.820] [INFO    ] [bot.lobby]    5bzl2835s5ruvweg-225           | Auto Roulette
[2026-05-05 07:54:35.821] [INFO    ] [bot.lobby]    megaroulette3k01-2901          | Mega Roulette 3000
[2026-05-05 07:54:35.821] [INFO    ] [bot.lobby]    chroma229rwltr22-230           | Roulette 3
[2026-05-05 07:54:35.821] [INFO    ] [bot.lobby]    rwbrzportrwa16rg-237           | Brazilian Roulette
[2026-05-05 07:54:35.822] [INFO    ] [bot.lobby]    yqpz3ichst2xg439-206           | Roulette Macao
[2026-05-05 07:54:35.822] [INFO    ] [bot.lobby]    5kvxlw4c1qm3xcyn-201           | Roulette 2 Extra Time
[2026-05-05 07:54:35.823] [INFO    ] [bot.lobby]    p8l1j84prrmxzyic-224           | Turkish Roulette
[2026-05-05 07:54:35.823] [INFO    ] [bot.lobby]    r20speedrtwo201s-205           | Speed Roulette 2
[2026-05-05 07:54:35.823] [INFO    ] [bot.lobby]    geogamingh2rw545-545           | VIP Roulette
[2026-05-05 07:54:35.823] [INFO    ] [bot.lobby]    mrbras531mrbr532-287           | Brazilian Mega Roulette
[2026-05-05 07:54:35.824] [INFO    ] [bot.lobby]    t4jzencinod6iqwi-221           | Russian Roulette
[2026-05-05 07:54:35.824] [INFO    ] [bot.lobby]    v1c52fgw7yy02upz-223           | Roulette Italia Tricolore
[2026-05-05 07:54:35.824] [INFO    ] [bot.lobby]    s2x6b4jdeqza2ge2-222           | German Roulette
[2026-05-05 07:54:35.824] [INFO    ] [bot.lobby]    romania233rwl291-233           | Romanian Roulette
[2026-05-05 07:54:35.825] [INFO    ] [bot.lobby]    ar25vipautorw251-266           | VIP Auto Roulette
[2026-05-05 07:54:35.825] [INFO    ] [bot.lobby]    megar0ul3tt3trk1-208           | Turkish Mega Roulette
[2026-05-05 07:54:35.825] [INFO    ] [bot.lobby]    dutchrw235rwl293-235           | Dutch Roulette
[2026-05-05 07:54:35.825] [INFO    ] [bot.lobby]    greekchr11genric-297           | Greek Roulette
[2026-05-05 07:54:35.826] [INFO    ] [bot.lobby]    privroudeluxgt01-28301         | Privé Lounge Roulette Deluxe
[2026-05-05 07:54:35.826] [INFO    ] [bot.lobby]    privroulettegt01-28201         | Privé Lounge Roulette
[2026-05-05 07:54:35.826] [INFO    ] [bot.lobby]    ------------------------------------------------------------
[2026-05-05 07:54:35.827] [INFO    ] [bot.lobby]    ✅ Ruleta Latina: ID confirmado (roulerw234rwl292-234)
[2026-05-05 07:54:35.827] [INFO    ] [bot.lobby]    ✅ Mega Roulette: ID confirmado (1hl65ce1lxuqdrkr-204)
[2026-05-05 07:54:35.827] [INFO    ] [bot.lobby]    ✅ Brazilian Roulette: ID confirmado (rwbrzportrwa16rg-237)
[2026-05-05 07:54:35.827] [INFO    ] [bot.lobby]    ✅ Roulette 1: ID confirmado (g03y1t9vvuhrfytl-227)
[2026-05-05 07:54:35.828] [INFO    ] [bot.lobby]    ✅ Roulette 3: ID confirmado (chroma229rwltr22-230)
[2026-05-05 07:54:35.828] [INFO    ] [bot.lobby]    ✅ Roulette Macao: ID confirmado (yqpz3ichst2xg439-206)
[2026-05-05 07:54:35.909] [INFO    ] [bot.lobby]    ✅ Roulette 2 Extra Time: ID confirmado (5kvxlw4c1qm3xcyn-201)
[2026-05-05 07:54:35.909] [INFO    ] [bot.lobby]    ✅ Brazilian Mega Roulette: ID confirmado (mrbras531mrbr532-287)
[2026-05-05 07:54:35.909] [INFO    ] [bot.lobby]    ✅ Lucky 6 Roulette: ID confirmado (lucky6roulettea3-211a1)
[2026-05-05 07:54:35.909] [INFO    ] [bot.lobby]    ✅ Auto Roulette: ID confirmado (5bzl2835s5ruvweg-225)
[2026-05-05 07:54:35.909] [INFO    ] [bot.lobby]    ✅ Stake Roulette: ID confirmado (rw321stakerws321-236)
[2026-05-05 07:54:35.909] [WARNING ] [bot.lobby]    ⚠️  CAMBIO DE ID para 'Turkish Roulette':
[2026-05-05 07:54:35.909] [WARNING ] [bot.lobby]        Antiguo: p81lj84prrmxzyic-224
[2026-05-05 07:54:35.910] [WARNING ] [bot.lobby]        Nuevo:   p8l1j84prrmxzyic-224
[2026-05-05 07:54:35.910] [INFO    ] [bot.lobby]    ✅ German Roulette: ID confirmado (s2x6b4jdeqza2ge2-222)
[2026-05-05 07:54:35.910] [WARNING ] [bot.lobby]    ⚠️  CAMBIO DE ID para 'Romanian Roulette':
[2026-05-05 07:54:35.910] [WARNING ] [bot.lobby]        Antiguo: romania233rw1291-233
[2026-05-05 07:54:35.910] [WARNING ] [bot.lobby]        Nuevo:   romania233rwl291-233
[2026-05-05 07:54:35.910] [INFO    ] [bot.lobby]    ✅ Roulette Italia Tricolore: ID confirmado (v1c52fgw7yy02upz-223)
[2026-05-05 07:54:35.910] [INFO    ] [bot.lobby]    ✅ Russian Roulette: ID confirmado (t4jzencinod6iqwi-221)
[2026-05-05 07:54:35.910] [WARNING ] [bot.lobby]    ⚠️  CAMBIO DE ID para 'Dutch Roulette':
[2026-05-05 07:54:35.911] [WARNING ] [bot.lobby]        Antiguo: dutchrw235rw1293-235
[2026-05-05 07:54:35.911] [WARNING ] [bot.lobby]        Nuevo:   dutchrw235rwl293-235
[2026-05-05 07:54:35.911] [INFO    ] [bot.lobby] 
✅ Mapeo completado. 17/17 mesas emparejadas.
[2026-05-05 07:54:36.054] [DEBUG   ] [bot.scanner] 🔊 Audio keep-alive activado
[2026-05-05 07:54:36.055] [INFO    ] [bot.scanner] 📡 Comienza escaneo continuo...
[2026-05-05 07:54:36.626] [WARNING ] [bot.scanner] ⚠️ Ruleta Latina: CADENA ROTA - sin empalme de 4+ números. Reinicio de sesión.
[2026-05-05 07:54:36.626] [INFO    ] [bot.scanner] 🔥 Ruleta Latina: Nuevos -> [-1, 16, 0, 31, 7, 21, 19, 34, 3, 26, 32, 33, 31, 35, 2, 19, 28, 18, 18, 28, 35]
[2026-05-05 07:54:36.860] [DEBUG   ] [bot.scanner] TG check: Ruleta Latina Delays={'docena_1': 6, 'docena_2': 2, 'docena_3': 0, 'columna_1': 1, 'columna_2': 0, 'columna_3': 2}
[2026-05-05 07:54:37.414] [WARNING ] [bot.scanner] ⚠️ Mega Roulette: CADENA ROTA - sin empalme de 4+ números. Reinicio de sesión.
[2026-05-05 07:54:37.414] [INFO    ] [bot.scanner] 🔥 Mega Roulette: Nuevos -> [-1, 24, 16, 17, 35, 33, 20, 31, 15, 30, 11, 3, 7, 30, 6, 15, 11, 5, 3, 17, 12]
[2026-05-05 07:54:37.756] [DEBUG   ] [bot.scanner] TG check: Mega Roulette Delays={'docena_1': 0, 'docena_2': 1, 'docena_3': 7, 'columna_1': 8, 'columna_2': 1, 'columna_3': 0}
[2026-05-05 07:54:38.329] [WARNING ] [bot.scanner] ⚠️ Brazilian Roulette: CADENA ROTA - sin empalme de 4+ números. Reinicio de sesión.
[2026-05-05 07:54:38.330] [INFO    ] [bot.scanner] 🔥 Brazilian Roulette: Nuevos -> [-1, 13, 1, 23, 22, 14, 2, 6, 3, 26, 31, 25, 23, 6, 26, 1, 0, 20, 32, 3, 1]
[2026-05-05 07:54:38.617] [DEBUG   ] [bot.scanner] TG check: Brazilian Roulette Delays={'docena_1': 0, 'docena_2': 3, 'docena_3': 2, 'columna_1': 0, 'columna_2': 2, 'columna_3': 1}
[2026-05-05 07:54:39.177] [WARNING ] [bot.scanner] ⚠️ Roulette 1: CADENA ROTA - sin empalme de 4+ números. Reinicio de sesión.
[2026-05-05 07:54:39.177] [INFO    ] [bot.scanner] 🔥 Roulette 1: Nuevos -> [-1, 33, 20, 9, 17, 31, 10, 26, 12, 1, 21, 24, 33, 5, 25, 19, 32, 32, 29, 20, 10]
[2026-05-05 07:54:39.510] [DEBUG   ] [bot.scanner] TG check: Roulette 1 Delays={'docena_1': 0, 'docena_2': 1, 'docena_3': 2, 'columna_1': 0, 'columna_2': 1, 'columna_3': 8}
[2026-05-05 07:54:40.073] [WARNING ] [bot.scanner] ⚠️ Roulette 3: CADENA ROTA - sin empalme de 4+ números. Reinicio de sesión.
[2026-05-05 07:54:40.074] [INFO    ] [bot.scanner] 🔥 Roulette 3: Nuevos -> [-1, 1, 5, 6, 29, 20, 22, 20, 9, 35, 31, 29, 33, 14, 22, 27, 26, 36, 25, 18, 35]
[2026-05-05 07:54:42.937] [DEBUG   ] [bot.scanner] TG check: Roulette 3 Delays={'docena_1': 12, 'docena_2': 1, 'docena_3': 0, 'columna_1': 2, 'columna_2': 0, 'columna_3': 1}
[2026-05-05 07:54:43.534] [WARNING ] [bot.scanner] ⚠️ Roulette Macao: CADENA ROTA - sin empalme de 4+ números. Reinicio de sesión.
[2026-05-05 07:54:43.537] [INFO    ] [bot.scanner] 🔥 Roulette Macao: Nuevos -> [-1, 20, 0, 20, 20, 36, 6, 7, 14, 27, 33, 2, 2, 12, 4, 25, 32, 5, 4, 14, 34]
[2026-05-05 07:54:43.874] [DEBUG   ] [bot.scanner] TG check: Roulette Macao Delays={'docena_1': 2, 'docena_2': 1, 'docena_3': 0, 'columna_1': 0, 'columna_2': 1, 'columna_3': 7}
[2026-05-05 07:54:44.445] [WARNING ] [bot.scanner] ⚠️ Roulette 2 Extra Time: CADENA ROTA - sin empalme de 4+ números. Reinicio de sesión.
[2026-05-05 07:54:44.446] [INFO    ] [bot.scanner] 🔥 Roulette 2 Extra Time: Nuevos -> [-1, 34, 5, 25, 22, 11, 13, 16, 23, 13, 18, 35, 1, 26, 2, 16, 20, 27, 28, 8, 17]
[2026-05-05 07:54:44.795] [DEBUG   ] [bot.scanner] TG check: Roulette 2 Extra Time Delays={'docena_1': 1, 'docena_2': 0, 'docena_3': 2, 'columna_1': 2, 'columna_2': 0, 'columna_3': 3}
[2026-05-05 07:54:45.394] [WARNING ] [bot.scanner] ⚠️ Brazilian Mega Roulette: CADENA ROTA - sin empalme de 4+ números. Reinicio de sesión.
[2026-05-05 07:54:45.395] [INFO    ] [bot.scanner] 🔥 Brazilian Mega Roulette: Nuevos -> [-1, 2, 36, 18, 32, 25, 26, 18, 28, 33, 0, 35, 20, 5, 0, 21, 6, 9, 24, 10, 29]
[2026-05-05 07:54:45.803] [DEBUG   ] [bot.scanner] TG check: Brazilian Mega Roulette Delays={'docena_1': 1, 'docena_2': 2, 'docena_3': 0, 'columna_1': 1, 'columna_2': 0, 'columna_3': 2}
[2026-05-05 07:54:46.378] [WARNING ] [bot.scanner] ⚠️ Lucky 6 Roulette: CADENA ROTA - sin empalme de 4+ números. Reinicio de sesión.
[2026-05-05 07:54:46.378] [INFO    ] [bot.scanner] 🔥 Lucky 6 Roulette: Nuevos -> [-1, 6, 25, 14, 33, 19, 17, 1, 27, 27, 32, 9, 2, 9, 3, 17, 25, 30, 17, 11, 30]
[2026-05-05 07:54:46.685] [DEBUG   ] [bot.scanner] TG check: Lucky 6 Roulette Delays={'docena_1': 1, 'docena_2': 2, 'docena_3': 0, 'columna_1': 4, 'columna_2': 1, 'columna_3': 0}
[2026-05-05 07:54:47.284] [WARNING ] [bot.scanner] ⚠️ Auto Roulette: CADENA ROTA - sin empalme de 4+ números. Reinicio de sesión.
[2026-05-05 07:54:47.285] [INFO    ] [bot.scanner] 🔥 Auto Roulette: Nuevos -> [-1, 5, 33, 7, 25, 34, 15, 35, 5, 13, 11, 15, 31, 17, 36, 8, 23, 10, 20, 6, 13]
[2026-05-05 07:54:47.620] [DEBUG   ] [bot.scanner] TG check: Auto Roulette Delays={'docena_1': 1, 'docena_2': 0, 'docena_3': 6, 'columna_1': 0, 'columna_2': 2, 'columna_3': 1}
[2026-05-05 07:54:48.173] [WARNING ] [bot.scanner] ⚠️ Stake Roulette: CADENA ROTA - sin empalme de 4+ números. Reinicio de sesión.
[2026-05-05 07:54:48.173] [INFO    ] [bot.scanner] 🔥 Stake Roulette: Nuevos -> [-1, 34, 9, 4, 9, 9, 34, 17, 36, 9, 15, 14, 10, 24, 15, 13, 4, 1, 13, 34, 18, 33]
[2026-05-05 07:54:50.088] [DEBUG   ] [bot.scanner] TG check: Stake Roulette Delays={'docena_1': 4, 'docena_2': 1, 'docena_3': 0, 'columna_1': 2, 'columna_2': 10, 'columna_3': 0}
[2026-05-05 07:55:10.508] [INFO    ] [bot.diagnostics] ============================================================
[2026-05-05 07:55:10.509] [INFO    ] [bot.diagnostics]   🔍 DIAGNÓSTICO DE ENTORNO
[2026-05-05 07:55:10.509] [INFO    ] [bot.diagnostics]   Fecha: 2026-05-05 07:55:08
[2026-05-05 07:55:10.509] [INFO    ] [bot.diagnostics] ============================================================
[2026-05-05 07:55:10.509] [INFO    ] [bot.diagnostics]   OS:                    Windows 11 (10.0.26200)
[2026-05-05 07:55:10.509] [INFO    ] [bot.diagnostics]   Python:                3.14.0 (D:\GITHUBB\bot_stake\venv\Scripts\python.exe)
[2026-05-05 07:55:10.510] [INFO    ] [bot.diagnostics]   Chrome:                147.0.7727.138
[2026-05-05 07:55:10.510] [INFO    ] [bot.diagnostics]   RAM:                   psutil no instalado (instalar para más info)
[2026-05-05 07:55:10.511] [INFO    ] [bot.diagnostics]   Disco Libre:           37.8 GB de 133.3 GB
[2026-05-05 07:55:10.511] [INFO    ] [bot.diagnostics]   .env:                  ✅ Encontrado
[2026-05-05 07:55:10.511] [INFO    ] [bot.diagnostics]     Email:               jva***@gmail.com
[2026-05-05 07:55:10.511] [INFO    ] [bot.diagnostics]     Password:            ✅ Presente
[2026-05-05 07:55:10.511] [INFO    ] [bot.diagnostics]     TG Token:            ✅ Presente
[2026-05-05 07:55:10.512] [INFO    ] [bot.diagnostics]     TG Chat ID:          ✅ Presente
[2026-05-05 07:55:10.512] [INFO    ] [bot.diagnostics]     Threshold:           10
[2026-05-05 07:55:10.512] [INFO    ] [bot.diagnostics]     Headless:            True
[2026-05-05 07:55:10.512] [INFO    ] [bot.diagnostics]   Permisos data/:        ✅ Escritura OK
[2026-05-05 07:55:10.512] [INFO    ] [bot.diagnostics]   Permisos logs/:        ✅ Escritura OK
[2026-05-05 07:55:10.513] [INFO    ] [bot.diagnostics]   Red (stake.com.co):    ❌ NO ACCESIBLE: HTTP Error 403: Forbidden
[2026-05-05 07:55:10.513] [INFO    ] [bot.diagnostics]   UC Driver:             ✅ v3.5.5
[2026-05-05 07:55:10.513] [INFO    ] [bot.diagnostics]   Selenium:              ✅ v4.41.0
[2026-05-05 07:55:10.513] [INFO    ] [bot.diagnostics] ============================================================
[2026-05-05 07:55:13.542] [INFO    ] [bot.launcher] 🌐 Iniciando túnel Cloudflare...
[2026-05-05 07:55:15.784] [INFO    ] [bot.run] ============================================================
[2026-05-05 07:55:15.784] [INFO    ] [bot.run] 🚀 Bot de Ruleta iniciando...
[2026-05-05 07:55:15.785] [INFO    ] [bot.run] ============================================================
[2026-05-05 07:55:18.023] [INFO    ] [bot.diagnostics] ============================================================
[2026-05-05 07:55:18.024] [INFO    ] [bot.diagnostics]   🔍 DIAGNÓSTICO DE ENTORNO
[2026-05-05 07:55:18.024] [INFO    ] [bot.diagnostics]   Fecha: 2026-05-05 07:55:15
[2026-05-05 07:55:18.024] [INFO    ] [bot.diagnostics] ============================================================
[2026-05-05 07:55:18.024] [INFO    ] [bot.diagnostics]   OS:                    Windows 11 (10.0.26200)
[2026-05-05 07:55:18.024] [INFO    ] [bot.diagnostics]   Python:                3.14.0 (D:\GITHUBB\bot_stake\venv\Scripts\python.exe)
[2026-05-05 07:55:18.024] [INFO    ] [bot.diagnostics]   Chrome:                147.0.7727.138
[2026-05-05 07:55:18.024] [INFO    ] [bot.diagnostics]   RAM:                   psutil no instalado (instalar para más info)
[2026-05-05 07:55:18.025] [INFO    ] [bot.diagnostics]   Disco Libre:           37.8 GB de 133.3 GB
[2026-05-05 07:55:18.025] [INFO    ] [bot.diagnostics]   .env:                  ✅ Encontrado
[2026-05-05 07:55:18.025] [INFO    ] [bot.diagnostics]     Email:               jva***@gmail.com
[2026-05-05 07:55:18.025] [INFO    ] [bot.diagnostics]     Password:            ✅ Presente
[2026-05-05 07:55:18.025] [INFO    ] [bot.diagnostics]     TG Token:            ✅ Presente
[2026-05-05 07:55:18.025] [INFO    ] [bot.diagnostics]     TG Chat ID:          ✅ Presente
[2026-05-05 07:55:18.025] [INFO    ] [bot.diagnostics]     Threshold:           10
[2026-05-05 07:55:18.025] [INFO    ] [bot.diagnostics]     Headless:            True
[2026-05-05 07:55:18.025] [INFO    ] [bot.diagnostics]   Permisos data/:        ✅ Escritura OK
[2026-05-05 07:55:18.026] [INFO    ] [bot.diagnostics]   Permisos logs/:        ✅ Escritura OK
[2026-05-05 07:55:18.026] [INFO    ] [bot.diagnostics]   Red (stake.com.co):    ❌ NO ACCESIBLE: HTTP Error 403: Forbidden
[2026-05-05 07:55:18.026] [INFO    ] [bot.diagnostics]   UC Driver:             ✅ v3.5.5
[2026-05-05 07:55:18.026] [INFO    ] [bot.diagnostics]   Selenium:              ✅ v4.41.0
[2026-05-05 07:55:18.026] [INFO    ] [bot.diagnostics] ============================================================
[2026-05-05 07:55:18.056] [INFO    ] [bot.scanner] ============================================================
[2026-05-05 07:55:18.056] [INFO    ] [bot.scanner] 🔧 Ejecutando diagnóstico de entorno...
[2026-05-05 07:55:18.344] [INFO    ] [bot.diagnostics] ============================================================
[2026-05-05 07:55:18.345] [INFO    ] [bot.diagnostics]   🔍 DIAGNÓSTICO DE ENTORNO
[2026-05-05 07:55:18.345] [INFO    ] [bot.diagnostics]   Fecha: 2026-05-05 07:55:18
[2026-05-05 07:55:18.345] [INFO    ] [bot.diagnostics] ============================================================
[2026-05-05 07:55:18.345] [INFO    ] [bot.diagnostics]   OS:                    Windows 11 (10.0.26200)
[2026-05-05 07:55:18.345] [INFO    ] [bot.diagnostics]   Python:                3.14.0 (D:\GITHUBB\bot_stake\venv\Scripts\python.exe)
[2026-05-05 07:55:18.345] [INFO    ] [bot.diagnostics]   Chrome:                147.0.7727.138
[2026-05-05 07:55:18.345] [INFO    ] [bot.diagnostics]   RAM:                   psutil no instalado (instalar para más info)
[2026-05-05 07:55:18.345] [INFO    ] [bot.diagnostics]   Disco Libre:           37.8 GB de 133.3 GB
[2026-05-05 07:55:18.346] [INFO    ] [bot.diagnostics]   .env:                  ✅ Encontrado
[2026-05-05 07:55:18.346] [INFO    ] [bot.diagnostics]     Email:               jva***@gmail.com
[2026-05-05 07:55:18.346] [INFO    ] [bot.diagnostics]     Password:            ✅ Presente
[2026-05-05 07:55:18.346] [INFO    ] [bot.diagnostics]     TG Token:            ✅ Presente
[2026-05-05 07:55:18.346] [INFO    ] [bot.diagnostics]     TG Chat ID:          ✅ Presente
[2026-05-05 07:55:18.346] [INFO    ] [bot.diagnostics]     Threshold:           10
[2026-05-05 07:55:18.346] [INFO    ] [bot.diagnostics]     Headless:            True
[2026-05-05 07:55:18.346] [INFO    ] [bot.diagnostics]   Permisos data/:        ✅ Escritura OK
[2026-05-05 07:55:18.347] [INFO    ] [bot.diagnostics]   Permisos logs/:        ✅ Escritura OK
[2026-05-05 07:55:18.347] [INFO    ] [bot.diagnostics]   Red (stake.com.co):    ❌ NO ACCESIBLE: HTTP Error 403: Forbidden
[2026-05-05 07:55:18.347] [INFO    ] [bot.diagnostics]   UC Driver:             ✅ v3.5.5
[2026-05-05 07:55:18.347] [INFO    ] [bot.diagnostics]   Selenium:              ✅ v4.41.0
[2026-05-05 07:55:18.347] [INFO    ] [bot.diagnostics] ============================================================
[2026-05-05 07:55:18.347] [INFO    ] [bot.scanner] ============================================================
[2026-05-05 07:55:18.347] [INFO    ] [bot.scanner] 🤖 Bot Supervisor Iniciado - Headless: True
[2026-05-05 07:55:18.347] [INFO    ] [bot.scanner] 🔄 Iniciando sesión #1...
[2026-05-05 07:55:18.347] [INFO    ] [bot.scanner] 🚀 Iniciando nueva sesión del bot...
[2026-05-05 07:55:18.347] [INFO    ] [bot.driver] ⚙️ Configurando WebDriver (headless=True)...
[2026-05-05 07:55:18.348] [INFO    ] [bot.driver] 👻 Modo Headless (ventana fuera de pantalla)...
[2026-05-05 07:55:18.348] [INFO    ] [bot.driver] 🚀 Iniciando Chrome con undetected_chromedriver...
[2026-05-05 07:55:18.353] [INFO    ] [bot.driver] 🌐 Chrome detectado: v147.0.7727.138
[2026-05-05 07:55:18.353] [INFO    ] [bot.driver]    Usando version_main=147
[2026-05-05 07:55:21.022] [INFO    ] [bot.launcher] 🌐 Túnel activo: https://reproduced-notebook-moon-surveillance.trycloudflare.com
[2026-05-05 07:55:26.434] [INFO    ] [bot.driver] 🛡️ Parches Anti-Detección Avanzados (CDP) aplicados.
[2026-05-05 07:55:26.434] [INFO    ] [bot.driver] ✅ Chrome iniciado correctamente
[2026-05-05 07:55:28.463] [INFO    ] [bot.driver] 🛡️ Chrome oculto de la barra de tareas y movido fuera de pantalla
[2026-05-05 07:55:28.502] [INFO    ] [bot.driver] 🛡️ Watchdog anti-minimización activo
[2026-05-05 07:55:28.503] [INFO    ] [bot.driver] 🔗 Navegando a Stake...
[2026-05-05 07:55:39.448] [INFO    ] [bot.driver] 🧹 Limpiando cookies y almacenamiento local...
[2026-05-05 07:55:39.646] [INFO    ] [bot.driver] 🔑 Iniciando sesión...
[2026-05-05 07:55:39.918] [DEBUG   ] [bot.driver]    Botón 'Iniciar sesión' clickeado
[2026-05-05 07:55:44.768] [DEBUG   ] [bot.driver]    Email ingresado
[2026-05-05 07:55:47.140] [DEBUG   ] [bot.driver]    Password ingresado
[2026-05-05 07:55:47.280] [INFO    ] [bot.driver] ✅ Login enviado. Esperando confirmación de inicio de sesión...
[2026-05-05 07:55:49.061] [INFO    ] [bot.driver] 🎉 Login exitoso confirmado!
[2026-05-05 07:55:52.062] [INFO    ] [bot.lobby] 🔄 Navegando al Lobby... (from_anti_afk=False)
[2026-05-05 07:56:01.426] [INFO    ] [bot.lobby]    👉 Click en 'Juego real' ...
[2026-05-05 07:56:01.458] [INFO    ] [bot.lobby]    ⏳ Esperando recarga del iframe tras 'Juego real'...
[2026-05-05 07:56:13.490] [DEBUG   ] [bot.iframe]    ⏳ Esperando iframe principal (max 15s)...
[2026-05-05 07:56:13.750] [INFO    ] [bot.iframe]    ✅ Cambio a iframe #0 (class='game')
[2026-05-05 07:56:13.750] [DEBUG   ] [bot.iframe]    ⏳ Esperando iframe anidado o elementos del juego (max 15s)...
[2026-05-05 07:56:13.822] [INFO    ] [bot.iframe]    ✅ Elementos del juego encontrados en el iframe principal. No requiere anidado.
[2026-05-05 07:56:13.822] [INFO    ] [bot.lobby] ✅ Contexto cambiado al iframe del juego.
[2026-05-05 07:56:13.823] [INFO    ] [bot.lobby]    ⏳ Esperando a que el lobby termine de cargar...
[2026-05-05 07:56:16.937] [INFO    ] [bot.lobby]    ✅ Lobby cargado! 31 tiles encontrados (3s)
[2026-05-05 07:56:16.937] [INFO    ] [bot.iframe] 🛡️ Verificando modales bloquantes...
[2026-05-05 07:56:18.071] [INFO    ] [bot.scanner] 👀 MODO ESPÍA ACTIVADO: Escaneando miniaturas...
[2026-05-05 07:56:18.075] [DEBUG   ] [bot.iframe]    ⏳ Esperando iframe principal (max 15s)...
[2026-05-05 07:56:18.142] [INFO    ] [bot.iframe]    ✅ Cambio a iframe #0 (class='game')
[2026-05-05 07:56:18.142] [DEBUG   ] [bot.iframe]    ⏳ Esperando iframe anidado o elementos del juego (max 15s)...
[2026-05-05 07:56:18.165] [INFO    ] [bot.iframe]    ✅ Elementos del juego encontrados en el iframe principal. No requiere anidado.
[2026-05-05 07:56:20.165] [INFO    ] [bot.lobby] 🗺️  Escaneando IDs de mesas dinámicamente (modo robusto)...
[2026-05-05 07:56:20.178] [DEBUG   ] [bot.iframe]    ⏳ Esperando iframe principal (max 15s)...
[2026-05-05 07:56:20.377] [INFO    ] [bot.iframe]    ✅ Cambio a iframe #0 (class='game')
[2026-05-05 07:56:20.378] [DEBUG   ] [bot.iframe]    ⏳ Esperando iframe anidado o elementos del juego (max 15s)...
[2026-05-05 07:56:20.426] [INFO    ] [bot.iframe]    ✅ Elementos del juego encontrados en el iframe principal. No requiere anidado.
[2026-05-05 07:56:20.427] [DEBUG   ] [bot.lobby]    Bajando scroll en contenedor interno...
[2026-05-05 07:56:25.130] [INFO    ] [bot.lobby]    Encontrados 31 tiles totales. Escaneando uno por uno...
[2026-05-05 07:56:54.732] [INFO    ] [bot.lobby] 
   ID                             | TÍTULO
[2026-05-05 07:56:54.732] [INFO    ] [bot.lobby]    ------------------------------------------------------------
[2026-05-05 07:56:54.732] [INFO    ] [bot.lobby]    gatesofolympus01-2244          | Gates of Olympus Roulette
[2026-05-05 07:56:54.732] [INFO    ] [bot.lobby]    crystalroul00001-2501          | Crystal Roulette
[2026-05-05 07:56:54.732] [INFO    ] [bot.lobby]    rw321stakerws321-236           | Stake Roulette
[2026-05-05 07:56:54.732] [INFO    ] [bot.lobby]    roulerw234rwl292-234           | Ruleta Latina
[2026-05-05 07:56:54.732] [INFO    ] [bot.lobby]    g03y1t9vvuhrfytl-227           | Roulette 1
[2026-05-05 07:56:54.733] [INFO    ] [bot.lobby]    1hl65ce1lxuqdrkr-204           | Mega Roulette
[2026-05-05 07:56:54.733] [INFO    ] [bot.lobby]    1hl323e1lxuqdrkr-210           | Auto Mega Roulette
[2026-05-05 07:56:54.733] [INFO    ] [bot.lobby]    fl9knouu0yjez2wi-203           | Speed Roulette 1
[2026-05-05 07:56:54.733] [INFO    ] [bot.lobby]    lucky6roulettea3-211a1         | Lucky 6 Roulette
[2026-05-05 07:56:54.733] [INFO    ] [bot.lobby]    powruprw1qm3xc25-240           | PowerUP Roulette
[2026-05-05 07:56:54.733] [INFO    ] [bot.lobby]    autorwra311autor-226           | Speed Auto Roulette
[2026-05-05 07:56:54.733] [INFO    ] [bot.lobby]    5bzl2835s5ruvweg-225           | Auto Roulette
[2026-05-05 07:56:54.733] [INFO    ] [bot.lobby]    megaroulette3k01-2901          | Mega Roulette 3000
[2026-05-05 07:56:54.733] [INFO    ] [bot.lobby]    chroma229rwltr22-230           | Roulette 3
[2026-05-05 07:56:54.734] [INFO    ] [bot.lobby]    rwbrzportrwa16rg-237           | Brazilian Roulette
[2026-05-05 07:56:54.734] [INFO    ] [bot.lobby]    yqpz3ichst2xg439-206           | Roulette Macao
[2026-05-05 07:56:54.734] [INFO    ] [bot.lobby]    5kvxlw4c1qm3xcyn-201           | Roulette 2 Extra Time
[2026-05-05 07:56:54.734] [INFO    ] [bot.lobby]    p8l1j84prrmxzyic-224           | Turkish Roulette
[2026-05-05 07:56:54.734] [INFO    ] [bot.lobby]    r20speedrtwo201s-205           | Speed Roulette 2
[2026-05-05 07:56:54.734] [INFO    ] [bot.lobby]    geogamingh2rw545-545           | VIP Roulette
[2026-05-05 07:56:54.734] [INFO    ] [bot.lobby]    mrbras531mrbr532-287           | Brazilian Mega Roulette
[2026-05-05 07:56:54.734] [INFO    ] [bot.lobby]    t4jzencinod6iqwi-221           | Russian Roulette
[2026-05-05 07:56:54.734] [INFO    ] [bot.lobby]    v1c52fgw7yy02upz-223           | Roulette Italia Tricolore
[2026-05-05 07:56:54.735] [INFO    ] [bot.lobby]    s2x6b4jdeqza2ge2-222           | German Roulette
[2026-05-05 07:56:54.735] [INFO    ] [bot.lobby]    romania233rwl291-233           | Romanian Roulette
[2026-05-05 07:56:54.735] [INFO    ] [bot.lobby]    ar25vipautorw251-266           | VIP Auto Roulette
[2026-05-05 07:56:54.736] [INFO    ] [bot.lobby]    megar0ul3tt3trk1-208           | Turkish Mega Roulette
[2026-05-05 07:56:54.736] [INFO    ] [bot.lobby]    dutchrw235rwl293-235           | Dutch Roulette
[2026-05-05 07:56:54.736] [INFO    ] [bot.lobby]    greekchr11genric-297           | Greek Roulette
[2026-05-05 07:56:54.736] [INFO    ] [bot.lobby]    privroudeluxgt01-28301         | Privé Lounge Roulette Deluxe
[2026-05-05 07:56:54.736] [INFO    ] [bot.lobby]    privroulettegt01-28201         | Privé Lounge Roulette
[2026-05-05 07:56:54.737] [INFO    ] [bot.lobby]    ------------------------------------------------------------
[2026-05-05 07:56:54.737] [INFO    ] [bot.lobby]    ✅ Ruleta Latina: ID confirmado (roulerw234rwl292-234)
[2026-05-05 07:56:54.737] [INFO    ] [bot.lobby]    ✅ Mega Roulette: ID confirmado (1hl65ce1lxuqdrkr-204)
[2026-05-05 07:56:54.737] [INFO    ] [bot.lobby]    ✅ Brazilian Roulette: ID confirmado (rwbrzportrwa16rg-237)
[2026-05-05 07:56:54.737] [INFO    ] [bot.lobby]    ✅ Roulette 1: ID confirmado (g03y1t9vvuhrfytl-227)
[2026-05-05 07:56:54.737] [INFO    ] [bot.lobby]    ✅ Roulette 3: ID confirmado (chroma229rwltr22-230)
[2026-05-05 07:56:54.737] [INFO    ] [bot.lobby]    ✅ Roulette Macao: ID confirmado (yqpz3ichst2xg439-206)
[2026-05-05 07:56:54.799] [INFO    ] [bot.lobby]    ✅ Roulette 2 Extra Time: ID confirmado (5kvxlw4c1qm3xcyn-201)
[2026-05-05 07:56:54.799] [INFO    ] [bot.lobby]    ✅ Brazilian Mega Roulette: ID confirmado (mrbras531mrbr532-287)
[2026-05-05 07:56:54.799] [INFO    ] [bot.lobby]    ✅ Lucky 6 Roulette: ID confirmado (lucky6roulettea3-211a1)
[2026-05-05 07:56:54.799] [INFO    ] [bot.lobby]    ✅ Auto Roulette: ID confirmado (5bzl2835s5ruvweg-225)
[2026-05-05 07:56:54.799] [INFO    ] [bot.lobby]    ✅ Stake Roulette: ID confirmado (rw321stakerws321-236)
[2026-05-05 07:56:54.800] [WARNING ] [bot.lobby]    ⚠️  CAMBIO DE ID para 'Turkish Roulette':
[2026-05-05 07:56:54.800] [WARNING ] [bot.lobby]        Antiguo: p81lj84prrmxzyic-224
[2026-05-05 07:56:54.800] [WARNING ] [bot.lobby]        Nuevo:   p8l1j84prrmxzyic-224
[2026-05-05 07:56:54.800] [INFO    ] [bot.lobby]    ✅ German Roulette: ID confirmado (s2x6b4jdeqza2ge2-222)
[2026-05-05 07:56:54.800] [WARNING ] [bot.lobby]    ⚠️  CAMBIO DE ID para 'Romanian Roulette':
[2026-05-05 07:56:54.800] [WARNING ] [bot.lobby]        Antiguo: romania233rw1291-233
[2026-05-05 07:56:54.800] [WARNING ] [bot.lobby]        Nuevo:   romania233rwl291-233
[2026-05-05 07:56:54.800] [INFO    ] [bot.lobby]    ✅ Roulette Italia Tricolore: ID confirmado (v1c52fgw7yy02upz-223)
[2026-05-05 07:56:54.800] [INFO    ] [bot.lobby]    ✅ Russian Roulette: ID confirmado (t4jzencinod6iqwi-221)
[2026-05-05 07:56:54.801] [WARNING ] [bot.lobby]    ⚠️  CAMBIO DE ID para 'Dutch Roulette':
[2026-05-05 07:56:54.801] [WARNING ] [bot.lobby]        Antiguo: dutchrw235rw1293-235
[2026-05-05 07:56:54.801] [WARNING ] [bot.lobby]        Nuevo:   dutchrw235rwl293-235
[2026-05-05 07:56:54.801] [INFO    ] [bot.lobby] 
✅ Mapeo completado. 17/17 mesas emparejadas.
[2026-05-05 07:56:54.977] [DEBUG   ] [bot.scanner] 🔊 Audio keep-alive activado
[2026-05-05 07:56:54.977] [INFO    ] [bot.scanner] 📡 Comienza escaneo continuo...
[2026-05-05 07:56:55.558] [INFO    ] [bot.scanner] 🔥 Ruleta Latina: Nuevos -> [26, 36, 32]
[2026-05-05 07:56:55.603] [DEBUG   ] [bot.scanner] TG check: Ruleta Latina Delays={'docena_1': 9, 'docena_2': 5, 'docena_3': 0, 'columna_1': 4, 'columna_2': 0, 'columna_3': 1}
[2026-05-05 07:56:56.159] [INFO    ] [bot.scanner] 🔥 Mega Roulette: Nuevos -> [31, 32, 9]
[2026-05-05 07:56:56.194] [DEBUG   ] [bot.scanner] TG check: Mega Roulette Delays={'docena_1': 0, 'docena_2': 4, 'docena_3': 1, 'columna_1': 2, 'columna_2': 1, 'columna_3': 0}
[2026-05-05 07:56:56.729] [INFO    ] [bot.scanner] 🔥 Brazilian Roulette: Nuevos -> [28, 12, 21, 27]
[2026-05-05 07:56:56.780] [DEBUG   ] [bot.scanner] TG check: Brazilian Roulette Delays={'docena_1': 2, 'docena_2': 1, 'docena_3': 0, 'columna_1': 3, 'columna_2': 6, 'columna_3': 0}
[2026-05-05 07:56:57.346] [INFO    ] [bot.scanner] 🔥 Roulette 1: Nuevos -> [9, 31, 1, 2]
[2026-05-05 07:56:57.402] [DEBUG   ] [bot.scanner] TG check: Roulette 1 Delays={'docena_1': 0, 'docena_2': 5, 'docena_3': 2, 'columna_1': 1, 'columna_2': 0, 'columna_3': 3}
[2026-05-05 07:56:58.000] [INFO    ] [bot.scanner] 🔥 Roulette 3: Nuevos -> [31, 29, 16]
[2026-05-05 07:57:00.034] [DEBUG   ] [bot.scanner] TG check: Roulette 3 Delays={'docena_1': 15, 'docena_2': 0, 'docena_3': 1, 'columna_1': 0, 'columna_2': 1, 'columna_3': 4}
[2026-05-05 07:57:00.676] [INFO    ] [bot.scanner] 🔥 Roulette Macao: Nuevos -> [19, 29, 0, 24]
[2026-05-05 07:57:00.747] [DEBUG   ] [bot.scanner] TG check: Roulette Macao Delays={'docena_1': 6, 'docena_2': 0, 'docena_3': 2, 'columna_1': 3, 'columna_2': 2, 'columna_3': 0}
[2026-05-05 07:57:01.284] [INFO    ] [bot.scanner] 🔥 Roulette 2 Extra Time: Nuevos -> [5, 32, 13, 2]
[2026-05-05 07:57:01.340] [DEBUG   ] [bot.scanner] TG check: Roulette 2 Extra Time Delays={'docena_1': 0, 'docena_2': 1, 'docena_3': 2, 'columna_1': 1, 'columna_2': 0, 'columna_3': 7}
[2026-05-05 07:57:01.893] [INFO    ] [bot.scanner] 🔥 Brazilian Mega Roulette: Nuevos -> [6, 35, 36]
[2026-05-05 07:57:01.941] [DEBUG   ] [bot.scanner] TG check: Brazilian Mega Roulette Delays={'docena_1': 2, 'docena_2': 5, 'docena_3': 0, 'columna_1': 4, 'columna_2': 1, 'columna_3': 0}
[2026-05-05 07:57:02.491] [INFO    ] [bot.scanner] 🔥 Lucky 6 Roulette: Nuevos -> [14, 12, 36]
[2026-05-05 07:57:02.570] [DEBUG   ] [bot.scanner] TG check: Lucky 6 Roulette Delays={'docena_1': 1, 'docena_2': 2, 'docena_3': 0, 'columna_1': 7, 'columna_2': 2, 'columna_3': 0}
[2026-05-05 07:57:03.208] [INFO    ] [bot.scanner] 🔥 Auto Roulette: Nuevos -> [19, 11, 32, 31]
[2026-05-05 07:57:03.266] [DEBUG   ] [bot.scanner] TG check: Auto Roulette Delays={'docena_1': 2, 'docena_2': 3, 'docena_3': 0, 'columna_1': 0, 'columna_2': 1, 'columna_3': 5}
[2026-05-05 07:57:03.870] [INFO    ] [bot.scanner] 🔥 Stake Roulette: Nuevos -> [15, 36, 35, 18]
[2026-05-05 07:57:03.932] [DEBUG   ] [bot.scanner] TG check: Stake Roulette Delays={'docena_1': 8, 'docena_2': 0, 'docena_3': 1, 'columna_1': 6, 'columna_2': 1, 'columna_3': 0}
[2026-05-05 07:57:04.471] [WARNING ] [bot.scanner] ⚠️ Turkish Roulette: CADENA ROTA - sin empalme de 4+ números. Reinicio de sesión.
[2026-05-05 07:57:04.471] [INFO    ] [bot.scanner] 🔥 Turkish Roulette: Nuevos -> [-1, 16, 34, 2, 17, 23, 5, 8, 36, 25, 22, 1, 5, 18, 24, 31, 3, 23, 4, 27, 13]
[2026-05-05 07:57:04.738] [DEBUG   ] [bot.scanner] TG check: Turkish Roulette Delays={'docena_1': 2, 'docena_2': 0, 'docena_3': 1, 'columna_1': 0, 'columna_2': 3, 'columna_3': 1}
[2026-05-05 07:57:05.289] [WARNING ] [bot.scanner] ⚠️ German Roulette: CADENA ROTA - sin empalme de 4+ números. Reinicio de sesión.
[2026-05-05 07:57:05.289] [INFO    ] [bot.scanner] 🔥 German Roulette: Nuevos -> [-1, 13, 15, 27, 28, 27, 3, 24, 1, 19, 1, 7, 7, 35, 2, 31, 33, 18, 16, 1, 19]
[2026-05-05 07:57:05.601] [DEBUG   ] [bot.scanner] TG check: German Roulette Delays={'docena_1': 1, 'docena_2': 0, 'docena_3': 4, 'columna_1': 0, 'columna_2': 6, 'columna_3': 3}
[2026-05-05 07:57:06.350] [WARNING ] [bot.scanner] ⚠️ Romanian Roulette: CADENA ROTA - sin empalme de 4+ números. Reinicio de sesión.
[2026-05-05 07:57:06.350] [INFO    ] [bot.scanner] 🔥 Romanian Roulette: Nuevos -> [-1, 22, 33, 3, 0, 18, 26, 23, 12, 16, 10, 10, 1, 21, 11, 22, 7, 22, 34, 24, 19]
[2026-05-05 07:57:06.707] [DEBUG   ] [bot.scanner] TG check: Romanian Roulette Delays={'docena_1': 4, 'docena_2': 0, 'docena_3': 2, 'columna_1': 0, 'columna_2': 6, 'columna_3': 1}
[2026-05-05 07:57:07.267] [WARNING ] [bot.scanner] ⚠️ Roulette Italia Tricolore: CADENA ROTA - sin empalme de 4+ números. Reinicio de sesión.
[2026-05-05 07:57:07.267] [INFO    ] [bot.scanner] 🔥 Roulette Italia Tricolore: Nuevos -> [-1, 7, 3, 25, 11, 35, 17, 13, 33, 22, 23, 17, 0, 7, 14, 9, 9, 28, 18, 25, 4]
[2026-05-05 07:57:07.543] [DEBUG   ] [bot.scanner] TG check: Roulette Italia Tricolore Delays={'docena_1': 0, 'docena_2': 2, 'docena_3': 1, 'columna_1': 0, 'columna_2': 6, 'columna_3': 2}
[2026-05-05 07:57:08.073] [WARNING ] [bot.scanner] ⚠️ Russian Roulette: CADENA ROTA - sin empalme de 4+ números. Reinicio de sesión.
[2026-05-05 07:57:08.074] [INFO    ] [bot.scanner] 🔥 Russian Roulette: Nuevos -> [-1, 31, 6, 20, 31, 30, 25, 28, 2, 4, 7, 21, 0, 12, 2, 11, 36, 26, 9, 4, 30]
[2026-05-05 07:57:08.390] [DEBUG   ] [bot.scanner] TG check: Russian Roulette Delays={'docena_1': 1, 'docena_2': 9, 'docena_3': 0, 'columna_1': 1, 'columna_2': 3, 'columna_3': 0}
[2026-05-05 07:57:08.972] [WARNING ] [bot.scanner] ⚠️ Dutch Roulette: CADENA ROTA - sin empalme de 4+ números. Reinicio de sesión.
[2026-05-05 07:57:08.973] [INFO    ] [bot.scanner] 🔥 Dutch Roulette: Nuevos -> [-1, 16, 16, 36, 9, 0, 19, 3, 31, 27, 20, 30, 8, 14, 0, 4, 33, 28, 34, 35, 6, 6]
[2026-05-05 07:57:09.367] [DEBUG   ] [bot.scanner] TG check: Dutch Roulette Delays={'docena_1': 0, 'docena_2': 8, 'docena_3': 2, 'columna_1': 3, 'columna_2': 2, 'columna_3': 0}
[2026-05-05 07:57:10.454] [INFO    ] [bot.scanner] 🔥 Ruleta Latina: Nuevos -> [26]
[2026-05-05 07:57:12.527] [DEBUG   ] [bot.scanner] TG check: Ruleta Latina Delays={'docena_1': 10, 'docena_2': 6, 'docena_3': 0, 'columna_1': 5, 'columna_2': 0, 'columna_3': 2}
[2026-05-05 07:57:14.266] [INFO    ] [bot.scanner] 🔥 Roulette 1: Nuevos -> [23]
[2026-05-05 07:57:14.289] [DEBUG   ] [bot.scanner] TG check: Roulette 1 Delays={'docena_1': 1, 'docena_2': 0, 'docena_3': 3, 'columna_1': 2, 'columna_2': 0, 'columna_3': 4}
[2026-05-05 07:57:14.857] [INFO    ] [bot.scanner] 🔥 Roulette 3: Nuevos -> [14]
[2026-05-05 07:57:14.891] [DEBUG   ] [bot.scanner] TG check: Roulette 3 Delays={'docena_1': 16, 'docena_2': 0, 'docena_3': 2, 'columna_1': 1, 'columna_2': 0, 'columna_3': 5}
[2026-05-05 07:57:16.574] [INFO    ] [bot.scanner] 🔥 Brazilian Mega Roulette: Nuevos -> [24]
[2026-05-05 07:57:16.632] [DEBUG   ] [bot.scanner] TG check: Brazilian Mega Roulette Delays={'docena_1': 3, 'docena_2': 0, 'docena_3': 1, 'columna_1': 5, 'columna_2': 2, 'columna_3': 0}
[2026-05-05 07:57:17.181] [INFO    ] [bot.scanner] 🔥 Lucky 6 Roulette: Nuevos -> [32]
[2026-05-05 07:57:17.207] [DEBUG   ] [bot.scanner] TG check: Lucky 6 Roulette Delays={'docena_1': 2, 'docena_2': 3, 'docena_3': 0, 'columna_1': 8, 'columna_2': 0, 'columna_3': 1}
[2026-05-05 07:57:18.903] [INFO    ] [bot.scanner] 🔥 Turkish Roulette: Nuevos -> [10]
[2026-05-05 07:57:18.919] [DEBUG   ] [bot.scanner] TG check: Turkish Roulette Delays={'docena_1': 0, 'docena_2': 1, 'docena_3': 2, 'columna_1': 0, 'columna_2': 4, 'columna_3': 2}
[2026-05-05 07:57:20.624] [INFO    ] [bot.scanner] 🔥 Roulette Italia Tricolore: Nuevos -> [14]
[2026-05-05 07:57:20.663] [DEBUG   ] [bot.scanner] TG check: Roulette Italia Tricolore Delays={'docena_1': 1, 'docena_2': 0, 'docena_3': 2, 'columna_1': 1, 'columna_2': 0, 'columna_3': 3}
[2026-05-05 07:57:24.062] [INFO    ] [bot.scanner] 🔥 Brazilian Roulette: Nuevos -> [25]
[2026-05-05 07:57:24.083] [DEBUG   ] [bot.scanner] TG check: Brazilian Roulette Delays={'docena_1': 3, 'docena_2': 2, 'docena_3': 0, 'columna_1': 0, 'columna_2': 7, 'columna_3': 1}
[2026-05-05 07:57:28.749] [INFO    ] [bot.scanner] 🔥 Stake Roulette: Nuevos -> [28]
[2026-05-05 07:57:28.791] [DEBUG   ] [bot.scanner] TG check: Stake Roulette Delays={'docena_1': 9, 'docena_2': 1, 'docena_3': 0, 'columna_1': 0, 'columna_2': 2, 'columna_3': 1}
[2026-05-05 07:57:29.940] [INFO    ] [bot.scanner] 🔥 German Roulette: Nuevos -> [36]
[2026-05-05 07:57:29.990] [DEBUG   ] [bot.scanner] TG check: German Roulette Delays={'docena_1': 2, 'docena_2': 1, 'docena_3': 0, 'columna_1': 1, 'columna_2': 7, 'columna_3': 0}
[2026-05-05 07:57:31.741] [INFO    ] [bot.scanner] 🔥 Russian Roulette: Nuevos -> [10]
[2026-05-05 07:57:33.741] [DEBUG   ] [bot.scanner] TG check: Russian Roulette Delays={'docena_1': 0, 'docena_2': 10, 'docena_3': 1, 'columna_1': 0, 'columna_2': 4, 'columna_3': 1}
[2026-05-05 07:57:35.972] [INFO    ] [bot.scanner] 🔥 Mega Roulette: Nuevos -> [27]
[2026-05-05 07:57:36.015] [DEBUG   ] [bot.scanner] TG check: Mega Roulette Delays={'docena_1': 1, 'docena_2': 5, 'docena_3': 0, 'columna_1': 3, 'columna_2': 2, 'columna_3': 0}
[2026-05-05 07:57:38.469] [INFO    ] [bot.scanner] 🔥 Roulette Macao: Nuevos -> [13]
[2026-05-05 07:57:38.501] [DEBUG   ] [bot.scanner] TG check: Roulette Macao Delays={'docena_1': 7, 'docena_2': 0, 'docena_3': 3, 'columna_1': 0, 'columna_2': 3, 'columna_3': 1}
[2026-05-05 07:57:40.903] [INFO    ] [bot.scanner] 🔥 Auto Roulette: Nuevos -> [20]
[2026-05-05 07:57:40.927] [DEBUG   ] [bot.scanner] TG check: Auto Roulette Delays={'docena_1': 3, 'docena_2': 0, 'docena_3': 1, 'columna_1': 1, 'columna_2': 0, 'columna_3': 6}
[2026-05-05 07:57:43.187] [INFO    ] [bot.scanner] 🔥 Romanian Roulette: Nuevos -> [30]
[2026-05-05 07:57:43.221] [DEBUG   ] [bot.scanner] TG check: Romanian Roulette Delays={'docena_1': 5, 'docena_2': 1, 'docena_3': 0, 'columna_1': 1, 'columna_2': 7, 'columna_3': 0}
[2026-05-05 07:57:44.990] [INFO    ] [bot.scanner] 🔥 Dutch Roulette: Nuevos -> [8]
[2026-05-05 07:57:45.017] [DEBUG   ] [bot.scanner] TG check: Dutch Roulette Delays={'docena_1': 0, 'docena_2': 9, 'docena_3': 3, 'columna_1': 4, 'columna_2': 0, 'columna_3': 1}
[2026-05-05 07:57:46.112] [INFO    ] [bot.scanner] 🔥 Ruleta Latina: Nuevos -> [14]
[2026-05-05 07:57:46.145] [DEBUG   ] [bot.scanner] TG check: Ruleta Latina Delays={'docena_1': 11, 'docena_2': 0, 'docena_3': 1, 'columna_1': 6, 'columna_2': 0, 'columna_3': 3}
[2026-05-05 07:57:48.511] [INFO    ] [bot.scanner] 🔥 Roulette 3: Nuevos -> [19]
[2026-05-05 07:57:48.548] [DEBUG   ] [bot.scanner] TG check: Roulette 3 Delays={'docena_1': 17, 'docena_2': 0, 'docena_3': 3, 'columna_1': 0, 'columna_2': 1, 'columna_3': 6}
[2026-05-05 07:57:49.659] [INFO    ] [bot.scanner] 🔥 Roulette 2 Extra Time: Nuevos -> [7]
[2026-05-05 07:57:49.707] [DEBUG   ] [bot.scanner] TG check: Roulette 2 Extra Time Delays={'docena_1': 0, 'docena_2': 2, 'docena_3': 3, 'columna_1': 0, 'columna_2': 1, 'columna_3': 8}
[2026-05-05 07:57:50.935] [INFO    ] [bot.scanner] 🔥 Lucky 6 Roulette: Nuevos -> [2]
[2026-05-05 07:57:50.953] [DEBUG   ] [bot.scanner] TG check: Lucky 6 Roulette Delays={'docena_1': 0, 'docena_2': 4, 'docena_3': 1, 'columna_1': 9, 'columna_2': 0, 'columna_3': 2}
[2026-05-05 07:57:52.716] [INFO    ] [bot.scanner] 🔥 Turkish Roulette: Nuevos -> [29]
[2026-05-05 07:57:52.739] [DEBUG   ] [bot.scanner] TG check: Turkish Roulette Delays={'docena_1': 1, 'docena_2': 2, 'docena_3': 0, 'columna_1': 1, 'columna_2': 0, 'columna_3': 3}
[2026-05-05 07:57:54.516] [INFO    ] [bot.scanner] 🔥 Roulette Italia Tricolore: Nuevos -> [7]
[2026-05-05 07:57:54.568] [DEBUG   ] [bot.scanner] TG check: Roulette Italia Tricolore Delays={'docena_1': 0, 'docena_2': 1, 'docena_3': 3, 'columna_1': 0, 'columna_2': 1, 'columna_3': 4}
[2026-05-05 07:57:58.548] [INFO    ] [bot.scanner] 🔥 Roulette 1: Nuevos -> [33]
[2026-05-05 07:57:58.581] [DEBUG   ] [bot.scanner] TG check: Roulette 1 Delays={'docena_1': 2, 'docena_2': 1, 'docena_3': 0, 'columna_1': 3, 'columna_2': 1, 'columna_3': 0}
[2026-05-05 07:58:00.854] [INFO    ] [bot.scanner] 🔥 Brazilian Mega Roulette: Nuevos -> [12]
[2026-05-05 07:58:00.917] [DEBUG   ] [bot.scanner] TG check: Brazilian Mega Roulette Delays={'docena_1': 0, 'docena_2': 1, 'docena_3': 2, 'columna_1': 6, 'columna_2': 3, 'columna_3': 0}
[2026-05-05 07:58:03.987] [INFO    ] [bot.scanner] 🔥 German Roulette: Nuevos -> [14]
[2026-05-05 07:58:04.070] [DEBUG   ] [bot.scanner] TG check: German Roulette Delays={'docena_1': 3, 'docena_2': 0, 'docena_3': 1, 'columna_1': 2, 'columna_2': 0, 'columna_3': 1}
[2026-05-05 07:58:08.628] [INFO    ] [bot.scanner] 🔥 Brazilian Roulette: Nuevos -> [4]
[2026-05-05 07:58:08.646] [DEBUG   ] [bot.scanner] TG check: Brazilian Roulette Delays={'docena_1': 0, 'docena_2': 3, 'docena_3': 1, 'columna_1': 0, 'columna_2': 8, 'columna_3': 2}
[2026-05-05 07:58:13.413] [INFO    ] [bot.scanner] 🔥 Stake Roulette: Nuevos -> [21]
[2026-05-05 07:58:15.468] [DEBUG   ] [bot.scanner] TG check: Stake Roulette Delays={'docena_1': 10, 'docena_2': 0, 'docena_3': 1, 'columna_1': 1, 'columna_2': 3, 'columna_3': 0}
[2026-05-05 07:58:17.155] [INFO    ] [bot.scanner] 🔥 Romanian Roulette: Nuevos -> [7]
[2026-05-05 07:58:17.189] [DEBUG   ] [bot.scanner] TG check: Romanian Roulette Delays={'docena_1': 0, 'docena_2': 2, 'docena_3': 1, 'columna_1': 0, 'columna_2': 8, 'columna_3': 1}
[2026-05-05 07:58:18.446] [INFO    ] [bot.scanner] 🔥 Russian Roulette: Nuevos -> [19]
[2026-05-05 07:58:18.480] [DEBUG   ] [bot.scanner] TG check: Russian Roulette Delays={'docena_1': 1, 'docena_2': 0, 'docena_3': 2, 'columna_1': 0, 'columna_2': 5, 'columna_3': 2}
[2026-05-05 07:58:19.060] [INFO    ] [bot.scanner] 🔥 Dutch Roulette: Nuevos -> [7]
[2026-05-05 07:58:21.184] [DEBUG   ] [bot.scanner] TG check: Dutch Roulette Delays={'docena_1': 0, 'docena_2': 10, 'docena_3': 4, 'columna_1': 0, 'columna_2': 1, 'columna_3': 2}
[2026-05-05 07:58:22.298] [INFO    ] [bot.scanner] 🔥 Ruleta Latina: Nuevos -> [29]
[2026-05-05 07:58:22.316] [DEBUG   ] [bot.scanner] TG check: Ruleta Latina Delays={'docena_1': 12, 'docena_2': 1, 'docena_3': 0, 'columna_1': 7, 'columna_2': 0, 'columna_3': 4}
[2026-05-05 07:58:22.899] [INFO    ] [bot.scanner] 🔥 Mega Roulette: Nuevos -> [20]
[2026-05-05 07:58:22.923] [DEBUG   ] [bot.scanner] TG check: Mega Roulette Delays={'docena_1': 2, 'docena_2': 0, 'docena_3': 1, 'columna_1': 4, 'columna_2': 0, 'columna_3': 1}
[2026-05-05 07:58:27.569] [INFO    ] [bot.scanner] 🔥 Auto Roulette: Nuevos -> [20]
[2026-05-05 07:58:27.587] [DEBUG   ] [bot.scanner] TG check: Auto Roulette Delays={'docena_1': 4, 'docena_2': 0, 'docena_3': 2, 'columna_1': 2, 'columna_2': 0, 'columna_3': 7}
[2026-05-05 07:58:28.741] [INFO    ] [bot.scanner] 🔥 Turkish Roulette: Nuevos -> [22]
[2026-05-05 07:58:28.766] [DEBUG   ] [bot.scanner] TG check: Turkish Roulette Delays={'docena_1': 2, 'docena_2': 0, 'docena_3': 1, 'columna_1': 0, 'columna_2': 1, 'columna_3': 4}
[2026-05-05 07:58:30.568] [INFO    ] [bot.scanner] 🔥 Roulette Italia Tricolore: Nuevos -> [11]
[2026-05-05 07:58:30.596] [DEBUG   ] [bot.scanner] TG check: Roulette Italia Tricolore Delays={'docena_1': 0, 'docena_2': 2, 'docena_3': 4, 'columna_1': 1, 'columna_2': 0, 'columna_3': 5}
[2026-05-05 07:58:34.805] [INFO    ] [bot.scanner] 🔥 Roulette 1: Nuevos -> [3]
[2026-05-05 07:58:34.830] [DEBUG   ] [bot.scanner] TG check: Roulette 1 Delays={'docena_1': 0, 'docena_2': 2, 'docena_3': 1, 'columna_1': 4, 'columna_2': 2, 'columna_3': 0}
[2026-05-05 07:58:35.395] [INFO    ] [bot.scanner] 🔥 Roulette 3: Nuevos -> [25]
[2026-05-05 07:58:35.412] [DEBUG   ] [bot.scanner] TG check: Roulette 3 Delays={'docena_1': 18, 'docena_2': 1, 'docena_3': 0, 'columna_1': 0, 'columna_2': 2, 'columna_3': 7}
[2026-05-05 07:58:35.964] [INFO    ] [bot.scanner] 🔥 Roulette Macao: Nuevos -> [15]
[2026-05-05 07:58:36.021] [DEBUG   ] [bot.scanner] TG check: Roulette Macao Delays={'docena_1': 8, 'docena_2': 0, 'docena_3': 4, 'columna_1': 1, 'columna_2': 4, 'columna_3': 0}
[2026-05-05 07:58:36.614] [INFO    ] [bot.scanner] 🔥 Roulette 2 Extra Time: Nuevos -> [4]
[2026-05-05 07:58:36.671] [DEBUG   ] [bot.scanner] TG check: Roulette 2 Extra Time Delays={'docena_1': 0, 'docena_2': 3, 'docena_3': 4, 'columna_1': 0, 'columna_2': 2, 'columna_3': 9}
[2026-05-05 07:58:37.247] [INFO    ] [bot.scanner] 🔥 Brazilian Mega Roulette: Nuevos -> [26]
[2026-05-05 07:58:37.314] [DEBUG   ] [bot.scanner] TG check: Brazilian Mega Roulette Delays={'docena_1': 1, 'docena_2': 2, 'docena_3': 0, 'columna_1': 7, 'columna_2': 0, 'columna_3': 1}
[2026-05-05 07:58:37.875] [INFO    ] [bot.scanner] 🔥 Lucky 6 Roulette: Nuevos -> [5]
[2026-05-05 07:58:39.979] [DEBUG   ] [bot.scanner] TG check: Lucky 6 Roulette Delays={'docena_1': 0, 'docena_2': 5, 'docena_3': 2, 'columna_1': 10, 'columna_2': 0, 'columna_3': 3}
[2026-05-05 07:58:44.061] [INFO    ] [bot.scanner] 🔥 Russian Roulette: Nuevos -> [29]
[2026-05-05 07:58:44.095] [DEBUG   ] [bot.scanner] TG check: Russian Roulette Delays={'docena_1': 2, 'docena_2': 1, 'docena_3': 0, 'columna_1': 1, 'columna_2': 0, 'columna_3': 3}
[2026-05-05 07:58:47.045] [INFO    ] [bot.scanner] 🔥 Brazilian Roulette: Nuevos -> [7]
[2026-05-05 07:58:47.062] [DEBUG   ] [bot.scanner] TG check: Brazilian Roulette Delays={'docena_1': 0, 'docena_2': 4, 'docena_3': 2, 'columna_1': 0, 'columna_2': 9, 'columna_3': 3}
[2026-05-05 07:58:51.035] [INFO    ] [bot.scanner] 🔥 Auto Roulette: Nuevos -> [14]
[2026-05-05 07:58:51.069] [DEBUG   ] [bot.scanner] TG check: Auto Roulette Delays={'docena_1': 5, 'docena_2': 0, 'docena_3': 3, 'columna_1': 3, 'columna_2': 0, 'columna_3': 8}
[2026-05-05 07:58:51.625] [INFO    ] [bot.scanner] 🔥 Stake Roulette: Nuevos -> [24]
[2026-05-05 07:58:51.653] [DEBUG   ] [bot.scanner] TG check: Stake Roulette Delays={'docena_1': 11, 'docena_2': 0, 'docena_3': 2, 'columna_1': 2, 'columna_2': 4, 'columna_3': 0}
[2026-05-05 07:58:52.790] [INFO    ] [bot.scanner] 🔥 German Roulette: Nuevos -> [3]
[2026-05-05 07:58:52.814] [DEBUG   ] [bot.scanner] TG check: German Roulette Delays={'docena_1': 0, 'docena_2': 1, 'docena_3': 2, 'columna_1': 3, 'columna_2': 1, 'columna_3': 0}
[2026-05-05 07:58:53.383] [INFO    ] [bot.scanner] 🔥 Romanian Roulette: Nuevos -> [35]
[2026-05-05 07:58:53.428] [DEBUG   ] [bot.scanner] TG check: Romanian Roulette Delays={'docena_1': 1, 'docena_2': 3, 'docena_3': 0, 'columna_1': 1, 'columna_2': 0, 'columna_3': 2}
[2026-05-05 07:58:56.312] [INFO    ] [bot.scanner] 🔥 Ruleta Latina: Nuevos -> [10]
[2026-05-05 07:58:56.349] [DEBUG   ] [bot.scanner] TG check: Ruleta Latina Delays={'docena_1': 0, 'docena_2': 2, 'docena_3': 1, 'columna_1': 0, 'columna_2': 1, 'columna_3': 5}
[2026-05-05 07:58:56.928] [INFO    ] [bot.scanner] 🔥 Mega Roulette: Nuevos -> [29]
[2026-05-05 07:58:56.974] [DEBUG   ] [bot.scanner] TG check: Mega Roulette Delays={'docena_1': 3, 'docena_2': 1, 'docena_3': 0, 'columna_1': 5, 'columna_2': 0, 'columna_3': 2}
[2026-05-05 07:59:02.683] [INFO    ] [bot.scanner] 🔥 Turkish Roulette: Nuevos -> [29]
[2026-05-05 07:59:02.711] [DEBUG   ] [bot.scanner] TG check: Turkish Roulette Delays={'docena_1': 3, 'docena_2': 1, 'docena_3': 0, 'columna_1': 1, 'columna_2': 0, 'columna_3': 5}
[2026-05-05 07:59:05.642] [INFO    ] [bot.scanner] 🔥 Dutch Roulette: Nuevos -> [32]
[2026-05-05 07:59:05.727] [DEBUG   ] [bot.scanner] TG check: Dutch Roulette Delays={'docena_1': 1, 'docena_2': 11, 'docena_3': 0, 'columna_1': 1, 'columna_2': 0, 'columna_3': 3}
[2026-05-05 07:59:08.527] [INFO    ] [bot.scanner] 🔥 Roulette 1: Nuevos -> [6]
[2026-05-05 07:59:08.584] [DEBUG   ] [bot.scanner] TG check: Roulette 1 Delays={'docena_1': 0, 'docena_2': 3, 'docena_3': 2, 'columna_1': 5, 'columna_2': 3, 'columna_3': 0}
[2026-05-05 07:59:09.165] [INFO    ] [bot.scanner] 🔥 Roulette 3: Nuevos -> [4]
[2026-05-05 07:59:09.192] [DEBUG   ] [bot.scanner] TG check: Roulette 3 Delays={'docena_1': 0, 'docena_2': 2, 'docena_3': 1, 'columna_1': 0, 'columna_2': 3, 'columna_3': 8}
[2026-05-05 07:59:09.766] [INFO    ] [bot.scanner] 🔥 Roulette Macao: Nuevos -> [23]
[2026-05-05 07:59:09.817] [DEBUG   ] [bot.scanner] TG check: Roulette Macao Delays={'docena_1': 9, 'docena_2': 0, 'docena_3': 5, 'columna_1': 2, 'columna_2': 0, 'columna_3': 1}
[2026-05-05 07:59:15.145] [INFO    ] [bot.scanner] 🔥 Roulette Italia Tricolore: Nuevos -> [29]
[2026-05-05 07:59:15.194] [DEBUG   ] [bot.scanner] TG check: Roulette Italia Tricolore Delays={'docena_1': 1, 'docena_2': 3, 'docena_3': 0, 'columna_1': 2, 'columna_2': 0, 'columna_3': 6}
[2026-05-05 07:59:20.782] [INFO    ] [bot.scanner] 🔥 Roulette 2 Extra Time: Nuevos -> [25]
[2026-05-05 07:59:24.592] [DEBUG   ] [bot.scanner] TG check: Roulette 2 Extra Time Delays={'docena_1': 1, 'docena_2': 4, 'docena_3': 0, 'columna_1': 0, 'columna_2': 3, 'columna_3': 10}
[2026-05-05 07:59:25.193] [INFO    ] [bot.scanner] 🔥 Brazilian Mega Roulette: Nuevos -> [4]
[2026-05-05 07:59:25.242] [DEBUG   ] [bot.scanner] TG check: Brazilian Mega Roulette Delays={'docena_1': 0, 'docena_2': 3, 'docena_3': 1, 'columna_1': 0, 'columna_2': 1, 'columna_3': 2}
[2026-05-05 07:59:25.832] [INFO    ] [bot.scanner] 🔥 Lucky 6 Roulette: Nuevos -> [34]
[2026-05-05 07:59:25.860] [DEBUG   ] [bot.scanner] TG check: Lucky 6 Roulette Delays={'docena_1': 1, 'docena_2': 6, 'docena_3': 0, 'columna_1': 0, 'columna_2': 1, 'columna_3': 4}
[2026-05-05 07:59:26.448] [INFO    ] [bot.scanner] 🔥 Auto Roulette: Nuevos -> [8]
[2026-05-05 07:59:26.468] [DEBUG   ] [bot.scanner] TG check: Auto Roulette Delays={'docena_1': 0, 'docena_2': 1, 'docena_3': 4, 'columna_1': 4, 'columna_2': 0, 'columna_3': 9}
[2026-05-05 07:59:27.237] [INFO    ] [bot.scanner] 🔥 Stake Roulette: Nuevos -> [7]
[2026-05-05 07:59:27.260] [DEBUG   ] [bot.scanner] TG check: Stake Roulette Delays={'docena_1': 0, 'docena_2': 1, 'docena_3': 3, 'columna_1': 0, 'columna_2': 5, 'columna_3': 1}
[2026-05-05 07:59:28.384] [INFO    ] [bot.scanner] 🔥 German Roulette: Nuevos -> [13]
[2026-05-05 07:59:28.401] [DEBUG   ] [bot.scanner] TG check: German Roulette Delays={'docena_1': 1, 'docena_2': 0, 'docena_3': 3, 'columna_1': 0, 'columna_2': 2, 'columna_3': 1}
[2026-05-05 07:59:30.385] [INFO    ] [bot.scanner] 🔥 Russian Roulette: Nuevos -> [13]
[2026-05-05 07:59:30.408] [DEBUG   ] [bot.scanner] TG check: Russian Roulette Delays={'docena_1': 3, 'docena_2': 0, 'docena_3': 1, 'columna_1': 0, 'columna_2': 1, 'columna_3': 4}
[2026-05-05 07:59:32.027] [INFO    ] [bot.scanner] 🔥 Ruleta Latina: Nuevos -> [12]
[2026-05-05 07:59:32.040] [DEBUG   ] [bot.scanner] TG check: Ruleta Latina Delays={'docena_1': 0, 'docena_2': 3, 'docena_3': 2, 'columna_1': 1, 'columna_2': 2, 'columna_3': 0}
[2026-05-05 07:59:33.180] [INFO    ] [bot.scanner] 🔥 Brazilian Roulette: Nuevos -> [10]
[2026-05-05 07:59:35.224] [DEBUG   ] [bot.scanner] TG check: Brazilian Roulette Delays={'docena_1': 0, 'docena_2': 5, 'docena_3': 3, 'columna_1': 0, 'columna_2': 10, 'columna_3': 4}
[2026-05-05 07:59:40.651] [INFO    ] [bot.scanner] 🔥 Turkish Roulette: Nuevos -> [3]
[2026-05-05 07:59:40.688] [DEBUG   ] [bot.scanner] TG check: Turkish Roulette Delays={'docena_1': 0, 'docena_2': 2, 'docena_3': 1, 'columna_1': 2, 'columna_2': 1, 'columna_3': 0}
[2026-05-05 07:59:41.810] [INFO    ] [bot.scanner] 🔥 Romanian Roulette: Nuevos -> [0]
[2026-05-05 07:59:41.833] [DEBUG   ] [bot.scanner] TG check: Romanian Roulette Delays={'docena_1': 2, 'docena_2': 4, 'docena_3': 1, 'columna_1': 2, 'columna_2': 1, 'columna_3': 3}
[2026-05-05 07:59:43.575] [INFO    ] [bot.scanner] 🔥 Dutch Roulette: Nuevos -> [0]
[2026-05-05 07:59:43.596] [DEBUG   ] [bot.scanner] TG check: Dutch Roulette Delays={'docena_1': 2, 'docena_2': 12, 'docena_3': 1, 'columna_1': 2, 'columna_2': 1, 'columna_3': 4}
[2026-05-05 07:59:45.264] [INFO    ] [bot.scanner] 🔥 Mega Roulette: Nuevos -> [6]
[2026-05-05 07:59:45.296] [DEBUG   ] [bot.scanner] TG check: Mega Roulette Delays={'docena_1': 0, 'docena_2': 2, 'docena_3': 1, 'columna_1': 6, 'columna_2': 1, 'columna_3': 0}
[2026-05-05 07:59:46.489] [INFO    ] [bot.scanner] 🔥 Roulette 1: Nuevos -> [2]
[2026-05-05 07:59:46.520] [DEBUG   ] [bot.scanner] TG check: Roulette 1 Delays={'docena_1': 0, 'docena_2': 4, 'docena_3': 3, 'columna_1': 6, 'columna_2': 0, 'columna_3': 1}
[2026-05-05 07:59:47.684] [INFO    ] [bot.scanner] 🔥 Roulette Macao: Nuevos -> [15]
[2026-05-05 07:59:49.800] [DEBUG   ] [bot.scanner] TG check: Roulette Macao Delays={'docena_1': 10, 'docena_2': 0, 'docena_3': 6, 'columna_1': 3, 'columna_2': 1, 'columna_3': 0}
[2026-05-05 07:59:55.091] [INFO    ] [bot.scanner] 🔥 Roulette Italia Tricolore: Nuevos -> [8]
[2026-05-05 07:59:55.124] [DEBUG   ] [bot.scanner] TG check: Roulette Italia Tricolore Delays={'docena_1': 0, 'docena_2': 4, 'docena_3': 1, 'columna_1': 3, 'columna_2': 0, 'columna_3': 7}
[2026-05-05 07:59:59.693] [INFO    ] [bot.scanner] 🔥 Roulette 3: Nuevos -> [17]
[2026-05-05 07:59:59.710] [DEBUG   ] [bot.scanner] TG check: Roulette 3 Delays={'docena_1': 1, 'docena_2': 0, 'docena_3': 2, 'columna_1': 1, 'columna_2': 0, 'columna_3': 9}
[2026-05-05 08:00:00.923] [INFO    ] [bot.scanner] 🔥 Roulette 2 Extra Time: Nuevos -> [13]
[2026-05-05 08:00:00.982] [DEBUG   ] [bot.scanner] TG check: Roulette 2 Extra Time Delays={'docena_1': 2, 'docena_2': 0, 'docena_3': 1, 'columna_1': 0, 'columna_2': 4, 'columna_3': 11}
[2026-05-05 08:00:01.541] [INFO    ] [bot.scanner] 🔥 Brazilian Mega Roulette: Nuevos -> [27]
[2026-05-05 08:00:01.582] [DEBUG   ] [bot.scanner] TG check: Brazilian Mega Roulette Delays={'docena_1': 1, 'docena_2': 4, 'docena_3': 0, 'columna_1': 1, 'columna_2': 2, 'columna_3': 0}
[2026-05-05 08:00:02.174] [INFO    ] [bot.scanner] 🔥 Lucky 6 Roulette: Nuevos -> [18]
[2026-05-05 08:00:02.203] [DEBUG   ] [bot.scanner] TG check: Lucky 6 Roulette Delays={'docena_1': 2, 'docena_2': 0, 'docena_3': 1, 'columna_1': 1, 'columna_2': 2, 'columna_3': 0}
[2026-05-05 08:00:03.397] [INFO    ] [bot.scanner] 🔥 Stake Roulette: Nuevos -> [6]
[2026-05-05 08:00:03.414] [DEBUG   ] [bot.scanner] TG check: Stake Roulette Delays={'docena_1': 0, 'docena_2': 2, 'docena_3': 4, 'columna_1': 1, 'columna_2': 6, 'columna_3': 0}
[2026-05-05 08:00:04.584] [INFO    ] [bot.scanner] 🔥 German Roulette: Nuevos -> [7]
[2026-05-05 08:00:04.622] [DEBUG   ] [bot.scanner] TG check: German Roulette Delays={'docena_1': 0, 'docena_2': 1, 'docena_3': 4, 'columna_1': 0, 'columna_2': 3, 'columna_3': 2}
[2026-05-05 08:00:06.387] [INFO    ] [bot.scanner] 🔥 Russian Roulette: Nuevos -> [36]
[2026-05-05 08:00:06.429] [DEBUG   ] [bot.scanner] TG check: Russian Roulette Delays={'docena_1': 4, 'docena_2': 1, 'docena_3': 0, 'columna_1': 1, 'columna_2': 2, 'columna_3': 0}
[2026-05-05 08:00:09.327] [INFO    ] [bot.scanner] 🔥 Brazilian Roulette: Nuevos -> [33]
[2026-05-05 08:00:09.347] [DEBUG   ] [bot.scanner] TG check: Brazilian Roulette Delays={'docena_1': 1, 'docena_2': 6, 'docena_3': 0, 'columna_1': 1, 'columna_2': 11, 'columna_3': 0}
[2026-05-05 08:00:13.415] [INFO    ] [bot.scanner] 🔥 Auto Roulette: Nuevos -> [33]
[2026-05-05 08:00:13.476] [DEBUG   ] [bot.scanner] TG check: Auto Roulette Delays={'docena_1': 1, 'docena_2': 2, 'docena_3': 0, 'columna_1': 5, 'columna_2': 1, 'columna_3': 0}
[2026-05-05 08:00:14.600] [INFO    ] [bot.scanner] 🔥 Turkish Roulette: Nuevos -> [22]
[2026-05-05 08:00:14.630] [DEBUG   ] [bot.scanner] TG check: Turkish Roulette Delays={'docena_1': 1, 'docena_2': 0, 'docena_3': 2, 'columna_1': 0, 'columna_2': 2, 'columna_3': 1}
[2026-05-05 08:00:15.795] [INFO    ] [bot.scanner] 🔥 Romanian Roulette: Nuevos -> [31]
[2026-05-05 08:00:15.831] [DEBUG   ] [bot.scanner] TG check: Romanian Roulette Delays={'docena_1': 3, 'docena_2': 5, 'docena_3': 0, 'columna_1': 0, 'columna_2': 2, 'columna_3': 4}
[2026-05-05 08:00:18.750] [INFO    ] [bot.scanner] 🔥 Ruleta Latina: Nuevos -> [26]
[2026-05-05 08:00:18.779] [DEBUG   ] [bot.scanner] TG check: Ruleta Latina Delays={'docena_1': 1, 'docena_2': 4, 'docena_3': 0, 'columna_1': 2, 'columna_2': 0, 'columna_3': 1}
[2026-05-05 08:00:27.348] [INFO    ] [bot.scanner] 🔥 Roulette Italia Tricolore: Nuevos -> [11]
[2026-05-05 08:00:27.374] [DEBUG   ] [bot.scanner] TG check: Roulette Italia Tricolore Delays={'docena_1': 0, 'docena_2': 5, 'docena_3': 2, 'columna_1': 4, 'columna_2': 0, 'columna_3': 8}
[2026-05-05 08:00:28.562] [INFO    ] [bot.scanner] 🔥 Dutch Roulette: Nuevos -> [32]
[2026-05-05 08:00:28.589] [DEBUG   ] [bot.scanner] TG check: Dutch Roulette Delays={'docena_1': 3, 'docena_2': 13, 'docena_3': 0, 'columna_1': 3, 'columna_2': 0, 'columna_3': 5}
[2026-05-05 08:00:30.347] [INFO    ] [bot.scanner] 🔥 Mega Roulette: Nuevos -> [25]
[2026-05-05 08:00:30.374] [DEBUG   ] [bot.scanner] TG check: Mega Roulette Delays={'docena_1': 1, 'docena_2': 3, 'docena_3': 0, 'columna_1': 0, 'columna_2': 2, 'columna_3': 1}
[2026-05-05 08:00:31.550] [INFO    ] [bot.scanner] 🔥 Roulette 1: Nuevos -> [4]
[2026-05-05 08:00:31.564] [DEBUG   ] [bot.scanner] TG check: Roulette 1 Delays={'docena_1': 0, 'docena_2': 5, 'docena_3': 4, 'columna_1': 0, 'columna_2': 1, 'columna_3': 2}
[2026-05-05 08:00:32.106] [INFO    ] [bot.scanner] 🔥 Roulette 3: Nuevos -> [30]
[2026-05-05 08:00:32.140] [DEBUG   ] [bot.scanner] TG check: Roulette 3 Delays={'docena_1': 2, 'docena_2': 1, 'docena_3': 0, 'columna_1': 2, 'columna_2': 1, 'columna_3': 0}
[2026-05-05 08:00:32.738] [INFO    ] [bot.scanner] 🔥 Roulette Macao: Nuevos -> [6]
[2026-05-05 08:00:32.760] [DEBUG   ] [bot.scanner] TG check: Roulette Macao Delays={'docena_1': 0, 'docena_2': 1, 'docena_3': 7, 'columna_1': 4, 'columna_2': 2, 'columna_3': 0}
[2026-05-05 08:00:35.595] [INFO    ] [bot.scanner] 🔥 Stake Roulette: Nuevos -> [12]
[2026-05-05 08:00:35.639] [DEBUG   ] [bot.scanner] TG check: Stake Roulette Delays={'docena_1': 0, 'docena_2': 3, 'docena_3': 5, 'columna_1': 2, 'columna_2': 7, 'columna_3': 0}
[2026-05-05 08:00:38.483] [INFO    ] [bot.scanner] 🔥 Russian Roulette: Nuevos -> [36]
[2026-05-05 08:00:38.526] [DEBUG   ] [bot.scanner] TG check: Russian Roulette Delays={'docena_1': 5, 'docena_2': 2, 'docena_3': 0, 'columna_1': 2, 'columna_2': 3, 'columna_3': 0}
[2026-05-05 08:00:43.763] [INFO    ] [bot.scanner] 🔥 Roulette 2 Extra Time: Nuevos -> [16]
[2026-05-05 08:00:43.790] [DEBUG   ] [bot.scanner] TG check: Roulette 2 Extra Time Delays={'docena_1': 3, 'docena_2': 0, 'docena_3': 2, 'columna_1': 0, 'columna_2': 5, 'columna_3': 12}
[2026-05-05 08:00:44.396] [INFO    ] [bot.scanner] 🔥 Brazilian Mega Roulette: Nuevos -> [34]
[2026-05-05 08:00:44.441] [DEBUG   ] [bot.scanner] TG check: Brazilian Mega Roulette Delays={'docena_1': 2, 'docena_2': 5, 'docena_3': 0, 'columna_1': 0, 'columna_2': 3, 'columna_3': 1}
[2026-05-05 08:00:45.010] [INFO    ] [bot.scanner] 🔥 Lucky 6 Roulette: Nuevos -> [5]
[2026-05-05 08:00:45.027] [DEBUG   ] [bot.scanner] TG check: Lucky 6 Roulette Delays={'docena_1': 0, 'docena_2': 1, 'docena_3': 2, 'columna_1': 2, 'columna_2': 0, 'columna_3': 1}
[2026-05-05 08:00:45.658] [INFO    ] [bot.scanner] 🔥 Auto Roulette: Nuevos -> [25]
[2026-05-05 08:00:45.720] [DEBUG   ] [bot.scanner] TG check: Auto Roulette Delays={'docena_1': 2, 'docena_2': 3, 'docena_3': 0, 'columna_1': 0, 'columna_2': 2, 'columna_3': 1}
[2026-05-05 08:00:47.528] [INFO    ] [bot.scanner] 🔥 German Roulette: Nuevos -> [25]
[2026-05-05 08:00:47.545] [DEBUG   ] [bot.scanner] TG check: German Roulette Delays={'docena_1': 1, 'docena_2': 2, 'docena_3': 0, 'columna_1': 0, 'columna_2': 4, 'columna_3': 3}
[2026-05-05 08:00:50.991] [INFO    ] [bot.scanner] 🔥 Ruleta Latina: Nuevos -> [18]
[2026-05-05 08:00:51.011] [DEBUG   ] [bot.scanner] TG check: Ruleta Latina Delays={'docena_1': 2, 'docena_2': 0, 'docena_3': 1, 'columna_1': 3, 'columna_2': 1, 'columna_3': 0}
[2026-05-05 08:00:52.161] [INFO    ] [bot.scanner] 🔥 Brazilian Roulette: Nuevos -> [25]
[2026-05-05 08:00:52.184] [DEBUG   ] [bot.scanner] TG check: Brazilian Roulette Delays={'docena_1': 2, 'docena_2': 7, 'docena_3': 0, 'columna_1': 0, 'columna_2': 12, 'columna_3': 1}
[2026-05-05 08:00:57.325] [INFO    ] [bot.scanner] 🔥 Turkish Roulette: Nuevos -> [3]
[2026-05-05 08:00:57.343] [DEBUG   ] [bot.scanner] TG check: Turkish Roulette Delays={'docena_1': 0, 'docena_2': 1, 'docena_3': 3, 'columna_1': 1, 'columna_2': 3, 'columna_3': 0}
[2026-05-05 08:00:58.503] [INFO    ] [bot.scanner] 🔥 Romanian Roulette: Nuevos -> [32]
[2026-05-05 08:00:58.552] [DEBUG   ] [bot.scanner] TG check: Romanian Roulette Delays={'docena_1': 4, 'docena_2': 6, 'docena_3': 0, 'columna_1': 1, 'columna_2': 0, 'columna_3': 5}
[2026-05-05 08:01:00.295] [INFO    ] [bot.scanner] 🔥 Dutch Roulette: Nuevos -> [25]
[2026-05-05 08:01:00.330] [DEBUG   ] [bot.scanner] TG check: Dutch Roulette Delays={'docena_1': 4, 'docena_2': 14, 'docena_3': 0, 'columna_1': 0, 'columna_2': 1, 'columna_3': 6}
[2026-05-05 08:01:04.351] [INFO    ] [bot.scanner] 🔥 Roulette Macao: Nuevos -> [36]
[2026-05-05 08:01:04.381] [DEBUG   ] [bot.scanner] TG check: Roulette Macao Delays={'docena_1': 1, 'docena_2': 2, 'docena_3': 0, 'columna_1': 5, 'columna_2': 3, 'columna_3': 0}
[2026-05-05 08:01:09.744] [INFO    ] [bot.scanner] 🔥 Roulette Italia Tricolore: Nuevos -> [24]
[2026-05-05 08:01:09.768] [DEBUG   ] [bot.scanner] TG check: Roulette Italia Tricolore Delays={'docena_1': 1, 'docena_2': 0, 'docena_3': 3, 'columna_1': 5, 'columna_2': 1, 'columna_3': 0}
[2026-05-05 08:01:12.718] [INFO    ] [bot.scanner] 🔥 Mega Roulette: Nuevos -> [17]
[2026-05-05 08:01:12.742] [DEBUG   ] [bot.scanner] TG check: Mega Roulette Delays={'docena_1': 2, 'docena_2': 0, 'docena_3': 1, 'columna_1': 1, 'columna_2': 0, 'columna_3': 2}
[2026-05-05 08:01:13.859] [INFO    ] [bot.scanner] 🔥 Roulette 1: Nuevos -> [18]
[2026-05-05 08:01:13.891] [DEBUG   ] [bot.scanner] TG check: Roulette 1 Delays={'docena_1': 1, 'docena_2': 0, 'docena_3': 5, 'columna_1': 1, 'columna_2': 2, 'columna_3': 0}
[2026-05-05 08:01:14.520] [INFO    ] [bot.scanner] 🔥 Roulette 3: Nuevos -> [5]
[2026-05-05 08:01:14.536] [DEBUG   ] [bot.scanner] TG check: Roulette 3 Delays={'docena_1': 0, 'docena_2': 2, 'docena_3': 1, 'columna_1': 3, 'columna_2': 0, 'columna_3': 1}
[2026-05-05 08:01:16.592] [INFO    ] [bot.scanner] 🔥 Brazilian Mega Roulette: Nuevos -> [33]
[2026-05-05 08:01:16.610] [DEBUG   ] [bot.scanner] TG check: Brazilian Mega Roulette Delays={'docena_1': 3, 'docena_2': 6, 'docena_3': 0, 'columna_1': 1, 'columna_2': 4, 'columna_3': 0}
[2026-05-05 08:01:18.321] [INFO    ] [bot.scanner] 🔥 Stake Roulette: Nuevos -> [34]
[2026-05-05 08:01:18.371] [DEBUG   ] [bot.scanner] TG check: Stake Roulette Delays={'docena_1': 1, 'docena_2': 4, 'docena_3': 0, 'columna_1': 0, 'columna_2': 8, 'columna_3': 1}
[2026-05-05 08:01:21.297] [INFO    ] [bot.scanner] 🔥 Russian Roulette: Nuevos -> [33]
[2026-05-05 08:01:21.335] [DEBUG   ] [bot.scanner] TG check: Russian Roulette Delays={'docena_1': 6, 'docena_2': 3, 'docena_3': 0, 'columna_1': 3, 'columna_2': 4, 'columna_3': 0}
[2026-05-05 08:01:24.091] [INFO    ] [bot.scanner] 🔥 Brazilian Roulette: Nuevos -> [17]
[2026-05-05 08:01:24.133] [DEBUG   ] [bot.scanner] TG check: Brazilian Roulette Delays={'docena_1': 3, 'docena_2': 0, 'docena_3': 1, 'columna_1': 1, 'columna_2': 0, 'columna_3': 2}
[2026-05-05 08:01:27.143] [INFO    ] [bot.scanner] 🔥 Roulette 2 Extra Time: Nuevos -> [15]
[2026-05-05 08:01:27.207] [DEBUG   ] [bot.scanner] TG check: Roulette 2 Extra Time Delays={'docena_1': 4, 'docena_2': 0, 'docena_3': 3, 'columna_1': 1, 'columna_2': 6, 'columna_3': 0}
[2026-05-05 08:01:28.758] [INFO    ] [bot.scanner] 🔥 Lucky 6 Roulette: Nuevos -> [22]
[2026-05-05 08:01:28.777] [DEBUG   ] [bot.scanner] TG check: Lucky 6 Roulette Delays={'docena_1': 1, 'docena_2': 0, 'docena_3': 3, 'columna_1': 0, 'columna_2': 1, 'columna_3': 2}
[2026-05-05 08:01:29.377] [INFO    ] [bot.scanner] 🔥 Auto Roulette: Nuevos -> [7]
[2026-05-05 08:01:29.446] [DEBUG   ] [bot.scanner] TG check: Auto Roulette Delays={'docena_1': 0, 'docena_2': 4, 'docena_3': 1, 'columna_1': 0, 'columna_2': 3, 'columna_3': 2}
[2026-05-05 08:01:30.788] [INFO    ] [bot.scanner] 🔥 Turkish Roulette: Nuevos -> [16]
[2026-05-05 08:01:30.819] [DEBUG   ] [bot.scanner] TG check: Turkish Roulette Delays={'docena_1': 1, 'docena_2': 0, 'docena_3': 4, 'columna_1': 0, 'columna_2': 4, 'columna_3': 1}
[2026-05-05 08:01:31.474] [INFO    ] [bot.scanner] 🔥 German Roulette: Nuevos -> [9]
[2026-05-05 08:01:31.507] [DEBUG   ] [bot.scanner] TG check: German Roulette Delays={'docena_1': 0, 'docena_2': 3, 'docena_3': 1, 'columna_1': 1, 'columna_2': 5, 'columna_3': 0}
[2026-05-05 08:01:32.219] [INFO    ] [bot.scanner] 🔥 Romanian Roulette: Nuevos -> [6]
[2026-05-05 08:01:32.257] [DEBUG   ] [bot.scanner] TG check: Romanian Roulette Delays={'docena_1': 0, 'docena_2': 7, 'docena_3': 1, 'columna_1': 2, 'columna_2': 1, 'columna_3': 0}
[2026-05-05 08:01:35.376] [INFO    ] [bot.scanner] 🔥 Ruleta Latina: Nuevos -> [6]
[2026-05-05 08:01:35.417] [DEBUG   ] [bot.scanner] TG check: Ruleta Latina Delays={'docena_1': 0, 'docena_2': 1, 'docena_3': 2, 'columna_1': 4, 'columna_2': 2, 'columna_3': 0}
[2026-05-05 08:01:44.107] [INFO    ] [bot.scanner] 🔥 Roulette Italia Tricolore: Nuevos -> [36]
[2026-05-05 08:01:44.135] [DEBUG   ] [bot.scanner] TG check: Roulette Italia Tricolore Delays={'docena_1': 2, 'docena_2': 1, 'docena_3': 0, 'columna_1': 6, 'columna_2': 2, 'columna_3': 0}
[2026-05-05 08:01:45.428] [INFO    ] [bot.scanner] 🔥 Dutch Roulette: Nuevos -> [4]
[2026-05-05 08:01:45.507] [DEBUG   ] [bot.scanner] TG check: Dutch Roulette Delays={'docena_1': 0, 'docena_2': 15, 'docena_3': 1, 'columna_1': 0, 'columna_2': 2, 'columna_3': 7}
[2026-05-05 08:01:49.614] [INFO    ] [bot.scanner] 🔥 Roulette Macao: Nuevos -> [6]
[2026-05-05 08:01:49.676] [DEBUG   ] [bot.scanner] TG check: Roulette Macao Delays={'docena_1': 0, 'docena_2': 3, 'docena_3': 1, 'columna_1': 6, 'columna_2': 4, 'columna_3': 0}
[2026-05-05 08:01:52.828] [INFO    ] [bot.scanner] 🔥 Stake Roulette: Nuevos -> [12]
[2026-05-05 08:01:52.858] [DEBUG   ] [bot.scanner] TG check: Stake Roulette Delays={'docena_1': 0, 'docena_2': 5, 'docena_3': 1, 'columna_1': 1, 'columna_2': 9, 'columna_3': 0}
[2026-05-05 08:01:56.398] [INFO    ] [bot.scanner] 🔥 Russian Roulette: Nuevos -> [28]
[2026-05-05 08:01:56.420] [DEBUG   ] [bot.scanner] TG check: Russian Roulette Delays={'docena_1': 7, 'docena_2': 4, 'docena_3': 0, 'columna_1': 0, 'columna_2': 5, 'columna_3': 1}
[2026-05-05 08:01:58.905] [INFO    ] [bot.scanner] 🔥 Mega Roulette: Nuevos -> [6]
[2026-05-05 08:01:58.940] [DEBUG   ] [bot.scanner] TG check: Mega Roulette Delays={'docena_1': 0, 'docena_2': 1, 'docena_3': 2, 'columna_1': 2, 'columna_2': 1, 'columna_3': 0}
[2026-05-05 08:02:00.213] [INFO    ] [bot.scanner] 🔥 Roulette 1: Nuevos -> [24]
[2026-05-05 08:02:00.244] [DEBUG   ] [bot.scanner] TG check: Roulette 1 Delays={'docena_1': 2, 'docena_2': 0, 'docena_3': 6, 'columna_1': 2, 'columna_2': 3, 'columna_3': 0}
[2026-05-05 08:02:01.105] [INFO    ] [bot.scanner] 🔥 Roulette 3: Nuevos -> [15]
[2026-05-05 08:02:01.119] [DEBUG   ] [bot.scanner] TG check: Roulette 3 Delays={'docena_1': 1, 'docena_2': 0, 'docena_3': 2, 'columna_1': 4, 'columna_2': 1, 'columna_3': 0}
[2026-05-05 08:02:02.413] [INFO    ] [bot.scanner] 🔥 Roulette 2 Extra Time: Nuevos -> [34]
[2026-05-05 08:02:02.428] [DEBUG   ] [bot.scanner] TG check: Roulette 2 Extra Time Delays={'docena_1': 5, 'docena_2': 1, 'docena_3': 0, 'columna_1': 0, 'columna_2': 7, 'columna_3': 1}
[2026-05-05 08:02:03.000] [INFO    ] [bot.scanner] 🔥 Brazilian Mega Roulette: Nuevos -> [2]
[2026-05-05 08:02:03.014] [DEBUG   ] [bot.scanner] TG check: Brazilian Mega Roulette Delays={'docena_1': 0, 'docena_2': 7, 'docena_3': 1, 'columna_1': 2, 'columna_2': 0, 'columna_3': 1}
[2026-05-05 08:02:04.222] [INFO    ] [bot.scanner] 🔥 Auto Roulette: Nuevos -> [7]
[2026-05-05 08:02:04.239] [DEBUG   ] [bot.scanner] TG check: Auto Roulette Delays={'docena_1': 0, 'docena_2': 5, 'docena_3': 2, 'columna_1': 0, 'columna_2': 4, 'columna_3': 3}
[2026-05-05 08:02:05.868] [INFO    ] [bot.scanner] 🔥 German Roulette: Nuevos -> [18]
[2026-05-05 08:02:05.886] [DEBUG   ] [bot.scanner] TG check: German Roulette Delays={'docena_1': 1, 'docena_2': 0, 'docena_3': 2, 'columna_1': 2, 'columna_2': 6, 'columna_3': 0}
[2026-05-05 08:02:09.134] [INFO    ] [bot.scanner] 🔥 Ruleta Latina: Nuevos -> [12]
[2026-05-05 08:02:09.150] [DEBUG   ] [bot.scanner] TG check: Ruleta Latina Delays={'docena_1': 0, 'docena_2': 2, 'docena_3': 3, 'columna_1': 5, 'columna_2': 3, 'columna_3': 0}
[2026-05-05 08:02:10.222] [INFO    ] [bot.scanner] 🔥 Brazilian Roulette: Nuevos -> [31]
[2026-05-05 08:02:10.244] [DEBUG   ] [bot.scanner] TG check: Brazilian Roulette Delays={'docena_1': 4, 'docena_2': 1, 'docena_3': 0, 'columna_1': 0, 'columna_2': 1, 'columna_3': 3}
[2026-05-05 08:02:13.488] [INFO    ] [bot.scanner] 🔥 Lucky 6 Roulette: Nuevos -> [32]
[2026-05-05 08:02:13.502] [DEBUG   ] [bot.scanner] TG check: Lucky 6 Roulette Delays={'docena_1': 2, 'docena_2': 1, 'docena_3': 0, 'columna_1': 1, 'columna_2': 0, 'columna_3': 3}
[2026-05-05 08:02:15.191] [INFO    ] [bot.scanner] 🔥 Turkish Roulette: Nuevos -> [13]
[2026-05-05 08:02:15.207] [DEBUG   ] [bot.scanner] TG check: Turkish Roulette Delays={'docena_1': 2, 'docena_2': 0, 'docena_3': 5, 'columna_1': 0, 'columna_2': 5, 'columna_3': 2}
[2026-05-05 08:02:16.280] [INFO    ] [bot.scanner] 🔥 Romanian Roulette: Nuevos -> [32]
[2026-05-05 08:02:16.295] [DEBUG   ] [bot.scanner] TG check: Romanian Roulette Delays={'docena_1': 1, 'docena_2': 8, 'docena_3': 0, 'columna_1': 3, 'columna_2': 0, 'columna_3': 1}
[2026-05-05 08:02:17.881] [INFO    ] [bot.scanner] 🔥 Dutch Roulette: Nuevos -> [5]
[2026-05-05 08:02:17.905] [DEBUG   ] [bot.scanner] TG check: Dutch Roulette Delays={'docena_1': 0, 'docena_2': 16, 'docena_3': 2, 'columna_1': 1, 'columna_2': 0, 'columna_3': 8}
[2026-05-05 08:02:21.747] [INFO    ] [bot.scanner] 🔥 Roulette Macao: Nuevos -> [33]
[2026-05-05 08:02:21.764] [DEBUG   ] [bot.scanner] TG check: Roulette Macao Delays={'docena_1': 1, 'docena_2': 4, 'docena_3': 0, 'columna_1': 7, 'columna_2': 5, 'columna_3': 0}
[2026-05-05 08:02:26.670] [INFO    ] [bot.scanner] 🔥 Roulette Italia Tricolore: Nuevos -> [6]
[2026-05-05 08:02:26.687] [DEBUG   ] [bot.scanner] TG check: Roulette Italia Tricolore Delays={'docena_1': 0, 'docena_2': 2, 'docena_3': 1, 'columna_1': 7, 'columna_2': 3, 'columna_3': 0}
[2026-05-05 08:02:28.299] [DEBUG   ] [bot.iframe]    ⏳ Esperando iframe principal (max 15s)...
[2026-05-05 08:02:28.358] [INFO    ] [bot.iframe]    ✅ Cambio a iframe #0 (class='game')
[2026-05-05 08:02:28.359] [DEBUG   ] [bot.iframe]    ⏳ Esperando iframe anidado o elementos del juego (max 15s)...
[2026-05-05 08:02:28.381] [INFO    ] [bot.iframe]    ✅ Elementos del juego encontrados en el iframe principal. No requiere anidado.
[2026-05-05 08:02:30.509] [INFO    ] [bot.scanner] 🔥 Roulette 1: Nuevos -> [13]
[2026-05-05 08:02:30.526] [DEBUG   ] [bot.scanner] TG check: Roulette 1 Delays={'docena_1': 3, 'docena_2': 0, 'docena_3': 7, 'columna_1': 0, 'columna_2': 4, 'columna_3': 1}
[2026-05-05 08:02:34.206] [INFO    ] [bot.scanner] 🔥 Stake Roulette: Nuevos -> [9]
[2026-05-05 08:02:35.897] [DEBUG   ] [bot.scanner] TG check: Stake Roulette Delays={'docena_1': 0, 'docena_2': 6, 'docena_3': 2, 'columna_1': 2, 'columna_2': 10, 'columna_3': 0}
[2026-05-05 08:02:38.739] [INFO    ] [bot.scanner] 🔥 Russian Roulette: Nuevos -> [4]
[2026-05-05 08:02:38.755] [DEBUG   ] [bot.scanner] TG check: Russian Roulette Delays={'docena_1': 0, 'docena_2': 5, 'docena_3': 1, 'columna_1': 0, 'columna_2': 6, 'columna_3': 2}
[2026-05-05 08:02:40.430] [INFO    ] [bot.scanner] 🔥 Ruleta Latina: Nuevos -> [13]
[2026-05-05 08:02:40.450] [DEBUG   ] [bot.scanner] TG check: Ruleta Latina Delays={'docena_1': 1, 'docena_2': 0, 'docena_3': 4, 'columna_1': 0, 'columna_2': 4, 'columna_3': 1}
[2026-05-05 08:02:40.974] [INFO    ] [bot.scanner] 🔥 Mega Roulette: Nuevos -> [21]
[2026-05-05 08:02:41.003] [DEBUG   ] [bot.scanner] TG check: Mega Roulette Delays={'docena_1': 1, 'docena_2': 0, 'docena_3': 3, 'columna_1': 3, 'columna_2': 2, 'columna_3': 0}
[2026-05-05 08:02:42.654] [INFO    ] [bot.scanner] 🔥 Roulette 3: Nuevos -> [24]
[2026-05-05 08:02:42.681] [DEBUG   ] [bot.scanner] TG check: Roulette 3 Delays={'docena_1': 2, 'docena_2': 0, 'docena_3': 3, 'columna_1': 5, 'columna_2': 2, 'columna_3': 0}
[2026-05-05 08:02:44.289] [INFO    ] [bot.scanner] 🔥 Brazilian Mega Roulette: Nuevos -> [11]
[2026-05-05 08:02:44.305] [DEBUG   ] [bot.scanner] TG check: Brazilian Mega Roulette Delays={'docena_1': 0, 'docena_2': 8, 'docena_3': 2, 'columna_1': 3, 'columna_2': 0, 'columna_3': 2}
[2026-05-05 08:02:46.508] [INFO    ] [bot.scanner] 🔥 Turkish Roulette: Nuevos -> [33]
[2026-05-05 08:02:46.523] [DEBUG   ] [bot.scanner] TG check: Turkish Roulette Delays={'docena_1': 3, 'docena_2': 1, 'docena_3': 0, 'columna_1': 1, 'columna_2': 6, 'columna_3': 0}
[2026-05-05 08:02:47.047] [INFO    ] [bot.scanner] 🔥 German Roulette: Nuevos -> [10]
[2026-05-05 08:02:47.061] [DEBUG   ] [bot.scanner] TG check: German Roulette Delays={'docena_1': 0, 'docena_2': 1, 'docena_3': 3, 'columna_1': 0, 'columna_2': 7, 'columna_3': 1}
[2026-05-05 08:02:49.204] [INFO    ] [bot.scanner] 🔥 Dutch Roulette: Nuevos -> [31]
[2026-05-05 08:02:49.221] [DEBUG   ] [bot.scanner] TG check: Dutch Roulette Delays={'docena_1': 1, 'docena_2': 17, 'docena_3': 0, 'columna_1': 0, 'columna_2': 1, 'columna_3': 9}
[2026-05-05 08:02:51.499] [INFO    ] [bot.scanner] 🔥 Brazilian Roulette: Nuevos -> [10]
[2026-05-05 08:02:51.515] [DEBUG   ] [bot.scanner] TG check: Brazilian Roulette Delays={'docena_1': 0, 'docena_2': 2, 'docena_3': 1, 'columna_1': 0, 'columna_2': 2, 'columna_3': 4}
[2026-05-05 08:02:53.646] [INFO    ] [bot.scanner] 🔥 Roulette 2 Extra Time: Nuevos -> [35]
[2026-05-05 08:02:53.668] [DEBUG   ] [bot.scanner] TG check: Roulette 2 Extra Time Delays={'docena_1': 6, 'docena_2': 2, 'docena_3': 0, 'columna_1': 1, 'columna_2': 0, 'columna_3': 2}
[2026-05-05 08:02:54.727] [INFO    ] [bot.scanner] 🔥 Lucky 6 Roulette: Nuevos -> [21]
[2026-05-05 08:02:54.747] [DEBUG   ] [bot.scanner] TG check: Lucky 6 Roulette Delays={'docena_1': 3, 'docena_2': 0, 'docena_3': 1, 'columna_1': 2, 'columna_2': 1, 'columna_3': 0}
[2026-05-05 08:02:55.274] [INFO    ] [bot.scanner] 🔥 Auto Roulette: Nuevos -> [0]
[2026-05-05 08:02:55.290] [DEBUG   ] [bot.scanner] TG check: Auto Roulette Delays={'docena_1': 1, 'docena_2': 6, 'docena_3': 3, 'columna_1': 1, 'columna_2': 5, 'columna_3': 4}
[2026-05-05 08:02:57.420] [INFO    ] [bot.scanner] 🔥 Romanian Roulette: Nuevos -> [18]
[2026-05-05 08:02:57.435] [DEBUG   ] [bot.scanner] TG check: Romanian Roulette Delays={'docena_1': 2, 'docena_2': 0, 'docena_3': 1, 'columna_1': 4, 'columna_2': 1, 'columna_3': 0}
[2026-05-05 08:02:57.956] [INFO    ] [bot.scanner] 🔥 Roulette Italia Tricolore: Nuevos -> [20]
[2026-05-05 08:02:57.970] [DEBUG   ] [bot.scanner] TG check: Roulette Italia Tricolore Delays={'docena_1': 1, 'docena_2': 0, 'docena_3': 2, 'columna_1': 8, 'columna_2': 0, 'columna_3': 1}
[2026-05-05 08:03:02.755] [INFO    ] [bot.scanner] 🔥 Roulette Macao: Nuevos -> [32]
[2026-05-05 08:03:02.773] [DEBUG   ] [bot.scanner] TG check: Roulette Macao Delays={'docena_1': 2, 'docena_2': 5, 'docena_3': 0, 'columna_1': 8, 'columna_2': 0, 'columna_3': 1}
[2026-05-05 08:03:11.607] [INFO    ] [bot.scanner] 🔥 Roulette 1: Nuevos -> [24]
[2026-05-05 08:03:11.622] [DEBUG   ] [bot.scanner] TG check: Roulette 1 Delays={'docena_1': 4, 'docena_2': 0, 'docena_3': 8, 'columna_1': 1, 'columna_2': 5, 'columna_3': 0}
[2026-05-05 08:03:15.536] [INFO    ] [bot.scanner] 🔥 Stake Roulette: Nuevos -> [32]
[2026-05-05 08:03:15.553] [DEBUG   ] [bot.scanner] TG check: Stake Roulette Delays={'docena_1': 1, 'docena_2': 7, 'docena_3': 0, 'columna_1': 3, 'columna_2': 0, 'columna_3': 1}
[2026-05-05 08:03:18.236] [INFO    ] [bot.scanner] 🔥 Russian Roulette: Nuevos -> [34]
[2026-05-05 08:03:18.263] [DEBUG   ] [bot.scanner] TG check: Russian Roulette Delays={'docena_1': 1, 'docena_2': 6, 'docena_3': 0, 'columna_1': 0, 'columna_2': 7, 'columna_3': 3}
[2026-05-05 08:03:18.798] [INFO    ] [bot.scanner] 🔥 Dutch Roulette: Nuevos -> [3]
[2026-05-05 08:03:18.815] [DEBUG   ] [bot.scanner] TG check: Dutch Roulette Delays={'docena_1': 0, 'docena_2': 18, 'docena_3': 1, 'columna_1': 1, 'columna_2': 2, 'columna_3': 0}
[2026-05-05 08:03:19.875] [INFO    ] [bot.scanner] 🔥 Ruleta Latina: Nuevos -> [2]
[2026-05-05 08:03:19.889] [DEBUG   ] [bot.scanner] TG check: Ruleta Latina Delays={'docena_1': 0, 'docena_2': 1, 'docena_3': 5, 'columna_1': 1, 'columna_2': 0, 'columna_3': 2}
[2026-05-05 08:03:22.037] [INFO    ] [bot.scanner] 🔥 Roulette 3: Nuevos -> [19]
[2026-05-05 08:03:22.053] [DEBUG   ] [bot.scanner] TG check: Roulette 3 Delays={'docena_1': 3, 'docena_2': 0, 'docena_3': 4, 'columna_1': 0, 'columna_2': 3, 'columna_3': 1}
[2026-05-05 08:03:23.756] [INFO    ] [bot.scanner] 🔥 Brazilian Mega Roulette: Nuevos -> [7]
[2026-05-05 08:03:23.772] [DEBUG   ] [bot.scanner] TG check: Brazilian Mega Roulette Delays={'docena_1': 0, 'docena_2': 9, 'docena_3': 3, 'columna_1': 0, 'columna_2': 1, 'columna_3': 3}
[2026-05-05 08:03:25.946] [INFO    ] [bot.scanner] 🔥 Turkish Roulette: Nuevos -> [29]
[2026-05-05 08:03:25.960] [DEBUG   ] [bot.scanner] TG check: Turkish Roulette Delays={'docena_1': 4, 'docena_2': 2, 'docena_3': 0, 'columna_1': 2, 'columna_2': 0, 'columna_3': 1}
[2026-05-05 08:03:26.483] [INFO    ] [bot.scanner] 🔥 German Roulette: Nuevos -> [18]
[2026-05-05 08:03:26.497] [DEBUG   ] [bot.scanner] TG check: German Roulette Delays={'docena_1': 1, 'docena_2': 0, 'docena_3': 4, 'columna_1': 1, 'columna_2': 8, 'columna_3': 0}
[2026-05-05 08:03:27.033] [INFO    ] [bot.scanner] 🔥 Romanian Roulette: Nuevos -> [7]
[2026-05-05 08:03:27.049] [DEBUG   ] [bot.scanner] TG check: Romanian Roulette Delays={'docena_1': 0, 'docena_2': 1, 'docena_3': 2, 'columna_1': 0, 'columna_2': 2, 'columna_3': 1}
[2026-05-05 08:03:30.283] [INFO    ] [bot.scanner] 🔥 Mega Roulette: Nuevos -> [7]
[2026-05-05 08:03:30.301] [DEBUG   ] [bot.scanner] TG check: Mega Roulette Delays={'docena_1': 0, 'docena_2': 1, 'docena_3': 4, 'columna_1': 0, 'columna_2': 3, 'columna_3': 1}
[2026-05-05 08:03:30.830] [INFO    ] [bot.scanner] 🔥 Brazilian Roulette: Nuevos -> [12]
[2026-05-05 08:03:30.848] [DEBUG   ] [bot.scanner] TG check: Brazilian Roulette Delays={'docena_1': 0, 'docena_2': 3, 'docena_3': 2, 'columna_1': 1, 'columna_2': 3, 'columna_3': 0}
[2026-05-05 08:03:32.950] [INFO    ] [bot.scanner] 🔥 Roulette 2 Extra Time: Nuevos -> [26]
[2026-05-05 08:03:32.966] [DEBUG   ] [bot.scanner] TG check: Roulette 2 Extra Time Delays={'docena_1': 7, 'docena_2': 3, 'docena_3': 0, 'columna_1': 2, 'columna_2': 0, 'columna_3': 3}
[2026-05-05 08:03:34.023] [INFO    ] [bot.scanner] 🔥 Lucky 6 Roulette: Nuevos -> [31]
[2026-05-05 08:03:34.038] [DEBUG   ] [bot.scanner] TG check: Lucky 6 Roulette Delays={'docena_1': 4, 'docena_2': 1, 'docena_3': 0, 'columna_1': 0, 'columna_2': 2, 'columna_3': 1}
[2026-05-05 08:03:34.568] [INFO    ] [bot.scanner] 🔥 Auto Roulette: Nuevos -> [3]
[2026-05-05 08:03:34.584] [DEBUG   ] [bot.scanner] TG check: Auto Roulette Delays={'docena_1': 0, 'docena_2': 7, 'docena_3': 4, 'columna_1': 2, 'columna_2': 6, 'columna_3': 0}
[2026-05-05 08:03:37.261] [INFO    ] [bot.scanner] 🔥 Roulette Italia Tricolore: Nuevos -> [17]
[2026-05-05 08:03:37.277] [DEBUG   ] [bot.scanner] TG check: Roulette Italia Tricolore Delays={'docena_1': 2, 'docena_2': 0, 'docena_3': 3, 'columna_1': 9, 'columna_2': 0, 'columna_3': 2}
[2026-05-05 08:03:42.116] [INFO    ] [bot.scanner] 🔥 Roulette Macao: Nuevos -> [34]
[2026-05-05 08:03:42.129] [DEBUG   ] [bot.scanner] TG check: Roulette Macao Delays={'docena_1': 3, 'docena_2': 6, 'docena_3': 0, 'columna_1': 0, 'columna_2': 1, 'columna_3': 2}
[2026-05-05 08:03:50.845] [INFO    ] [bot.scanner] 🔥 Roulette 1: Nuevos -> [18]
[2026-05-05 08:03:50.861] [DEBUG   ] [bot.scanner] TG check: Roulette 1 Delays={'docena_1': 5, 'docena_2': 0, 'docena_3': 9, 'columna_1': 2, 'columna_2': 6, 'columna_3': 0}
[2026-05-05 08:03:54.639] [INFO    ] [bot.scanner] 🔥 Stake Roulette: Nuevos -> [2]
[2026-05-05 08:03:54.660] [DEBUG   ] [bot.scanner] TG check: Stake Roulette Delays={'docena_1': 0, 'docena_2': 8, 'docena_3': 1, 'columna_1': 4, 'columna_2': 0, 'columna_3': 2}
[2026-05-05 08:03:57.489] [INFO    ] [bot.scanner] 🔥 Russian Roulette: Nuevos -> [0]
[2026-05-05 08:03:57.505] [DEBUG   ] [bot.scanner] TG check: Russian Roulette Delays={'docena_1': 2, 'docena_2': 7, 'docena_3': 1, 'columna_1': 1, 'columna_2': 8, 'columna_3': 4}
[2026-05-05 08:03:58.035] [INFO    ] [bot.scanner] 🔥 Dutch Roulette: Nuevos -> [16]
[2026-05-05 08:03:58.052] [DEBUG   ] [bot.scanner] TG check: Dutch Roulette Delays={'docena_1': 1, 'docena_2': 0, 'docena_3': 2, 'columna_1': 0, 'columna_2': 3, 'columna_3': 1}
[2026-05-05 08:03:59.120] [INFO    ] [bot.scanner] 🔥 Ruleta Latina: Nuevos -> [19]
[2026-05-05 08:03:59.135] [DEBUG   ] [bot.scanner] TG check: Ruleta Latina Delays={'docena_1': 1, 'docena_2': 0, 'docena_3': 6, 'columna_1': 0, 'columna_2': 1, 'columna_3': 3}
[2026-05-05 08:04:01.280] [INFO    ] [bot.scanner] 🔥 Roulette 3: Nuevos -> [29]
[2026-05-05 08:04:01.303] [DEBUG   ] [bot.scanner] TG check: Roulette 3 Delays={'docena_1': 4, 'docena_2': 1, 'docena_3': 0, 'columna_1': 1, 'columna_2': 0, 'columna_3': 2}
[2026-05-05 08:04:02.987] [INFO    ] [bot.scanner] 🔥 Brazilian Mega Roulette: Nuevos -> [24]
[2026-05-05 08:04:03.007] [DEBUG   ] [bot.scanner] TG check: Brazilian Mega Roulette Delays={'docena_1': 1, 'docena_2': 0, 'docena_3': 4, 'columna_1': 1, 'columna_2': 2, 'columna_3': 0}
[2026-05-05 08:04:05.175] [INFO    ] [bot.scanner] 🔥 Turkish Roulette: Nuevos -> [31]
[2026-05-05 08:04:05.191] [DEBUG   ] [bot.scanner] TG check: Turkish Roulette Delays={'docena_1': 5, 'docena_2': 3, 'docena_3': 0, 'columna_1': 0, 'columna_2': 1, 'columna_3': 2}
[2026-05-05 08:04:05.728] [INFO    ] [bot.scanner] 🔥 German Roulette: Nuevos -> [18]
[2026-05-05 08:04:05.745] [DEBUG   ] [bot.scanner] TG check: German Roulette Delays={'docena_1': 2, 'docena_2': 0, 'docena_3': 5, 'columna_1': 2, 'columna_2': 9, 'columna_3': 0}
[2026-05-05 08:04:06.290] [INFO    ] [bot.scanner] 🔥 Romanian Roulette: Nuevos -> [13]
[2026-05-05 08:04:06.307] [DEBUG   ] [bot.scanner] TG check: Romanian Roulette Delays={'docena_1': 1, 'docena_2': 0, 'docena_3': 3, 'columna_1': 0, 'columna_2': 3, 'columna_3': 2}
[2026-05-05 08:04:10.107] [INFO    ] [bot.scanner] 🔥 Brazilian Roulette: Nuevos -> [13]
[2026-05-05 08:04:10.125] [DEBUG   ] [bot.scanner] TG check: Brazilian Roulette Delays={'docena_1': 1, 'docena_2': 0, 'docena_3': 3, 'columna_1': 0, 'columna_2': 4, 'columna_3': 1}
[2026-05-05 08:04:12.233] [INFO    ] [bot.scanner] 🔥 Roulette 2 Extra Time: Nuevos -> [16]
[2026-05-05 08:04:12.248] [DEBUG   ] [bot.scanner] TG check: Roulette 2 Extra Time Delays={'docena_1': 8, 'docena_2': 0, 'docena_3': 1, 'columna_1': 0, 'columna_2': 1, 'columna_3': 4}
[2026-05-05 08:04:13.853] [INFO    ] [bot.scanner] 🔥 Auto Roulette: Nuevos -> [9]
[2026-05-05 08:04:13.880] [DEBUG   ] [bot.scanner] TG check: Auto Roulette Delays={'docena_1': 0, 'docena_2': 8, 'docena_3': 5, 'columna_1': 3, 'columna_2': 7, 'columna_3': 0}
[2026-05-05 08:04:16.659] [INFO    ] [bot.scanner] 🔥 Roulette Italia Tricolore: Nuevos -> [12]
[2026-05-05 08:04:18.454] [DEBUG   ] [bot.scanner] TG check: Roulette Italia Tricolore Delays={'docena_1': 0, 'docena_2': 1, 'docena_3': 4, 'columna_1': 10, 'columna_2': 1, 'columna_3': 0}
[2026-05-05 08:04:21.157] [INFO    ] [bot.scanner] 🔥 Mega Roulette: Nuevos -> [6]
[2026-05-05 08:04:21.174] [DEBUG   ] [bot.scanner] TG check: Mega Roulette Delays={'docena_1': 0, 'docena_2': 2, 'docena_3': 5, 'columna_1': 1, 'columna_2': 4, 'columna_3': 0}
[2026-05-05 08:04:23.376] [INFO    ] [bot.scanner] 🔥 Roulette Macao: Nuevos -> [24]
[2026-05-05 08:04:23.395] [DEBUG   ] [bot.scanner] TG check: Roulette Macao Delays={'docena_1': 4, 'docena_2': 0, 'docena_3': 1, 'columna_1': 1, 'columna_2': 2, 'columna_3': 0}
[2026-05-05 08:04:25.065] [INFO    ] [bot.scanner] 🔥 Lucky 6 Roulette: Nuevos -> [33]
[2026-05-05 08:04:25.086] [DEBUG   ] [bot.scanner] TG check: Lucky 6 Roulette Delays={'docena_1': 5, 'docena_2': 2, 'docena_3': 0, 'columna_1': 1, 'columna_2': 3, 'columna_3': 0}
[2026-05-05 08:04:29.516] [INFO    ] [bot.scanner] 🔥 Dutch Roulette: Nuevos -> [27]
[2026-05-05 08:04:29.535] [DEBUG   ] [bot.scanner] TG check: Dutch Roulette Delays={'docena_1': 2, 'docena_2': 1, 'docena_3': 0, 'columna_1': 1, 'columna_2': 4, 'columna_3': 0}
[2026-05-05 08:04:32.226] [INFO    ] [bot.scanner] 🔥 Roulette 1: Nuevos -> [21]
[2026-05-05 08:04:33.818] [DEBUG   ] [bot.scanner] TG check: Roulette 1 Delays={'docena_1': 6, 'docena_2': 0, 'docena_3': 10, 'columna_1': 3, 'columna_2': 7, 'columna_3': 0}
[2026-05-05 08:04:36.034] [INFO    ] [bot.scanner] 🔥 Brazilian Mega Roulette: Nuevos -> [17]
[2026-05-05 08:04:36.051] [DEBUG   ] [bot.scanner] TG check: Brazilian Mega Roulette Delays={'docena_1': 2, 'docena_2': 0, 'docena_3': 5, 'columna_1': 2, 'columna_2': 0, 'columna_3': 1}
[2026-05-05 08:04:37.678] [INFO    ] [bot.scanner] 🔥 Stake Roulette: Nuevos -> [12]
[2026-05-05 08:04:37.700] [DEBUG   ] [bot.scanner] TG check: Stake Roulette Delays={'docena_1': 0, 'docena_2': 9, 'docena_3': 2, 'columna_1': 5, 'columna_2': 1, 'columna_3': 0}
[2026-05-05 08:04:38.238] [INFO    ] [bot.scanner] 🔥 Turkish Roulette: Nuevos -> [22]
[2026-05-05 08:04:38.255] [DEBUG   ] [bot.scanner] TG check: Turkish Roulette Delays={'docena_1': 6, 'docena_2': 0, 'docena_3': 1, 'columna_1': 0, 'columna_2': 2, 'columna_3': 3}
[2026-05-05 08:04:40.452] [INFO    ] [bot.scanner] 🔥 Russian Roulette: Nuevos -> [16]
[2026-05-05 08:04:40.471] [DEBUG   ] [bot.scanner] TG check: Russian Roulette Delays={'docena_1': 3, 'docena_2': 0, 'docena_3': 2, 'columna_1': 0, 'columna_2': 9, 'columna_3': 5}
[2026-05-05 08:04:42.064] [INFO    ] [bot.scanner] 🔥 Ruleta Latina: Nuevos -> [1]
[2026-05-05 08:04:42.078] [DEBUG   ] [bot.scanner] TG check: Ruleta Latina Delays={'docena_1': 0, 'docena_2': 1, 'docena_3': 7, 'columna_1': 0, 'columna_2': 2, 'columna_3': 4}
[2026-05-05 08:04:44.264] [INFO    ] [bot.scanner] 🔥 Roulette 3: Nuevos -> [29]
[2026-05-05 08:04:44.297] [DEBUG   ] [bot.scanner] TG check: Roulette 3 Delays={'docena_1': 5, 'docena_2': 2, 'docena_3': 0, 'columna_1': 2, 'columna_2': 0, 'columna_3': 3}
[2026-05-05 08:04:47.076] [INFO    ] [bot.scanner] 🔥 Auto Roulette: Nuevos -> [17]
[2026-05-05 08:04:47.090] [DEBUG   ] [bot.scanner] TG check: Auto Roulette Delays={'docena_1': 1, 'docena_2': 0, 'docena_3': 6, 'columna_1': 4, 'columna_2': 0, 'columna_3': 1}
[2026-05-05 08:04:48.700] [INFO    ] [bot.scanner] 🔥 German Roulette: Nuevos -> [32]
[2026-05-05 08:04:48.716] [DEBUG   ] [bot.scanner] TG check: German Roulette Delays={'docena_1': 3, 'docena_2': 1, 'docena_3': 0, 'columna_1': 3, 'columna_2': 0, 'columna_3': 1}
[2026-05-05 08:04:49.252] [INFO    ] [bot.scanner] 🔥 Romanian Roulette: Nuevos -> [22]
[2026-05-05 08:04:49.265] [DEBUG   ] [bot.scanner] TG check: Romanian Roulette Delays={'docena_1': 2, 'docena_2': 0, 'docena_3': 4, 'columna_1': 0, 'columna_2': 4, 'columna_3': 3}
[2026-05-05 08:04:53.146] [INFO    ] [bot.scanner] 🔥 Brazilian Roulette: Nuevos -> [26]
[2026-05-05 08:04:53.160] [DEBUG   ] [bot.scanner] TG check: Brazilian Roulette Delays={'docena_1': 2, 'docena_2': 1, 'docena_3': 0, 'columna_1': 1, 'columna_2': 0, 'columna_3': 2}
[2026-05-05 08:04:54.824] [INFO    ] [bot.scanner] 🔥 Roulette Macao: Nuevos -> [5]
[2026-05-05 08:04:54.840] [DEBUG   ] [bot.scanner] TG check: Roulette Macao Delays={'docena_1': 0, 'docena_2': 1, 'docena_3': 2, 'columna_1': 2, 'columna_2': 0, 'columna_3': 1}
[2026-05-05 08:04:55.367] [INFO    ] [bot.scanner] 🔥 Roulette 2 Extra Time: Nuevos -> [4]
[2026-05-05 08:04:55.387] [DEBUG   ] [bot.scanner] TG check: Roulette 2 Extra Time Delays={'docena_1': 0, 'docena_2': 1, 'docena_3': 2, 'columna_1': 0, 'columna_2': 2, 'columna_3': 5}
[2026-05-05 08:04:59.656] [INFO    ] [bot.scanner] 🔥 Roulette Italia Tricolore: Nuevos -> [34]
[2026-05-05 08:04:59.672] [DEBUG   ] [bot.scanner] TG check: Roulette Italia Tricolore Delays={'docena_1': 1, 'docena_2': 2, 'docena_3': 0, 'columna_1': 0, 'columna_2': 2, 'columna_3': 1}
[2026-05-05 08:05:02.439] [INFO    ] [bot.scanner] 🔥 Mega Roulette: Nuevos -> [33]
[2026-05-05 08:05:02.456] [DEBUG   ] [bot.scanner] TG check: Mega Roulette Delays={'docena_1': 1, 'docena_2': 3, 'docena_3': 0, 'columna_1': 2, 'columna_2': 5, 'columna_3': 0}
[2026-05-05 08:05:03.533] [INFO    ] [bot.scanner] 🔥 Roulette 1: Nuevos -> [24]
[2026-05-05 08:05:03.560] [DEBUG   ] [bot.scanner] TG check: Roulette 1 Delays={'docena_1': 7, 'docena_2': 0, 'docena_3': 11, 'columna_1': 4, 'columna_2': 8, 'columna_3': 0}
[2026-05-05 08:05:06.332] [INFO    ] [bot.scanner] 🔥 Lucky 6 Roulette: Nuevos -> [7]
[2026-05-05 08:05:06.349] [DEBUG   ] [bot.scanner] TG check: Lucky 6 Roulette Delays={'docena_1': 0, 'docena_2': 3, 'docena_3': 1, 'columna_1': 0, 'columna_2': 4, 'columna_3': 1}
[2026-05-05 08:05:10.090] [INFO    ] [bot.scanner] 🔥 Russian Roulette: Nuevos -> [28]
[2026-05-05 08:05:12.424] [DEBUG   ] [bot.scanner] TG check: Russian Roulette Delays={'docena_1': 4, 'docena_2': 1, 'docena_3': 0, 'columna_1': 0, 'columna_2': 10, 'columna_3': 6}
[2026-05-05 08:05:12.985] [INFO    ] [bot.scanner] 🔥 Dutch Roulette: Nuevos -> [14]
[2026-05-05 08:05:13.007] [DEBUG   ] [bot.scanner] TG check: Dutch Roulette Delays={'docena_1': 3, 'docena_2': 0, 'docena_3': 1, 'columna_1': 2, 'columna_2': 0, 'columna_3': 1}
[2026-05-05 08:05:14.067] [INFO    ] [bot.scanner] 🔥 Ruleta Latina: Nuevos -> [27]
[2026-05-05 08:05:14.084] [DEBUG   ] [bot.scanner] TG check: Ruleta Latina Delays={'docena_1': 1, 'docena_2': 2, 'docena_3': 0, 'columna_1': 1, 'columna_2': 3, 'columna_3': 0}
[2026-05-05 08:05:17.823] [INFO    ] [bot.scanner] 🔥 Brazilian Mega Roulette: Nuevos -> [26]
[2026-05-05 08:05:17.839] [DEBUG   ] [bot.scanner] TG check: Brazilian Mega Roulette Delays={'docena_1': 3, 'docena_2': 1, 'docena_3': 0, 'columna_1': 3, 'columna_2': 0, 'columna_3': 2}
[2026-05-05 08:05:19.419] [INFO    ] [bot.scanner] 🔥 Stake Roulette: Nuevos -> [10]
[2026-05-05 08:05:22.031] [DEBUG   ] [bot.scanner] TG check: Stake Roulette Delays={'docena_1': 0, 'docena_2': 10, 'docena_3': 3, 'columna_1': 0, 'columna_2': 2, 'columna_3': 1}
[2026-05-05 08:05:22.561] [INFO    ] [bot.scanner] 🔥 Turkish Roulette: Nuevos -> [21]
[2026-05-05 08:05:22.575] [DEBUG   ] [bot.scanner] TG check: Turkish Roulette Delays={'docena_1': 7, 'docena_2': 0, 'docena_3': 2, 'columna_1': 1, 'columna_2': 3, 'columna_3': 0}
[2026-05-05 08:05:23.645] [INFO    ] [bot.scanner] 🔥 Romanian Roulette: Nuevos -> [10]
[2026-05-05 08:05:23.659] [DEBUG   ] [bot.scanner] TG check: Romanian Roulette Delays={'docena_1': 0, 'docena_2': 1, 'docena_3': 5, 'columna_1': 0, 'columna_2': 5, 'columna_3': 4}
[2026-05-05 08:05:27.380] [INFO    ] [bot.scanner] 🔥 Brazilian Roulette: Nuevos -> [2]
[2026-05-05 08:05:27.400] [DEBUG   ] [bot.scanner] TG check: Brazilian Roulette Delays={'docena_1': 0, 'docena_2': 2, 'docena_3': 1, 'columna_1': 2, 'columna_2': 0, 'columna_3': 3}
[2026-05-05 08:05:28.493] [INFO    ] [bot.scanner] 🔥 Roulette 3: Nuevos -> [0]
[2026-05-05 08:05:28.506] [DEBUG   ] [bot.scanner] TG check: Roulette 3 Delays={'docena_1': 6, 'docena_2': 3, 'docena_3': 1, 'columna_1': 3, 'columna_2': 1, 'columna_3': 4}
[2026-05-05 08:05:31.211] [INFO    ] [bot.scanner] 🔥 Auto Roulette: Nuevos -> [9]
[2026-05-05 08:05:31.246] [DEBUG   ] [bot.scanner] TG check: Auto Roulette Delays={'docena_1': 0, 'docena_2': 1, 'docena_3': 7, 'columna_1': 5, 'columna_2': 1, 'columna_3': 0}
[2026-05-05 08:05:32.923] [INFO    ] [bot.scanner] 🔥 German Roulette: Nuevos -> [26]
[2026-05-05 08:05:32.937] [DEBUG   ] [bot.scanner] TG check: German Roulette Delays={'docena_1': 4, 'docena_2': 2, 'docena_3': 0, 'columna_1': 4, 'columna_2': 0, 'columna_3': 2}
[2026-05-05 08:05:34.025] [INFO    ] [bot.scanner] 🔥 Roulette Italia Tricolore: Nuevos -> [19]
[2026-05-05 08:05:34.044] [DEBUG   ] [bot.scanner] TG check: Roulette Italia Tricolore Delays={'docena_1': 2, 'docena_2': 0, 'docena_3': 1, 'columna_1': 0, 'columna_2': 3, 'columna_3': 2}
[2026-05-05 08:05:36.741] [INFO    ] [bot.scanner] 🔥 Mega Roulette: Nuevos -> [9]
[2026-05-05 08:05:36.756] [DEBUG   ] [bot.scanner] TG check: Mega Roulette Delays={'docena_1': 0, 'docena_2': 4, 'docena_3': 1, 'columna_1': 3, 'columna_2': 6, 'columna_3': 0}
[2026-05-05 08:05:38.971] [INFO    ] [bot.scanner] 🔥 Roulette Macao: Nuevos -> [36]
[2026-05-05 08:05:38.990] [DEBUG   ] [bot.scanner] TG check: Roulette Macao Delays={'docena_1': 1, 'docena_2': 2, 'docena_3': 0, 'columna_1': 3, 'columna_2': 1, 'columna_3': 0}
[2026-05-05 08:05:39.530] [INFO    ] [bot.scanner] 🔥 Roulette 2 Extra Time: Nuevos -> [33]
[2026-05-05 08:05:39.545] [DEBUG   ] [bot.scanner] TG check: Roulette 2 Extra Time Delays={'docena_1': 1, 'docena_2': 2, 'docena_3': 0, 'columna_1': 1, 'columna_2': 3, 'columna_3': 0}
[2026-05-05 08:05:40.655] [INFO    ] [bot.scanner] 🔥 Lucky 6 Roulette: Nuevos -> [35]
[2026-05-05 08:05:40.668] [DEBUG   ] [bot.scanner] TG check: Lucky 6 Roulette Delays={'docena_1': 1, 'docena_2': 4, 'docena_3': 0, 'columna_1': 1, 'columna_2': 0, 'columna_3': 2}
[2026-05-05 08:05:45.113] [INFO    ] [bot.scanner] 🔥 Dutch Roulette: Nuevos -> [34]
[2026-05-05 08:05:45.126] [DEBUG   ] [bot.scanner] TG check: Dutch Roulette Delays={'docena_1': 4, 'docena_2': 1, 'docena_3': 0, 'columna_1': 0, 'columna_2': 1, 'columna_3': 2}
[2026-05-05 08:05:47.915] [INFO    ] [bot.scanner] 🔥 Roulette 1: Nuevos -> [18]
[2026-05-05 08:05:47.936] [DEBUG   ] [bot.scanner] TG check: Roulette 1 Delays={'docena_1': 8, 'docena_2': 0, 'docena_3': 12, 'columna_1': 5, 'columna_2': 9, 'columna_3': 0}
[2026-05-05 08:05:51.740] [INFO    ] [bot.scanner] 🔥 Stake Roulette: Nuevos -> [28]
[2026-05-05 08:05:51.761] [DEBUG   ] [bot.scanner] TG check: Stake Roulette Delays={'docena_1': 1, 'docena_2': 11, 'docena_3': 0, 'columna_1': 0, 'columna_2': 3, 'columna_3': 2}
[2026-05-05 08:05:54.513] [INFO    ] [bot.scanner] 🔥 Russian Roulette: Nuevos -> [26]
[2026-05-05 08:05:54.532] [DEBUG   ] [bot.scanner] TG check: Russian Roulette Delays={'docena_1': 5, 'docena_2': 2, 'docena_3': 0, 'columna_1': 1, 'columna_2': 0, 'columna_3': 7}
[2026-05-05 08:05:56.112] [INFO    ] [bot.scanner] 🔥 Ruleta Latina: Nuevos -> [4]
[2026-05-05 08:05:56.128] [DEBUG   ] [bot.scanner] TG check: Ruleta Latina Delays={'docena_1': 0, 'docena_2': 3, 'docena_3': 1, 'columna_1': 0, 'columna_2': 4, 'columna_3': 1}
[2026-05-05 08:06:00.049] [INFO    ] [bot.scanner] 🔥 Brazilian Mega Roulette: Nuevos -> [27]
[2026-05-05 08:06:00.065] [DEBUG   ] [bot.scanner] TG check: Brazilian Mega Roulette Delays={'docena_1': 4, 'docena_2': 2, 'docena_3': 0, 'columna_1': 4, 'columna_2': 1, 'columna_3': 0}
[2026-05-05 08:06:01.156] [INFO    ] [bot.scanner] 🔥 Auto Roulette: Nuevos -> [3]
[2026-05-05 08:06:01.185] [DEBUG   ] [bot.scanner] TG check: Auto Roulette Delays={'docena_1': 0, 'docena_2': 2, 'docena_3': 8, 'columna_1': 6, 'columna_2': 2, 'columna_3': 0}
[2026-05-05 08:06:02.283] [INFO    ] [bot.scanner] 🔥 Turkish Roulette: Nuevos -> [6]
[2026-05-05 08:06:02.296] [DEBUG   ] [bot.scanner] TG check: Turkish Roulette Delays={'docena_1': 0, 'docena_2': 1, 'docena_3': 3, 'columna_1': 2, 'columna_2': 4, 'columna_3': 0}
[2026-05-05 08:06:03.384] [INFO    ] [bot.scanner] 🔥 Romanian Roulette: Nuevos -> [23]
[2026-05-05 08:06:03.412] [DEBUG   ] [bot.scanner] TG check: Romanian Roulette Delays={'docena_1': 1, 'docena_2': 0, 'docena_3': 6, 'columna_1': 1, 'columna_2': 0, 'columna_3': 5}
[2026-05-05 08:06:08.321] [INFO    ] [bot.scanner] 🔥 Roulette 3: Nuevos -> [32]
[2026-05-05 08:06:08.350] [DEBUG   ] [bot.scanner] TG check: Roulette 3 Delays={'docena_1': 7, 'docena_2': 4, 'docena_3': 0, 'columna_1': 4, 'columna_2': 0, 'columna_3': 5}
[2026-05-05 08:06:12.581] [INFO    ] [bot.scanner] 🔥 German Roulette: Nuevos -> [0]
[2026-05-05 08:06:12.600] [DEBUG   ] [bot.scanner] TG check: German Roulette Delays={'docena_1': 5, 'docena_2': 3, 'docena_3': 1, 'columna_1': 5, 'columna_2': 1, 'columna_3': 3}
[2026-05-05 08:06:13.690] [INFO    ] [bot.scanner] 🔥 Roulette Italia Tricolore: Nuevos -> [23]
[2026-05-05 08:06:13.705] [DEBUG   ] [bot.scanner] TG check: Roulette Italia Tricolore Delays={'docena_1': 3, 'docena_2': 0, 'docena_3': 2, 'columna_1': 1, 'columna_2': 0, 'columna_3': 3}
[2026-05-05 08:06:16.898] [INFO    ] [bot.scanner] 🔥 Brazilian Roulette: Nuevos -> [13]
[2026-05-05 08:06:16.913] [DEBUG   ] [bot.scanner] TG check: Brazilian Roulette Delays={'docena_1': 1, 'docena_2': 0, 'docena_3': 2, 'columna_1': 0, 'columna_2': 1, 'columna_3': 4}
[2026-05-05 08:06:18.588] [INFO    ] [bot.scanner] 🔥 Roulette Macao: Nuevos -> [20]
[2026-05-05 08:06:18.609] [DEBUG   ] [bot.scanner] TG check: Roulette Macao Delays={'docena_1': 2, 'docena_2': 0, 'docena_3': 1, 'columna_1': 4, 'columna_2': 0, 'columna_3': 1}
[2026-05-05 08:06:19.136] [INFO    ] [bot.scanner] 🔥 Roulette 2 Extra Time: Nuevos -> [32]
[2026-05-05 08:06:19.152] [DEBUG   ] [bot.scanner] TG check: Roulette 2 Extra Time Delays={'docena_1': 2, 'docena_2': 3, 'docena_3': 0, 'columna_1': 2, 'columna_2': 0, 'columna_3': 1}
[2026-05-05 08:06:24.567] [INFO    ] [bot.scanner] 🔥 Dutch Roulette: Nuevos -> [7]
[2026-05-05 08:06:24.603] [DEBUG   ] [bot.scanner] TG check: Dutch Roulette Delays={'docena_1': 0, 'docena_2': 2, 'docena_3': 1, 'columna_1': 0, 'columna_2': 2, 'columna_3': 3}
[2026-05-05 08:06:26.216] [INFO    ] [bot.scanner] 🔥 Mega Roulette: Nuevos -> [28]
[2026-05-05 08:06:26.235] [DEBUG   ] [bot.scanner] TG check: Mega Roulette Delays={'docena_1': 1, 'docena_2': 5, 'docena_3': 0, 'columna_1': 0, 'columna_2': 7, 'columna_3': 1}
[2026-05-05 08:06:27.368] [INFO    ] [bot.scanner] 🔥 Roulette 1: Nuevos -> [9]
[2026-05-05 08:06:29.880] [DEBUG   ] [bot.scanner] TG check: Roulette 1 Delays={'docena_1': 0, 'docena_2': 1, 'docena_3': 13, 'columna_1': 6, 'columna_2': 10, 'columna_3': 0}
[2026-05-05 08:06:32.625] [INFO    ] [bot.scanner] 🔥 Lucky 6 Roulette: Nuevos -> [13]
[2026-05-05 08:06:32.650] [DEBUG   ] [bot.scanner] TG check: Lucky 6 Roulette Delays={'docena_1': 2, 'docena_2': 0, 'docena_3': 1, 'columna_1': 0, 'columna_2': 1, 'columna_3': 3}
[2026-05-05 08:06:33.736] [INFO    ] [bot.scanner] 🔥 Stake Roulette: Nuevos -> [31]
[2026-05-05 08:06:33.750] [DEBUG   ] [bot.scanner] TG check: Stake Roulette Delays={'docena_1': 2, 'docena_2': 12, 'docena_3': 0, 'columna_1': 0, 'columna_2': 4, 'columna_3': 3}
[2026-05-05 08:06:34.285] [INFO    ] [bot.scanner] 🔥 Turkish Roulette: Nuevos -> [21]
[2026-05-05 08:06:34.298] [DEBUG   ] [bot.scanner] TG check: Turkish Roulette Delays={'docena_1': 1, 'docena_2': 0, 'docena_3': 4, 'columna_1': 3, 'columna_2': 5, 'columna_3': 0}
[2026-05-05 08:06:35.379] [INFO    ] [bot.scanner] 🔥 Romanian Roulette: Nuevos -> [30]
[2026-05-05 08:06:35.394] [DEBUG   ] [bot.scanner] TG check: Romanian Roulette Delays={'docena_1': 2, 'docena_2': 1, 'docena_3': 0, 'columna_1': 2, 'columna_2': 1, 'columna_3': 0}
[2026-05-05 08:06:36.482] [INFO    ] [bot.scanner] 🔥 Russian Roulette: Nuevos -> [13]
[2026-05-05 08:06:36.500] [DEBUG   ] [bot.scanner] TG check: Russian Roulette Delays={'docena_1': 6, 'docena_2': 0, 'docena_3': 1, 'columna_1': 0, 'columna_2': 1, 'columna_3': 8}
[2026-05-05 08:06:38.109] [INFO    ] [bot.scanner] 🔥 Ruleta Latina: Nuevos -> [30]
[2026-05-05 08:06:38.130] [DEBUG   ] [bot.scanner] TG check: Ruleta Latina Delays={'docena_1': 1, 'docena_2': 4, 'docena_3': 0, 'columna_1': 1, 'columna_2': 5, 'columna_3': 0}
[2026-05-05 08:06:40.430] [INFO    ] [bot.scanner] 🔥 Roulette 3: Nuevos -> [22]
[2026-05-05 08:06:40.451] [DEBUG   ] [bot.scanner] TG check: Roulette 3 Delays={'docena_1': 8, 'docena_2': 0, 'docena_3': 1, 'columna_1': 0, 'columna_2': 1, 'columna_3': 6}
[2026-05-05 08:06:42.114] [INFO    ] [bot.scanner] 🔥 Brazilian Mega Roulette: Nuevos -> [9]
[2026-05-05 08:06:42.132] [DEBUG   ] [bot.scanner] TG check: Brazilian Mega Roulette Delays={'docena_1': 0, 'docena_2': 3, 'docena_3': 1, 'columna_1': 5, 'columna_2': 2, 'columna_3': 0}
[2026-05-05 08:06:43.231] [INFO    ] [bot.scanner] 🔥 Auto Roulette: Nuevos -> [3]
[2026-05-05 08:06:43.247] [DEBUG   ] [bot.scanner] TG check: Auto Roulette Delays={'docena_1': 0, 'docena_2': 3, 'docena_3': 9, 'columna_1': 7, 'columna_2': 3, 'columna_3': 0}
[2026-05-05 08:06:49.187] [INFO    ] [bot.scanner] 🔥 Brazilian Roulette: Nuevos -> [30]
[2026-05-05 08:06:49.211] [DEBUG   ] [bot.scanner] TG check: Brazilian Roulette Delays={'docena_1': 2, 'docena_2': 1, 'docena_3': 0, 'columna_1': 1, 'columna_2': 2, 'columna_3': 0}
[2026-05-05 08:06:50.796] [INFO    ] [bot.scanner] 🔥 Roulette Macao: Nuevos -> [30]
[2026-05-05 08:06:50.812] [DEBUG   ] [bot.scanner] TG check: Roulette Macao Delays={'docena_1': 3, 'docena_2': 1, 'docena_3': 0, 'columna_1': 5, 'columna_2': 1, 'columna_3': 0}
[2026-05-05 08:06:54.596] [INFO    ] [bot.scanner] 🔥 German Roulette: Nuevos -> [23]
[2026-05-05 08:06:54.615] [DEBUG   ] [bot.scanner] TG check: German Roulette Delays={'docena_1': 6, 'docena_2': 0, 'docena_3': 2, 'columna_1': 6, 'columna_2': 0, 'columna_3': 4}
[2026-05-05 08:06:55.831] [INFO    ] [bot.scanner] 🔥 Roulette Italia Tricolore: Nuevos -> [20]
[2026-05-05 08:06:55.846] [DEBUG   ] [bot.scanner] TG check: Roulette Italia Tricolore Delays={'docena_1': 4, 'docena_2': 0, 'docena_3': 3, 'columna_1': 2, 'columna_2': 0, 'columna_3': 4}
[2026-05-05 08:06:56.934] [INFO    ] [bot.scanner] 🔥 Dutch Roulette: Nuevos -> [24]
[2026-05-05 08:06:56.959] [DEBUG   ] [bot.scanner] TG check: Dutch Roulette Delays={'docena_1': 1, 'docena_2': 0, 'docena_3': 2, 'columna_1': 1, 'columna_2': 3, 'columna_3': 0}
[2026-05-05 08:06:59.578] [INFO    ] [bot.scanner] 🔥 Roulette 1: Nuevos -> [24]
[2026-05-05 08:06:59.603] [DEBUG   ] [bot.scanner] TG check: Roulette 1 Delays={'docena_1': 1, 'docena_2': 0, 'docena_3': 14, 'columna_1': 7, 'columna_2': 11, 'columna_3': 0}
[2026-05-05 08:07:07.853] [INFO    ] [bot.scanner] 🔥 Ruleta Latina: Nuevos -> [24]
[2026-05-05 08:07:07.871] [DEBUG   ] [bot.scanner] TG check: Ruleta Latina Delays={'docena_1': 2, 'docena_2': 0, 'docena_3': 1, 'columna_1': 2, 'columna_2': 6, 'columna_3': 0}
[2026-05-05 08:07:08.399] [INFO    ] [bot.scanner] 🔥 Mega Roulette: Nuevos -> [14]
[2026-05-05 08:07:08.414] [DEBUG   ] [bot.scanner] TG check: Mega Roulette Delays={'docena_1': 2, 'docena_2': 0, 'docena_3': 1, 'columna_1': 1, 'columna_2': 0, 'columna_3': 2}
[2026-05-05 08:07:11.111] [INFO    ] [bot.scanner] 🔥 Roulette 2 Extra Time: Nuevos -> [6]
[2026-05-05 08:07:11.133] [DEBUG   ] [bot.scanner] TG check: Roulette 2 Extra Time Delays={'docena_1': 0, 'docena_2': 4, 'docena_3': 1, 'columna_1': 3, 'columna_2': 1, 'columna_3': 0}
[2026-05-05 08:07:12.239] [INFO    ] [bot.scanner] 🔥 Lucky 6 Roulette: Nuevos -> [32]
[2026-05-05 08:07:12.262] [DEBUG   ] [bot.scanner] TG check: Lucky 6 Roulette Delays={'docena_1': 3, 'docena_2': 1, 'docena_3': 0, 'columna_1': 1, 'columna_2': 0, 'columna_3': 4}
[2026-05-05 08:07:13.380] [INFO    ] [bot.scanner] 🔥 Stake Roulette: Nuevos -> [16]
[2026-05-05 08:07:13.396] [DEBUG   ] [bot.scanner] TG check: Stake Roulette Delays={'docena_1': 3, 'docena_2': 0, 'docena_3': 1, 'columna_1': 0, 'columna_2': 5, 'columna_3': 4}
[2026-05-05 08:07:13.925] [INFO    ] [bot.scanner] 🔥 Turkish Roulette: Nuevos -> [21]
[2026-05-05 08:07:13.943] [DEBUG   ] [bot.scanner] TG check: Turkish Roulette Delays={'docena_1': 2, 'docena_2': 0, 'docena_3': 5, 'columna_1': 4, 'columna_2': 6, 'columna_3': 0}
[2026-05-05 08:07:15.001] [INFO    ] [bot.scanner] 🔥 Romanian Roulette: Nuevos -> [28]
[2026-05-05 08:07:15.021] [DEBUG   ] [bot.scanner] TG check: Romanian Roulette Delays={'docena_1': 3, 'docena_2': 2, 'docena_3': 0, 'columna_1': 0, 'columna_2': 2, 'columna_3': 1}
[2026-05-05 08:07:16.103] [INFO    ] [bot.scanner] 🔥 Russian Roulette: Nuevos -> [29]
[2026-05-05 08:07:16.115] [DEBUG   ] [bot.scanner] TG check: Russian Roulette Delays={'docena_1': 7, 'docena_2': 1, 'docena_3': 0, 'columna_1': 1, 'columna_2': 0, 'columna_3': 9}
[2026-05-05 08:07:19.924] [INFO    ] [bot.scanner] 🔥 Roulette 3: Nuevos -> [31]
[2026-05-05 08:07:19.944] [DEBUG   ] [bot.scanner] TG check: Roulette 3 Delays={'docena_1': 9, 'docena_2': 1, 'docena_3': 0, 'columna_1': 0, 'columna_2': 2, 'columna_3': 7}
[2026-05-05 08:07:21.570] [INFO    ] [bot.scanner] 🔥 Brazilian Mega Roulette: Nuevos -> [12]
[2026-05-05 08:07:21.590] [DEBUG   ] [bot.scanner] TG check: Brazilian Mega Roulette Delays={'docena_1': 0, 'docena_2': 4, 'docena_3': 2, 'columna_1': 6, 'columna_2': 3, 'columna_3': 0}
[2026-05-05 08:07:22.704] [INFO    ] [bot.scanner] 🔥 Auto Roulette: Nuevos -> [36]
[2026-05-05 08:07:22.725] [DEBUG   ] [bot.scanner] TG check: Auto Roulette Delays={'docena_1': 1, 'docena_2': 4, 'docena_3': 0, 'columna_1': 8, 'columna_2': 4, 'columna_3': 0}
[2026-05-05 08:07:26.608] [INFO    ] [bot.scanner] 🔥 Dutch Roulette: Nuevos -> [30]
[2026-05-05 08:07:26.628] [DEBUG   ] [bot.scanner] TG check: Dutch Roulette Delays={'docena_1': 2, 'docena_2': 1, 'docena_3': 0, 'columna_1': 2, 'columna_2': 4, 'columna_3': 0}
[2026-05-05 08:07:28.782] [INFO    ] [bot.scanner] 🔥 Brazilian Roulette: Nuevos -> [1]
[2026-05-05 08:07:28.802] [DEBUG   ] [bot.scanner] TG check: Brazilian Roulette Delays={'docena_1': 0, 'docena_2': 2, 'docena_3': 1, 'columna_1': 0, 'columna_2': 3, 'columna_3': 1}
[2026-05-05 08:07:30.432] [INFO    ] [bot.scanner] 🔥 Roulette Macao: Nuevos -> [3]
[2026-05-05 08:07:30.450] [DEBUG   ] [bot.scanner] TG check: Roulette Macao Delays={'docena_1': 0, 'docena_2': 2, 'docena_3': 1, 'columna_1': 6, 'columna_2': 2, 'columna_3': 0}
[2026-05-05 08:07:34.319] [INFO    ] [bot.scanner] 🔥 German Roulette: Nuevos -> [17]
[2026-05-05 08:07:34.332] [DEBUG   ] [bot.scanner] TG check: German Roulette Delays={'docena_1': 7, 'docena_2': 0, 'docena_3': 3, 'columna_1': 7, 'columna_2': 0, 'columna_3': 5}
[2026-05-05 08:07:35.408] [INFO    ] [bot.scanner] 🔥 Roulette Italia Tricolore: Nuevos -> [12]
[2026-05-05 08:07:35.426] [DEBUG   ] [bot.scanner] TG check: Roulette Italia Tricolore Delays={'docena_1': 0, 'docena_2': 1, 'docena_3': 4, 'columna_1': 3, 'columna_2': 1, 'columna_3': 0}
[2026-05-05 08:07:37.038] [DEBUG   ] [bot.iframe]    ⏳ Esperando iframe principal (max 15s)...
[2026-05-05 08:07:37.094] [INFO    ] [bot.iframe]    ✅ Cambio a iframe #0 (class='game')
[2026-05-05 08:07:37.094] [DEBUG   ] [bot.iframe]    ⏳ Esperando iframe anidado o elementos del juego (max 15s)...
[2026-05-05 08:07:37.128] [INFO    ] [bot.iframe]    ✅ Elementos del juego encontrados en el iframe principal. No requiere anidado.
[2026-05-05 08:07:39.296] [INFO    ] [bot.scanner] 🔥 Roulette 1: Nuevos -> [30]
[2026-05-05 08:07:39.318] [DEBUG   ] [bot.scanner] TG check: Roulette 1 Delays={'docena_1': 2, 'docena_2': 1, 'docena_3': 0, 'columna_1': 8, 'columna_2': 12, 'columna_3': 0}
[2026-05-05 08:07:43.090] [INFO    ] [bot.scanner] 🔥 Stake Roulette: Nuevos -> [21]
[2026-05-05 08:07:43.108] [DEBUG   ] [bot.scanner] TG check: Stake Roulette Delays={'docena_1': 4, 'docena_2': 0, 'docena_3': 2, 'columna_1': 1, 'columna_2': 6, 'columna_3': 0}
[2026-05-05 08:07:46.346] [DEBUG   ] [bot.scanner] 💓 Heartbeat: ciclo 60, tiles OK en último escaneo: 17
[2026-05-05 08:07:47.458] [INFO    ] [bot.scanner] 🔥 Ruleta Latina: Nuevos -> [36]
[2026-05-05 08:07:47.479] [DEBUG   ] [bot.scanner] TG check: Ruleta Latina Delays={'docena_1': 3, 'docena_2': 1, 'docena_3': 0, 'columna_1': 3, 'columna_2': 7, 'columna_3': 0}
[2026-05-05 08:07:50.742] [INFO    ] [bot.scanner] 🔥 Roulette 2 Extra Time: Nuevos -> [35]
[2026-05-05 08:07:50.759] [DEBUG   ] [bot.scanner] TG check: Roulette 2 Extra Time Delays={'docena_1': 1, 'docena_2': 5, 'docena_3': 0, 'columna_1': 4, 'columna_2': 0, 'columna_3': 1}
[2026-05-05 08:07:51.824] [INFO    ] [bot.scanner] 🔥 Lucky 6 Roulette: Nuevos -> [6]
[2026-05-05 08:07:51.835] [DEBUG   ] [bot.scanner] TG check: Lucky 6 Roulette Delays={'docena_1': 0, 'docena_2': 2, 'docena_3': 1, 'columna_1': 2, 'columna_2': 1, 'columna_3': 0}
[2026-05-05 08:07:53.540] [INFO    ] [bot.scanner] 🔥 Turkish Roulette: Nuevos -> [29]
[2026-05-05 08:07:53.553] [DEBUG   ] [bot.scanner] TG check: Turkish Roulette Delays={'docena_1': 3, 'docena_2': 1, 'docena_3': 0, 'columna_1': 5, 'columna_2': 0, 'columna_3': 1}
[2026-05-05 08:07:54.619] [INFO    ] [bot.scanner] 🔥 Romanian Roulette: Nuevos -> [7]
[2026-05-05 08:07:54.638] [DEBUG   ] [bot.scanner] TG check: Romanian Roulette Delays={'docena_1': 0, 'docena_2': 3, 'docena_3': 1, 'columna_1': 0, 'columna_2': 3, 'columna_3': 2}
[2026-05-05 08:07:55.734] [INFO    ] [bot.scanner] 🔥 Russian Roulette: Nuevos -> [34]
[2026-05-05 08:07:57.108] [DEBUG   ] [bot.scanner] TG check: Russian Roulette Delays={'docena_1': 8, 'docena_2': 2, 'docena_3': 0, 'columna_1': 0, 'columna_2': 1, 'columna_3': 10}
[2026-05-05 08:07:59.273] [INFO    ] [bot.scanner] 🔥 Mega Roulette: Nuevos -> [34]
[2026-05-05 08:07:59.291] [DEBUG   ] [bot.scanner] TG check: Mega Roulette Delays={'docena_1': 3, 'docena_2': 1, 'docena_3': 0, 'columna_1': 0, 'columna_2': 1, 'columna_3': 3}
[2026-05-05 08:08:02.513] [INFO    ] [bot.scanner] 🔥 Brazilian Mega Roulette: Nuevos -> [12]
[2026-05-05 08:08:02.532] [DEBUG   ] [bot.scanner] TG check: Brazilian Mega Roulette Delays={'docena_1': 0, 'docena_2': 5, 'docena_3': 3, 'columna_1': 7, 'columna_2': 4, 'columna_3': 0}
[2026-05-05 08:08:03.683] [INFO    ] [bot.scanner] 🔥 Auto Roulette: Nuevos -> [14]
[2026-05-05 08:08:03.704] [DEBUG   ] [bot.scanner] TG check: Auto Roulette Delays={'docena_1': 2, 'docena_2': 0, 'docena_3': 1, 'columna_1': 9, 'columna_2': 0, 'columna_3': 1}
[2026-05-05 08:08:07.539] [INFO    ] [bot.scanner] 🔥 Dutch Roulette: Nuevos -> [7]
[2026-05-05 08:08:07.577] [DEBUG   ] [bot.scanner] TG check: Dutch Roulette Delays={'docena_1': 0, 'docena_2': 2, 'docena_3': 1, 'columna_1': 0, 'columna_2': 5, 'columna_3': 1}
[2026-05-05 08:08:09.714] [INFO    ] [bot.scanner] 🔥 Brazilian Roulette: Nuevos -> [3]
[2026-05-05 08:08:09.729] [DEBUG   ] [bot.scanner] TG check: Brazilian Roulette Delays={'docena_1': 0, 'docena_2': 3, 'docena_3': 2, 'columna_1': 1, 'columna_2': 4, 'columna_3': 0}
[2026-05-05 08:08:10.805] [INFO    ] [bot.scanner] 🔥 Roulette 3: Nuevos -> [12]
[2026-05-05 08:08:10.823] [DEBUG   ] [bot.scanner] TG check: Roulette 3 Delays={'docena_1': 0, 'docena_2': 2, 'docena_3': 1, 'columna_1': 1, 'columna_2': 3, 'columna_3': 0}
[2026-05-05 08:08:11.363] [INFO    ] [bot.scanner] 🔥 Roulette Macao: Nuevos -> [13]
[2026-05-05 08:08:11.385] [DEBUG   ] [bot.scanner] TG check: Roulette Macao Delays={'docena_1': 1, 'docena_2': 0, 'docena_3': 2, 'columna_1': 0, 'columna_2': 3, 'columna_3': 1}
[2026-05-05 08:08:15.137] [INFO    ] [bot.scanner] 🔥 German Roulette: Nuevos -> [16]
[2026-05-05 08:08:15.155] [DEBUG   ] [bot.scanner] TG check: German Roulette Delays={'docena_1': 8, 'docena_2': 0, 'docena_3': 4, 'columna_1': 0, 'columna_2': 1, 'columna_3': 6}
[2026-05-05 08:08:16.231] [INFO    ] [bot.scanner] 🔥 Roulette Italia Tricolore: Nuevos -> [2]
[2026-05-05 08:08:16.252] [DEBUG   ] [bot.scanner] TG check: Roulette Italia Tricolore Delays={'docena_1': 0, 'docena_2': 2, 'docena_3': 5, 'columna_1': 4, 'columna_2': 0, 'columna_3': 1}
[2026-05-05 08:08:19.958] [INFO    ] [bot.scanner] 🔥 Roulette 1: Nuevos -> [10]
[2026-05-05 08:08:19.977] [DEBUG   ] [bot.scanner] TG check: Roulette 1 Delays={'docena_1': 0, 'docena_2': 2, 'docena_3': 1, 'columna_1': 0, 'columna_2': 13, 'columna_3': 1}
[2026-05-05 08:08:23.961] [INFO    ] [bot.scanner] 🔥 Stake Roulette: Nuevos -> [27]
[2026-05-05 08:08:23.972] [DEBUG   ] [bot.scanner] TG check: Stake Roulette Delays={'docena_1': 5, 'docena_2': 1, 'docena_3': 0, 'columna_1': 2, 'columna_2': 7, 'columna_3': 0}
[2026-05-05 08:08:24.522] [INFO    ] [bot.scanner] 🔥 Turkish Roulette: Nuevos -> [8]
[2026-05-05 08:08:24.535] [DEBUG   ] [bot.scanner] TG check: Turkish Roulette Delays={'docena_1': 0, 'docena_2': 2, 'docena_3': 1, 'columna_1': 6, 'columna_2': 0, 'columna_3': 2}
[2026-05-05 08:08:28.217] [INFO    ] [bot.scanner] 🔥 Ruleta Latina: Nuevos -> [32]
[2026-05-05 08:08:28.229] [DEBUG   ] [bot.scanner] TG check: Ruleta Latina Delays={'docena_1': 4, 'docena_2': 2, 'docena_3': 0, 'columna_1': 4, 'columna_2': 0, 'columna_3': 1}
[2026-05-05 08:08:31.381] [INFO    ] [bot.scanner] 🔥 Roulette 2 Extra Time: Nuevos -> [20]
[2026-05-05 08:08:31.397] [DEBUG   ] [bot.scanner] TG check: Roulette 2 Extra Time Delays={'docena_1': 2, 'docena_2': 0, 'docena_3': 1, 'columna_1': 5, 'columna_2': 0, 'columna_3': 2}
[2026-05-05 08:08:32.968] [INFO    ] [bot.scanner] 🔥 Auto Roulette: Nuevos -> [13]
[2026-05-05 08:08:32.985] [DEBUG   ] [bot.scanner] TG check: Auto Roulette Delays={'docena_1': 3, 'docena_2': 0, 'docena_3': 2, 'columna_1': 0, 'columna_2': 1, 'columna_3': 2}
[2026-05-05 08:08:35.140] [INFO    ] [bot.scanner] 🔥 Romanian Roulette: Nuevos -> [20]
[2026-05-05 08:08:35.157] [DEBUG   ] [bot.scanner] TG check: Romanian Roulette Delays={'docena_1': 1, 'docena_2': 0, 'docena_3': 2, 'columna_1': 1, 'columna_2': 0, 'columna_3': 3}
[2026-05-05 08:08:36.218] [INFO    ] [bot.scanner] 🔥 Russian Roulette: Nuevos -> [1]
[2026-05-05 08:08:36.236] [DEBUG   ] [bot.scanner] TG check: Russian Roulette Delays={'docena_1': 0, 'docena_2': 3, 'docena_3': 1, 'columna_1': 0, 'columna_2': 2, 'columna_3': 11}
[2026-05-05 08:08:36.760] [INFO    ] [bot.scanner] 🔥 Dutch Roulette: Nuevos -> [21]
[2026-05-05 08:08:36.773] [DEBUG   ] [bot.scanner] TG check: Dutch Roulette Delays={'docena_1': 1, 'docena_2': 0, 'docena_3': 2, 'columna_1': 1, 'columna_2': 6, 'columna_3': 0}
[2026-05-05 08:08:38.388] [INFO    ] [bot.scanner] 🔥 Mega Roulette: Nuevos -> [15]
[2026-05-05 08:08:38.406] [DEBUG   ] [bot.scanner] TG check: Mega Roulette Delays={'docena_1': 4, 'docena_2': 0, 'docena_3': 1, 'columna_1': 1, 'columna_2': 2, 'columna_3': 0}
[2026-05-05 08:08:41.632] [INFO    ] [bot.scanner] 🔥 Brazilian Mega Roulette: Nuevos -> [23]
[2026-05-05 08:08:41.647] [DEBUG   ] [bot.scanner] TG check: Brazilian Mega Roulette Delays={'docena_1': 1, 'docena_2': 0, 'docena_3': 4, 'columna_1': 8, 'columna_2': 0, 'columna_3': 1}
[2026-05-05 08:08:42.181] [INFO    ] [bot.scanner] 🔥 Lucky 6 Roulette: Nuevos -> [3]
[2026-05-05 08:08:42.201] [DEBUG   ] [bot.scanner] TG check: Lucky 6 Roulette Delays={'docena_1': 0, 'docena_2': 3, 'docena_3': 2, 'columna_1': 3, 'columna_2': 2, 'columna_3': 0}
[2026-05-05 08:08:45.427] [INFO    ] [bot.scanner] 🔥 Roulette Italia Tricolore: Nuevos -> [35]
[2026-05-05 08:08:45.450] [DEBUG   ] [bot.scanner] TG check: Roulette Italia Tricolore Delays={'docena_1': 1, 'docena_2': 3, 'docena_3': 0, 'columna_1': 5, 'columna_2': 0, 'columna_3': 2}
[2026-05-05 08:08:49.706] [INFO    ] [bot.scanner] 🔥 Roulette 3: Nuevos -> [20]
[2026-05-05 08:08:49.724] [DEBUG   ] [bot.scanner] TG check: Roulette 3 Delays={'docena_1': 1, 'docena_2': 0, 'docena_3': 2, 'columna_1': 2, 'columna_2': 0, 'columna_3': 1}
[2026-05-05 08:08:50.280] [INFO    ] [bot.scanner] 🔥 Roulette Macao: Nuevos -> [29]
[2026-05-05 08:08:50.310] [DEBUG   ] [bot.scanner] TG check: Roulette Macao Delays={'docena_1': 2, 'docena_2': 1, 'docena_3': 0, 'columna_1': 1, 'columna_2': 0, 'columna_3': 2}
[2026-05-05 08:08:58.406] [INFO    ] [bot.scanner] 🔥 Brazilian Roulette: Nuevos -> [26]
[2026-05-05 08:08:58.436] [DEBUG   ] [bot.scanner] TG check: Brazilian Roulette Delays={'docena_1': 1, 'docena_2': 4, 'docena_3': 0, 'columna_1': 2, 'columna_2': 0, 'columna_3': 1}
[2026-05-05 08:08:58.994] [INFO    ] [bot.scanner] 🔥 Roulette 1: Nuevos -> [30]
[2026-05-05 08:08:59.010] [DEBUG   ] [bot.scanner] TG check: Roulette 1 Delays={'docena_1': 1, 'docena_2': 3, 'docena_3': 0, 'columna_1': 1, 'columna_2': 14, 'columna_3': 0}
[2026-05-05 08:09:02.766] [INFO    ] [bot.scanner] 🔥 Stake Roulette: Nuevos -> [7]
[2026-05-05 08:09:02.783] [DEBUG   ] [bot.scanner] TG check: Stake Roulette Delays={'docena_1': 0, 'docena_2': 2, 'docena_3': 1, 'columna_1': 0, 'columna_2': 8, 'columna_3': 1}
[2026-05-05 08:09:03.309] [INFO    ] [bot.scanner] 🔥 Turkish Roulette: Nuevos -> [14]
[2026-05-05 08:09:03.322] [DEBUG   ] [bot.scanner] TG check: Turkish Roulette Delays={'docena_1': 1, 'docena_2': 0, 'docena_3': 2, 'columna_1': 7, 'columna_2': 0, 'columna_3': 3}
[2026-05-05 08:09:03.846] [INFO    ] [bot.scanner] 🔥 German Roulette: Nuevos -> [28]
[2026-05-05 08:09:03.863] [DEBUG   ] [bot.scanner] TG check: German Roulette Delays={'docena_1': 9, 'docena_2': 1, 'docena_3': 0, 'columna_1': 0, 'columna_2': 2, 'columna_3': 7}
[2026-05-05 08:09:07.024] [INFO    ] [bot.scanner] 🔥 Ruleta Latina: Nuevos -> [1]
[2026-05-05 08:09:07.041] [DEBUG   ] [bot.scanner] TG check: Ruleta Latina Delays={'docena_1': 0, 'docena_2': 3, 'docena_3': 1, 'columna_1': 0, 'columna_2': 1, 'columna_3': 2}
[2026-05-05 08:09:10.281] [INFO    ] [bot.scanner] 🔥 Roulette 2 Extra Time: Nuevos -> [33]
[2026-05-05 08:09:10.300] [DEBUG   ] [bot.scanner] TG check: Roulette 2 Extra Time Delays={'docena_1': 3, 'docena_2': 1, 'docena_3': 0, 'columna_1': 6, 'columna_2': 1, 'columna_3': 0}
[2026-05-05 08:09:11.936] [INFO    ] [bot.scanner] 🔥 Auto Roulette: Nuevos -> [14]
[2026-05-05 08:09:11.952] [DEBUG   ] [bot.scanner] TG check: Auto Roulette Delays={'docena_1': 4, 'docena_2': 0, 'docena_3': 3, 'columna_1': 1, 'columna_2': 0, 'columna_3': 3}
[2026-05-05 08:09:14.096] [INFO    ] [bot.scanner] 🔥 Romanian Roulette: Nuevos -> [4]
[2026-05-05 08:09:14.108] [DEBUG   ] [bot.scanner] TG check: Romanian Roulette Delays={'docena_1': 0, 'docena_2': 1, 'docena_3': 3, 'columna_1': 0, 'columna_2': 1, 'columna_3': 4}
[2026-05-05 08:09:15.179] [INFO    ] [bot.scanner] 🔥 Russian Roulette: Nuevos -> [5]
[2026-05-05 08:09:15.198] [DEBUG   ] [bot.scanner] TG check: Russian Roulette Delays={'docena_1': 0, 'docena_2': 4, 'docena_3': 2, 'columna_1': 1, 'columna_2': 0, 'columna_3': 12}
[2026-05-05 08:09:15.725] [INFO    ] [bot.scanner] 🔥 Dutch Roulette: Nuevos -> [14]
[2026-05-05 08:09:15.739] [DEBUG   ] [bot.scanner] TG check: Dutch Roulette Delays={'docena_1': 2, 'docena_2': 0, 'docena_3': 3, 'columna_1': 2, 'columna_2': 0, 'columna_3': 1}
[2026-05-05 08:09:17.330] [INFO    ] [bot.scanner] 🔥 Mega Roulette: Nuevos -> [3]
[2026-05-05 08:09:17.344] [DEBUG   ] [bot.scanner] TG check: Mega Roulette Delays={'docena_1': 0, 'docena_2': 1, 'docena_3': 2, 'columna_1': 2, 'columna_2': 3, 'columna_3': 0}
[2026-05-05 08:09:20.556] [INFO    ] [bot.scanner] 🔥 Brazilian Mega Roulette: Nuevos -> [28]
[2026-05-05 08:09:20.576] [DEBUG   ] [bot.scanner] TG check: Brazilian Mega Roulette Delays={'docena_1': 2, 'docena_2': 1, 'docena_3': 0, 'columna_1': 0, 'columna_2': 1, 'columna_3': 2}
[2026-05-05 08:09:21.102] [INFO    ] [bot.scanner] 🔥 Lucky 6 Roulette: Nuevos -> [10]
[2026-05-05 08:09:21.119] [DEBUG   ] [bot.scanner] TG check: Lucky 6 Roulette Delays={'docena_1': 0, 'docena_2': 4, 'docena_3': 3, 'columna_1': 0, 'columna_2': 3, 'columna_3': 1}
[2026-05-05 08:09:24.359] [INFO    ] [bot.scanner] 🔥 Roulette Italia Tricolore: Nuevos -> [5]
[2026-05-05 08:09:24.375] [DEBUG   ] [bot.scanner] TG check: Roulette Italia Tricolore Delays={'docena_1': 0, 'docena_2': 4, 'docena_3': 1, 'columna_1': 6, 'columna_2': 0, 'columna_3': 3}
[2026-05-05 08:09:28.772] [INFO    ] [bot.scanner] 🔥 Roulette 3: Nuevos -> [22]
[2026-05-05 08:09:28.789] [DEBUG   ] [bot.scanner] TG check: Roulette 3 Delays={'docena_1': 2, 'docena_2': 0, 'docena_3': 3, 'columna_1': 0, 'columna_2': 1, 'columna_3': 2}
[2026-05-05 08:09:29.315] [INFO    ] [bot.scanner] 🔥 Roulette Macao: Nuevos -> [32]
[2026-05-05 08:09:29.330] [DEBUG   ] [bot.scanner] TG check: Roulette Macao Delays={'docena_1': 3, 'docena_2': 2, 'docena_3': 0, 'columna_1': 2, 'columna_2': 0, 'columna_3': 3}
[2026-05-05 08:09:37.354] [INFO    ] [bot.scanner] 🔥 Brazilian Roulette: Nuevos -> [26]
[2026-05-05 08:09:37.371] [DEBUG   ] [bot.scanner] TG check: Brazilian Roulette Delays={'docena_1': 2, 'docena_2': 5, 'docena_3': 0, 'columna_1': 3, 'columna_2': 0, 'columna_3': 2}
[2026-05-05 08:09:37.909] [INFO    ] [bot.scanner] 🔥 Roulette 1: Nuevos -> [14]
[2026-05-05 08:09:37.923] [DEBUG   ] [bot.scanner] TG check: Roulette 1 Delays={'docena_1': 2, 'docena_2': 0, 'docena_3': 1, 'columna_1': 2, 'columna_2': 0, 'columna_3': 1}
[2026-05-05 08:09:41.841] [INFO    ] [bot.scanner] 🔥 Stake Roulette: Nuevos -> [32]
[2026-05-05 08:09:41.864] [DEBUG   ] [bot.scanner] TG check: Stake Roulette Delays={'docena_1': 1, 'docena_2': 3, 'docena_3': 0, 'columna_1': 1, 'columna_2': 0, 'columna_3': 2}
[2026-05-05 08:09:42.389] [INFO    ] [bot.scanner] 🔥 Turkish Roulette: Nuevos -> [21]
[2026-05-05 08:09:42.408] [DEBUG   ] [bot.scanner] TG check: Turkish Roulette Delays={'docena_1': 2, 'docena_2': 0, 'docena_3': 3, 'columna_1': 8, 'columna_2': 1, 'columna_3': 0}
[2026-05-05 08:09:42.933] [INFO    ] [bot.scanner] 🔥 German Roulette: Nuevos -> [30]
[2026-05-05 08:09:44.369] [DEBUG   ] [bot.scanner] TG check: German Roulette Delays={'docena_1': 10, 'docena_2': 2, 'docena_3': 0, 'columna_1': 1, 'columna_2': 3, 'columna_3': 0}
[2026-05-05 08:09:47.678] [INFO    ] [bot.scanner] 🔥 Ruleta Latina: Nuevos -> [20]
[2026-05-05 08:09:47.699] [DEBUG   ] [bot.scanner] TG check: Ruleta Latina Delays={'docena_1': 1, 'docena_2': 0, 'docena_3': 2, 'columna_1': 1, 'columna_2': 0, 'columna_3': 3}
[2026-05-05 08:09:50.901] [INFO    ] [bot.scanner] 🔥 Roulette 2 Extra Time: Nuevos -> [11]
[2026-05-05 08:09:50.919] [DEBUG   ] [bot.scanner] TG check: Roulette 2 Extra Time Delays={'docena_1': 0, 'docena_2': 2, 'docena_3': 1, 'columna_1': 7, 'columna_2': 0, 'columna_3': 1}
[2026-05-05 08:09:52.519] [INFO    ] [bot.scanner] 🔥 Auto Roulette: Nuevos -> [22]
[2026-05-05 08:09:52.535] [DEBUG   ] [bot.scanner] TG check: Auto Roulette Delays={'docena_1': 5, 'docena_2': 0, 'docena_3': 4, 'columna_1': 0, 'columna_2': 1, 'columna_3': 4}
[2026-05-05 08:09:55.814] [INFO    ] [bot.scanner] 🔥 Russian Roulette: Nuevos -> [19]
[2026-05-05 08:09:55.842] [DEBUG   ] [bot.scanner] TG check: Russian Roulette Delays={'docena_1': 1, 'docena_2': 0, 'docena_3': 3, 'columna_1': 0, 'columna_2': 1, 'columna_3': 13}
[2026-05-05 08:09:56.378] [INFO    ] [bot.scanner] 🔥 Dutch Roulette: Nuevos -> [27]
[2026-05-05 08:09:56.397] [DEBUG   ] [bot.scanner] TG check: Dutch Roulette Delays={'docena_1': 3, 'docena_2': 1, 'docena_3': 0, 'columna_1': 3, 'columna_2': 1, 'columna_3': 0}
[2026-05-05 08:10:00.168] [INFO    ] [bot.scanner] 🔥 Roulette Macao: Nuevos -> [1]
[2026-05-05 08:10:00.193] [DEBUG   ] [bot.scanner] TG check: Roulette Macao Delays={'docena_1': 0, 'docena_2': 3, 'docena_3': 1, 'columna_1': 0, 'columna_2': 1, 'columna_3': 4}
[2026-05-05 08:10:01.251] [INFO    ] [bot.scanner] 🔥 Brazilian Mega Roulette: Nuevos -> [30]
[2026-05-05 08:10:01.271] [DEBUG   ] [bot.scanner] TG check: Brazilian Mega Roulette Delays={'docena_1': 3, 'docena_2': 2, 'docena_3': 0, 'columna_1': 1, 'columna_2': 2, 'columna_3': 0}
[2026-05-05 08:10:01.816] [INFO    ] [bot.scanner] 🔥 Lucky 6 Roulette: Nuevos -> [9]
[2026-05-05 08:10:01.840] [DEBUG   ] [bot.scanner] TG check: Lucky 6 Roulette Delays={'docena_1': 0, 'docena_2': 5, 'docena_3': 4, 'columna_1': 1, 'columna_2': 4, 'columna_3': 0}
[2026-05-05 08:10:05.201] [INFO    ] [bot.scanner] 🔥 Roulette Italia Tricolore: Nuevos -> [1]
[2026-05-05 08:10:05.217] [DEBUG   ] [bot.scanner] TG check: Roulette Italia Tricolore Delays={'docena_1': 0, 'docena_2': 5, 'docena_3': 2, 'columna_1': 0, 'columna_2': 1, 'columna_3': 4}
[2026-05-05 08:10:07.829] [INFO    ] [bot.scanner] 🔥 Mega Roulette: Nuevos -> [6]
[2026-05-05 08:10:07.844] [DEBUG   ] [bot.scanner] TG check: Mega Roulette Delays={'docena_1': 0, 'docena_2': 2, 'docena_3': 3, 'columna_1': 3, 'columna_2': 4, 'columna_3': 0}
[2026-05-05 08:10:08.901] [INFO    ] [bot.scanner] 🔥 Roulette 1: Nuevos -> [15]
[2026-05-05 08:10:08.917] [DEBUG   ] [bot.scanner] TG check: Roulette 1 Delays={'docena_1': 3, 'docena_2': 0, 'docena_3': 2, 'columna_1': 3, 'columna_2': 1, 'columna_3': 0}
[2026-05-05 08:10:14.424] [INFO    ] [bot.scanner] 🔥 Romanian Roulette: Nuevos -> [14]
[2026-05-05 08:10:14.439] [DEBUG   ] [bot.scanner] TG check: Romanian Roulette Delays={'docena_1': 1, 'docena_2': 0, 'docena_3': 4, 'columna_1': 1, 'columna_2': 0, 'columna_3': 5}
[2026-05-05 08:10:19.411] [INFO    ] [bot.scanner] 🔥 Roulette 3: Nuevos -> [11]
[2026-05-05 08:10:19.427] [DEBUG   ] [bot.scanner] TG check: Roulette 3 Delays={'docena_1': 0, 'docena_2': 1, 'docena_3': 4, 'columna_1': 1, 'columna_2': 0, 'columna_3': 3}
[2026-05-05 08:10:22.675] [INFO    ] [bot.scanner] 🔥 Stake Roulette: Nuevos -> [24]
[2026-05-05 08:10:22.705] [DEBUG   ] [bot.scanner] TG check: Stake Roulette Delays={'docena_1': 2, 'docena_2': 0, 'docena_3': 1, 'columna_1': 2, 'columna_2': 1, 'columna_3': 0}
[2026-05-05 08:10:23.235] [INFO    ] [bot.scanner] 🔥 Turkish Roulette: Nuevos -> [22]
[2026-05-05 08:10:23.252] [DEBUG   ] [bot.scanner] TG check: Turkish Roulette Delays={'docena_1': 3, 'docena_2': 0, 'docena_3': 4, 'columna_1': 0, 'columna_2': 2, 'columna_3': 1}
[2026-05-05 08:10:23.797] [INFO    ] [bot.scanner] 🔥 German Roulette: Nuevos -> [19]
[2026-05-05 08:10:23.828] [DEBUG   ] [bot.scanner] TG check: German Roulette Delays={'docena_1': 11, 'docena_2': 0, 'docena_3': 1, 'columna_1': 0, 'columna_2': 4, 'columna_3': 1}
[2026-05-05 08:10:26.024] [INFO    ] [bot.scanner] 🔥 Dutch Roulette: Nuevos -> [20]
[2026-05-05 08:10:26.039] [DEBUG   ] [bot.scanner] TG check: Dutch Roulette Delays={'docena_1': 4, 'docena_2': 0, 'docena_3': 1, 'columna_1': 4, 'columna_2': 0, 'columna_3': 1}
[2026-05-05 08:10:27.092] [INFO    ] [bot.scanner] 🔥 Ruleta Latina: Nuevos -> [7]
[2026-05-05 08:10:27.105] [DEBUG   ] [bot.scanner] TG check: Ruleta Latina Delays={'docena_1': 0, 'docena_2': 1, 'docena_3': 3, 'columna_1': 0, 'columna_2': 1, 'columna_3': 4}
[2026-05-05 08:10:30.331] [INFO    ] [bot.scanner] 🔥 Roulette 2 Extra Time: Nuevos -> [10]
[2026-05-05 08:10:30.348] [DEBUG   ] [bot.scanner] TG check: Roulette 2 Extra Time Delays={'docena_1': 0, 'docena_2': 3, 'docena_3': 2, 'columna_1': 0, 'columna_2': 1, 'columna_3': 2}
[2026-05-05 08:10:31.965] [INFO    ] [bot.scanner] 🔥 Auto Roulette: Nuevos -> [20]
[2026-05-05 08:10:31.981] [DEBUG   ] [bot.scanner] TG check: Auto Roulette Delays={'docena_1': 6, 'docena_2': 0, 'docena_3': 5, 'columna_1': 1, 'columna_2': 0, 'columna_3': 5}
[2026-05-05 08:10:35.273] [INFO    ] [bot.scanner] 🔥 Russian Roulette: Nuevos -> [33]
[2026-05-05 08:10:35.294] [DEBUG   ] [bot.scanner] TG check: Russian Roulette Delays={'docena_1': 2, 'docena_2': 1, 'docena_3': 0, 'columna_1': 1, 'columna_2': 2, 'columna_3': 0}
[2026-05-05 08:10:39.582] [INFO    ] [bot.scanner] 🔥 Roulette Macao: Nuevos -> [24]
[2026-05-05 08:10:39.602] [DEBUG   ] [bot.scanner] TG check: Roulette Macao Delays={'docena_1': 1, 'docena_2': 0, 'docena_3': 2, 'columna_1': 1, 'columna_2': 2, 'columna_3': 0}
[2026-05-05 08:10:40.708] [INFO    ] [bot.scanner] 🔥 Brazilian Mega Roulette: Nuevos -> [31]
[2026-05-05 08:10:40.731] [DEBUG   ] [bot.scanner] TG check: Brazilian Mega Roulette Delays={'docena_1': 4, 'docena_2': 3, 'docena_3': 0, 'columna_1': 0, 'columna_2': 3, 'columna_3': 1}
[2026-05-05 08:10:43.957] [INFO    ] [bot.scanner] 🔥 Romanian Roulette: Nuevos -> [1]
[2026-05-05 08:10:43.978] [DEBUG   ] [bot.scanner] TG check: Romanian Roulette Delays={'docena_1': 0, 'docena_2': 1, 'docena_3': 5, 'columna_1': 0, 'columna_2': 1, 'columna_3': 6}
[2026-05-05 08:10:44.507] [INFO    ] [bot.scanner] 🔥 Roulette Italia Tricolore: Nuevos -> [26]
[2026-05-05 08:10:44.528] [DEBUG   ] [bot.scanner] TG check: Roulette Italia Tricolore Delays={'docena_1': 1, 'docena_2': 6, 'docena_3': 0, 'columna_1': 1, 'columna_2': 0, 'columna_3': 5}
[2026-05-05 08:10:47.210] [INFO    ] [bot.scanner] 🔥 Mega Roulette: Nuevos -> [19]
[2026-05-05 08:10:47.228] [DEBUG   ] [bot.scanner] TG check: Mega Roulette Delays={'docena_1': 1, 'docena_2': 0, 'docena_3': 4, 'columna_1': 0, 'columna_2': 5, 'columna_3': 1}
[2026-05-05 08:10:47.803] [INFO    ] [bot.scanner] 🔥 Brazilian Roulette: Nuevos -> [25]
[2026-05-05 08:10:47.822] [DEBUG   ] [bot.scanner] TG check: Brazilian Roulette Delays={'docena_1': 3, 'docena_2': 6, 'docena_3': 0, 'columna_1': 0, 'columna_2': 1, 'columna_3': 3}
[2026-05-05 08:10:51.057] [INFO    ] [bot.scanner] 🔥 Lucky 6 Roulette: Nuevos -> [8]
[2026-05-05 08:10:51.070] [DEBUG   ] [bot.scanner] TG check: Lucky 6 Roulette Delays={'docena_1': 0, 'docena_2': 6, 'docena_3': 5, 'columna_1': 2, 'columna_2': 0, 'columna_3': 1}
[2026-05-05 08:10:58.063] [INFO    ] [bot.scanner] 🔥 Roulette 1: Nuevos -> [35]
[2026-05-05 08:10:58.080] [DEBUG   ] [bot.scanner] TG check: Roulette 1 Delays={'docena_1': 4, 'docena_2': 1, 'docena_3': 0, 'columna_1': 4, 'columna_2': 0, 'columna_3': 1}
[2026-05-05 08:10:58.622] [INFO    ] [bot.scanner] 🔥 Roulette 3: Nuevos -> [18]
[2026-05-05 08:10:58.640] [DEBUG   ] [bot.scanner] TG check: Roulette 3 Delays={'docena_1': 1, 'docena_2': 0, 'docena_3': 5, 'columna_1': 2, 'columna_2': 1, 'columna_3': 0}
[2026-05-05 08:11:02.023] [INFO    ] [bot.scanner] 🔥 Stake Roulette: Nuevos -> [3]
[2026-05-05 08:11:02.042] [DEBUG   ] [bot.scanner] TG check: Stake Roulette Delays={'docena_1': 0, 'docena_2': 1, 'docena_3': 2, 'columna_1': 3, 'columna_2': 2, 'columna_3': 0}
[2026-05-05 08:11:02.590] [INFO    ] [bot.scanner] 🔥 Turkish Roulette: Nuevos -> [23]
[2026-05-05 08:11:02.617] [DEBUG   ] [bot.scanner] TG check: Turkish Roulette Delays={'docena_1': 4, 'docena_2': 0, 'docena_3': 5, 'columna_1': 1, 'columna_2': 0, 'columna_3': 2}
[2026-05-05 08:11:03.143] [INFO    ] [bot.scanner] 🔥 German Roulette: Nuevos -> [24]
[2026-05-05 08:11:03.157] [DEBUG   ] [bot.scanner] TG check: German Roulette Delays={'docena_1': 12, 'docena_2': 0, 'docena_3': 2, 'columna_1': 1, 'columna_2': 5, 'columna_3': 0}
[2026-05-05 08:11:05.321] [INFO    ] [bot.scanner] 🔥 Dutch Roulette: Nuevos -> [19]
[2026-05-05 08:11:05.341] [DEBUG   ] [bot.scanner] TG check: Dutch Roulette Delays={'docena_1': 5, 'docena_2': 0, 'docena_3': 2, 'columna_1': 0, 'columna_2': 1, 'columna_3': 2}
[2026-05-05 08:11:06.424] [INFO    ] [bot.scanner] 🔥 Ruleta Latina: Nuevos -> [33]
[2026-05-05 08:11:06.437] [DEBUG   ] [bot.scanner] TG check: Ruleta Latina Delays={'docena_1': 1, 'docena_2': 2, 'docena_3': 0, 'columna_1': 1, 'columna_2': 2, 'columna_3': 0}
[2026-05-05 08:11:11.385] [INFO    ] [bot.scanner] 🔥 Auto Roulette: Nuevos -> [12]
[2026-05-05 08:11:11.404] [DEBUG   ] [bot.scanner] TG check: Auto Roulette Delays={'docena_1': 0, 'docena_2': 1, 'docena_3': 6, 'columna_1': 2, 'columna_2': 1, 'columna_3': 0}
[2026-05-05 08:11:13.694] [INFO    ] [bot.scanner] 🔥 Romanian Roulette: Nuevos -> [20]
[2026-05-05 08:11:13.716] [DEBUG   ] [bot.scanner] TG check: Romanian Roulette Delays={'docena_1': 1, 'docena_2': 0, 'docena_3': 6, 'columna_1': 1, 'columna_2': 0, 'columna_3': 7}
[2026-05-05 08:11:14.804] [INFO    ] [bot.scanner] 🔥 Russian Roulette: Nuevos -> [16]
[2026-05-05 08:11:14.824] [DEBUG   ] [bot.scanner] TG check: Russian Roulette Delays={'docena_1': 3, 'docena_2': 0, 'docena_3': 1, 'columna_1': 0, 'columna_2': 3, 'columna_3': 1}
[2026-05-05 08:11:19.181] [INFO    ] [bot.scanner] 🔥 Roulette Macao: Nuevos -> [10]
[2026-05-05 08:11:19.197] [DEBUG   ] [bot.scanner] TG check: Roulette Macao Delays={'docena_1': 0, 'docena_2': 1, 'docena_3': 3, 'columna_1': 0, 'columna_2': 3, 'columna_3': 1}
[2026-05-05 08:11:19.733] [INFO    ] [bot.scanner] 🔥 Roulette 2 Extra Time: Nuevos -> [7]
[2026-05-05 08:11:19.762] [DEBUG   ] [bot.scanner] TG check: Roulette 2 Extra Time Delays={'docena_1': 0, 'docena_2': 4, 'docena_3': 3, 'columna_1': 0, 'columna_2': 2, 'columna_3': 3}
[2026-05-05 08:11:20.313] [INFO    ] [bot.scanner] 🔥 Brazilian Mega Roulette: Nuevos -> [33]
[2026-05-05 08:11:20.332] [DEBUG   ] [bot.scanner] TG check: Brazilian Mega Roulette Delays={'docena_1': 5, 'docena_2': 4, 'docena_3': 0, 'columna_1': 1, 'columna_2': 4, 'columna_3': 0}
[2026-05-05 08:11:24.241] [INFO    ] [bot.scanner] 🔥 Roulette Italia Tricolore: Nuevos -> [5]
[2026-05-05 08:11:24.274] [DEBUG   ] [bot.scanner] TG check: Roulette Italia Tricolore Delays={'docena_1': 0, 'docena_2': 7, 'docena_3': 1, 'columna_1': 2, 'columna_2': 0, 'columna_3': 6}
[2026-05-05 08:11:27.522] [INFO    ] [bot.scanner] 🔥 Brazilian Roulette: Nuevos -> [21]
[2026-05-05 08:11:27.540] [DEBUG   ] [bot.scanner] TG check: Brazilian Roulette Delays={'docena_1': 4, 'docena_2': 0, 'docena_3': 1, 'columna_1': 1, 'columna_2': 2, 'columna_3': 0}
[2026-05-05 08:11:30.805] [INFO    ] [bot.scanner] 🔥 Lucky 6 Roulette: Nuevos -> [17]
[2026-05-05 08:11:30.832] [DEBUG   ] [bot.scanner] TG check: Lucky 6 Roulette Delays={'docena_1': 1, 'docena_2': 0, 'docena_3': 6, 'columna_1': 3, 'columna_2': 0, 'columna_3': 2}
[2026-05-05 08:11:35.296] [INFO    ] [bot.scanner] 🔥 Dutch Roulette: Nuevos -> [30]
[2026-05-05 08:11:35.316] [DEBUG   ] [bot.scanner] TG check: Dutch Roulette Delays={'docena_1': 6, 'docena_2': 1, 'docena_3': 0, 'columna_1': 1, 'columna_2': 2, 'columna_3': 0}
[2026-05-05 08:11:36.902] [INFO    ] [bot.scanner] 🔥 Mega Roulette: Nuevos -> [23]
[2026-05-05 08:11:36.920] [DEBUG   ] [bot.scanner] TG check: Mega Roulette Delays={'docena_1': 2, 'docena_2': 0, 'docena_3': 5, 'columna_1': 1, 'columna_2': 0, 'columna_3': 2}
[2026-05-05 08:11:38.012] [INFO    ] [bot.scanner] 🔥 Roulette 1: Nuevos -> [4]
[2026-05-05 08:11:38.030] [DEBUG   ] [bot.scanner] TG check: Roulette 1 Delays={'docena_1': 0, 'docena_2': 2, 'docena_3': 1, 'columna_1': 0, 'columna_2': 1, 'columna_3': 2}
[2026-05-05 08:11:38.563] [INFO    ] [bot.scanner] 🔥 Roulette 3: Nuevos -> [16]
[2026-05-05 08:11:38.578] [DEBUG   ] [bot.scanner] TG check: Roulette 3 Delays={'docena_1': 2, 'docena_2': 0, 'docena_3': 6, 'columna_1': 0, 'columna_2': 2, 'columna_3': 1}
[2026-05-05 08:11:42.485] [INFO    ] [bot.scanner] 🔥 Turkish Roulette: Nuevos -> [13]
[2026-05-05 08:11:42.500] [DEBUG   ] [bot.scanner] TG check: Turkish Roulette Delays={'docena_1': 5, 'docena_2': 0, 'docena_3': 6, 'columna_1': 0, 'columna_2': 1, 'columna_3': 3}
[2026-05-05 08:11:43.026] [INFO    ] [bot.scanner] 🔥 German Roulette: Nuevos -> [32]
[2026-05-05 08:11:43.040] [DEBUG   ] [bot.scanner] TG check: German Roulette Delays={'docena_1': 13, 'docena_2': 1, 'docena_3': 0, 'columna_1': 2, 'columna_2': 0, 'columna_3': 1}
[2026-05-05 08:11:46.436] [INFO    ] [bot.scanner] 🔥 Ruleta Latina: Nuevos -> [10]
[2026-05-05 08:11:46.462] [DEBUG   ] [bot.scanner] TG check: Ruleta Latina Delays={'docena_1': 0, 'docena_2': 3, 'docena_3': 1, 'columna_1': 0, 'columna_2': 3, 'columna_3': 1}
[2026-05-05 08:11:51.438] [INFO    ] [bot.scanner] 🔥 Auto Roulette: Nuevos -> [11]
[2026-05-05 08:11:51.458] [DEBUG   ] [bot.scanner] TG check: Auto Roulette Delays={'docena_1': 0, 'docena_2': 2, 'docena_3': 7, 'columna_1': 3, 'columna_2': 0, 'columna_3': 1}
[2026-05-05 08:11:53.686] [INFO    ] [bot.scanner] 🔥 Romanian Roulette: Nuevos -> [19]
[2026-05-05 08:11:53.714] [DEBUG   ] [bot.scanner] TG check: Romanian Roulette Delays={'docena_1': 2, 'docena_2': 0, 'docena_3': 7, 'columna_1': 0, 'columna_2': 1, 'columna_3': 8}
[2026-05-05 08:11:54.809] [INFO    ] [bot.scanner] 🔥 Russian Roulette: Nuevos -> [24]
[2026-05-05 08:11:54.836] [DEBUG   ] [bot.scanner] TG check: Russian Roulette Delays={'docena_1': 4, 'docena_2': 0, 'docena_3': 2, 'columna_1': 1, 'columna_2': 4, 'columna_3': 0}
[2026-05-05 08:11:59.195] [INFO    ] [bot.scanner] 🔥 Roulette Macao: Nuevos -> [29]
[2026-05-05 08:11:59.210] [DEBUG   ] [bot.scanner] TG check: Roulette Macao Delays={'docena_1': 1, 'docena_2': 2, 'docena_3': 0, 'columna_1': 1, 'columna_2': 0, 'columna_3': 2}
[2026-05-05 08:12:00.294] [INFO    ] [bot.scanner] 🔥 Brazilian Mega Roulette: Nuevos -> [13]
[2026-05-05 08:12:00.309] [DEBUG   ] [bot.scanner] TG check: Brazilian Mega Roulette Delays={'docena_1': 6, 'docena_2': 0, 'docena_3': 1, 'columna_1': 0, 'columna_2': 5, 'columna_3': 1}
[2026-05-05 08:12:01.982] [INFO    ] [bot.scanner] 🔥 Stake Roulette: Nuevos -> [15]
[2026-05-05 08:12:02.002] [DEBUG   ] [bot.scanner] TG check: Stake Roulette Delays={'docena_1': 1, 'docena_2': 0, 'docena_3': 3, 'columna_1': 4, 'columna_2': 3, 'columna_3': 0}
[2026-05-05 08:12:07.509] [INFO    ] [bot.scanner] 🔥 Brazilian Roulette: Nuevos -> [6]
[2026-05-05 08:12:07.532] [DEBUG   ] [bot.scanner] TG check: Brazilian Roulette Delays={'docena_1': 0, 'docena_2': 1, 'docena_3': 2, 'columna_1': 2, 'columna_2': 3, 'columna_3': 0}
[2026-05-05 08:12:09.752] [INFO    ] [bot.scanner] 🔥 Roulette 2 Extra Time: Nuevos -> [33]
[2026-05-05 08:12:09.769] [DEBUG   ] [bot.scanner] TG check: Roulette 2 Extra Time Delays={'docena_1': 1, 'docena_2': 5, 'docena_3': 0, 'columna_1': 1, 'columna_2': 3, 'columna_3': 0}
[2026-05-05 08:12:14.173] [INFO    ] [bot.scanner] 🔥 Roulette Italia Tricolore: Nuevos -> [23]
[2026-05-05 08:12:14.194] [DEBUG   ] [bot.scanner] TG check: Roulette Italia Tricolore Delays={'docena_1': 1, 'docena_2': 0, 'docena_3': 2, 'columna_1': 3, 'columna_2': 0, 'columna_3': 7}
[2026-05-05 08:12:15.251] [INFO    ] [bot.scanner] 🔥 Dutch Roulette: Nuevos -> [0]
[2026-05-05 08:12:15.270] [DEBUG   ] [bot.scanner] TG check: Dutch Roulette Delays={'docena_1': 7, 'docena_2': 2, 'docena_3': 1, 'columna_1': 2, 'columna_2': 3, 'columna_3': 1}
[2026-05-05 08:12:16.864] [INFO    ] [bot.scanner] 🔥 Mega Roulette: Nuevos -> [36]
[2026-05-05 08:12:16.891] [DEBUG   ] [bot.scanner] TG check: Mega Roulette Delays={'docena_1': 3, 'docena_2': 1, 'docena_3': 0, 'columna_1': 2, 'columna_2': 1, 'columna_3': 0}
[2026-05-05 08:12:17.960] [INFO    ] [bot.scanner] 🔥 Roulette 1: Nuevos -> [7]
[2026-05-05 08:12:17.975] [DEBUG   ] [bot.scanner] TG check: Roulette 1 Delays={'docena_1': 0, 'docena_2': 3, 'docena_3': 2, 'columna_1': 0, 'columna_2': 2, 'columna_3': 3}
[2026-05-05 08:12:18.507] [INFO    ] [bot.scanner] 🔥 Roulette 3: Nuevos -> [27]
[2026-05-05 08:12:18.520] [DEBUG   ] [bot.scanner] TG check: Roulette 3 Delays={'docena_1': 3, 'docena_2': 1, 'docena_3': 0, 'columna_1': 1, 'columna_2': 3, 'columna_3': 0}
[2026-05-05 08:12:20.679] [INFO    ] [bot.scanner] 🔥 Lucky 6 Roulette: Nuevos -> [3]
[2026-05-05 08:12:20.695] [DEBUG   ] [bot.scanner] TG check: Lucky 6 Roulette Delays={'docena_1': 0, 'docena_2': 1, 'docena_3': 7, 'columna_1': 4, 'columna_2': 1, 'columna_3': 0}
[2026-05-05 08:12:22.307] [INFO    ] [bot.scanner] 🔥 Turkish Roulette: Nuevos -> [14]
[2026-05-05 08:12:22.327] [DEBUG   ] [bot.scanner] TG check: Turkish Roulette Delays={'docena_1': 6, 'docena_2': 0, 'docena_3': 7, 'columna_1': 1, 'columna_2': 0, 'columna_3': 4}
[2026-05-05 08:12:22.852] [INFO    ] [bot.scanner] 🔥 German Roulette: Nuevos -> [19]
[2026-05-05 08:12:22.867] [DEBUG   ] [bot.scanner] TG check: German Roulette Delays={'docena_1': 14, 'docena_2': 0, 'docena_3': 1, 'columna_1': 0, 'columna_2': 1, 'columna_3': 2}
[2026-05-05 08:12:24.507] [INFO    ] [bot.scanner] 🔥 Russian Roulette: Nuevos -> [29]
[2026-05-05 08:12:24.526] [DEBUG   ] [bot.scanner] TG check: Russian Roulette Delays={'docena_1': 5, 'docena_2': 1, 'docena_3': 0, 'columna_1': 2, 'columna_2': 0, 'columna_3': 1}
[2026-05-05 08:12:26.139] [INFO    ] [bot.scanner] 🔥 Ruleta Latina: Nuevos -> [2]
[2026-05-05 08:12:26.152] [DEBUG   ] [bot.scanner] TG check: Ruleta Latina Delays={'docena_1': 0, 'docena_2': 4, 'docena_3': 2, 'columna_1': 1, 'columna_2': 0, 'columna_3': 2}
[2026-05-05 08:12:31.028] [INFO    ] [bot.scanner] 🔥 Auto Roulette: Nuevos -> [1]
[2026-05-05 08:12:31.042] [DEBUG   ] [bot.scanner] TG check: Auto Roulette Delays={'docena_1': 0, 'docena_2': 3, 'docena_3': 8, 'columna_1': 0, 'columna_2': 1, 'columna_3': 2}
[2026-05-05 08:12:33.194] [INFO    ] [bot.scanner] 🔥 Romanian Roulette: Nuevos -> [6]
[2026-05-05 08:12:33.210] [DEBUG   ] [bot.scanner] TG check: Romanian Roulette Delays={'docena_1': 0, 'docena_2': 1, 'docena_3': 8, 'columna_1': 1, 'columna_2': 2, 'columna_3': 0}
[2026-05-05 08:12:35.351] [DEBUG   ] [bot.iframe]    ⏳ Esperando iframe principal (max 15s)...
[2026-05-05 08:12:35.432] [INFO    ] [bot.iframe]    ✅ Cambio a iframe #0 (class='game')
[2026-05-05 08:12:35.433] [DEBUG   ] [bot.iframe]    ⏳ Esperando iframe anidado o elementos del juego (max 15s)...
[2026-05-05 08:12:35.468] [INFO    ] [bot.iframe]    ✅ Elementos del juego encontrados en el iframe principal. No requiere anidado.
[2026-05-05 08:12:38.765] [INFO    ] [bot.scanner] 🔥 Roulette Macao: Nuevos -> [1]
[2026-05-05 08:12:38.783] [DEBUG   ] [bot.scanner] TG check: Roulette Macao Delays={'docena_1': 0, 'docena_2': 3, 'docena_3': 1, 'columna_1': 0, 'columna_2': 1, 'columna_3': 3}
[2026-05-05 08:12:39.839] [INFO    ] [bot.scanner] 🔥 Brazilian Mega Roulette: Nuevos -> [10]
[2026-05-05 08:12:39.858] [DEBUG   ] [bot.scanner] TG check: Brazilian Mega Roulette Delays={'docena_1': 0, 'docena_2': 1, 'docena_3': 2, 'columna_1': 0, 'columna_2': 6, 'columna_3': 2}
[2026-05-05 08:12:41.467] [INFO    ] [bot.scanner] 🔥 Stake Roulette: Nuevos -> [13]
[2026-05-05 08:12:41.482] [DEBUG   ] [bot.scanner] TG check: Stake Roulette Delays={'docena_1': 2, 'docena_2': 0, 'docena_3': 4, 'columna_1': 0, 'columna_2': 4, 'columna_3': 1}
[2026-05-05 08:12:44.696] [INFO    ] [bot.scanner] 🔥 Dutch Roulette: Nuevos -> [19]
[2026-05-05 08:12:44.713] [DEBUG   ] [bot.scanner] TG check: Dutch Roulette Delays={'docena_1': 8, 'docena_2': 0, 'docena_3': 2, 'columna_1': 0, 'columna_2': 4, 'columna_3': 2}
[2026-05-05 08:12:46.855] [INFO    ] [bot.scanner] 🔥 Brazilian Roulette: Nuevos -> [32]
[2026-05-05 08:12:46.882] [DEBUG   ] [bot.scanner] TG check: Brazilian Roulette Delays={'docena_1': 1, 'docena_2': 2, 'docena_3': 0, 'columna_1': 3, 'columna_2': 0, 'columna_3': 1}
[2026-05-05 08:12:53.348] [INFO    ] [bot.scanner] 🔥 Roulette Italia Tricolore: Nuevos -> [21]
[2026-05-05 08:12:53.363] [DEBUG   ] [bot.scanner] TG check: Roulette Italia Tricolore Delays={'docena_1': 2, 'docena_2': 0, 'docena_3': 3, 'columna_1': 4, 'columna_2': 1, 'columna_3': 0}
[2026-05-05 08:12:55.471] [INFO    ] [bot.scanner] 🔥 Ruleta Latina: Nuevos -> [20]
[2026-05-05 08:12:55.483] [DEBUG   ] [bot.scanner] TG check: Ruleta Latina Delays={'docena_1': 1, 'docena_2': 0, 'docena_3': 3, 'columna_1': 2, 'columna_2': 0, 'columna_3': 3}
[2026-05-05 08:12:57.112] [INFO    ] [bot.scanner] 🔥 Roulette 1: Nuevos -> [21]
[2026-05-05 08:12:57.131] [DEBUG   ] [bot.scanner] TG check: Roulette 1 Delays={'docena_1': 1, 'docena_2': 0, 'docena_3': 3, 'columna_1': 1, 'columna_2': 3, 'columna_3': 0}
[2026-05-05 08:12:57.653] [INFO    ] [bot.scanner] 🔥 Roulette 3: Nuevos -> [12]
[2026-05-05 08:12:57.675] [DEBUG   ] [bot.scanner] TG check: Roulette 3 Delays={'docena_1': 0, 'docena_2': 2, 'docena_3': 1, 'columna_1': 2, 'columna_2': 4, 'columna_3': 0}
[2026-05-05 08:12:58.792] [INFO    ] [bot.scanner] 🔥 Roulette 2 Extra Time: Nuevos -> [29]
[2026-05-05 08:12:58.830] [DEBUG   ] [bot.scanner] TG check: Roulette 2 Extra Time Delays={'docena_1': 2, 'docena_2': 6, 'docena_3': 0, 'columna_1': 2, 'columna_2': 0, 'columna_3': 1}
[2026-05-05 08:12:59.928] [INFO    ] [bot.scanner] 🔥 Lucky 6 Roulette: Nuevos -> [32]
[2026-05-05 08:12:59.951] [DEBUG   ] [bot.scanner] TG check: Lucky 6 Roulette Delays={'docena_1': 1, 'docena_2': 2, 'docena_3': 0, 'columna_1': 5, 'columna_2': 0, 'columna_3': 1}
[2026-05-05 08:13:01.551] [INFO    ] [bot.scanner] 🔥 Turkish Roulette: Nuevos -> [32]
[2026-05-05 08:13:01.568] [DEBUG   ] [bot.scanner] TG check: Turkish Roulette Delays={'docena_1': 7, 'docena_2': 1, 'docena_3': 0, 'columna_1': 2, 'columna_2': 0, 'columna_3': 5}
[2026-05-05 08:13:02.692] [INFO    ] [bot.scanner] 🔥 Romanian Roulette: Nuevos -> [17]
[2026-05-05 08:13:02.707] [DEBUG   ] [bot.scanner] TG check: Romanian Roulette Delays={'docena_1': 1, 'docena_2': 0, 'docena_3': 9, 'columna_1': 2, 'columna_2': 0, 'columna_3': 1}
[2026-05-05 08:13:03.791] [INFO    ] [bot.scanner] 🔥 Russian Roulette: Nuevos -> [4]
[2026-05-05 08:13:03.813] [DEBUG   ] [bot.scanner] TG check: Russian Roulette Delays={'docena_1': 0, 'docena_2': 2, 'docena_3': 1, 'columna_1': 0, 'columna_2': 1, 'columna_3': 2}
[2026-05-05 08:13:05.948] [INFO    ] [bot.scanner] 🔥 Mega Roulette: Nuevos -> [10]
[2026-05-05 08:13:05.964] [DEBUG   ] [bot.scanner] TG check: Mega Roulette Delays={'docena_1': 0, 'docena_2': 2, 'docena_3': 1, 'columna_1': 0, 'columna_2': 2, 'columna_3': 1}
[2026-05-05 08:13:10.311] [INFO    ] [bot.scanner] 🔥 Auto Roulette: Nuevos -> [16]
[2026-05-05 08:13:10.328] [DEBUG   ] [bot.scanner] TG check: Auto Roulette Delays={'docena_1': 1, 'docena_2': 0, 'docena_3': 9, 'columna_1': 0, 'columna_2': 2, 'columna_3': 3}
[2026-05-05 08:13:11.920] [INFO    ] [bot.scanner] 🔥 German Roulette: Nuevos -> [26]
[2026-05-05 08:13:11.946] [DEBUG   ] [bot.scanner] TG check: German Roulette Delays={'docena_1': 15, 'docena_2': 1, 'docena_3': 0, 'columna_1': 1, 'columna_2': 0, 'columna_3': 3}
[2026-05-05 08:13:17.950] [INFO    ] [bot.scanner] 🔥 Roulette Macao: Nuevos -> [4]
[2026-05-05 08:13:17.968] [DEBUG   ] [bot.scanner] TG check: Roulette Macao Delays={'docena_1': 0, 'docena_2': 4, 'docena_3': 2, 'columna_1': 0, 'columna_2': 2, 'columna_3': 4}
[2026-05-05 08:13:19.048] [INFO    ] [bot.scanner] 🔥 Brazilian Mega Roulette: Nuevos -> [7]
[2026-05-05 08:13:19.066] [DEBUG   ] [bot.scanner] TG check: Brazilian Mega Roulette Delays={'docena_1': 0, 'docena_2': 2, 'docena_3': 3, 'columna_1': 0, 'columna_2': 7, 'columna_3': 3}
[2026-05-05 08:13:20.722] [INFO    ] [bot.scanner] 🔥 Stake Roulette: Nuevos -> [12]
[2026-05-05 08:13:20.742] [DEBUG   ] [bot.scanner] TG check: Stake Roulette Delays={'docena_1': 0, 'docena_2': 1, 'docena_3': 5, 'columna_1': 1, 'columna_2': 5, 'columna_3': 0}
[2026-05-05 08:13:24.031] [INFO    ] [bot.scanner] 🔥 Dutch Roulette: Nuevos -> [3]
[2026-05-05 08:13:24.044] [DEBUG   ] [bot.scanner] TG check: Dutch Roulette Delays={'docena_1': 0, 'docena_2': 1, 'docena_3': 3, 'columna_1': 1, 'columna_2': 5, 'columna_3': 0}
[2026-05-05 08:13:26.219] [INFO    ] [bot.scanner] 🔥 Brazilian Roulette: Nuevos -> [21]
[2026-05-05 08:13:26.234] [DEBUG   ] [bot.scanner] TG check: Brazilian Roulette Delays={'docena_1': 2, 'docena_2': 0, 'docena_3': 1, 'columna_1': 4, 'columna_2': 1, 'columna_3': 0}
[2026-05-05 08:13:32.820] [INFO    ] [bot.scanner] 🔥 Roulette Italia Tricolore: Nuevos -> [9]
[2026-05-05 08:13:32.841] [DEBUG   ] [bot.scanner] TG check: Roulette Italia Tricolore Delays={'docena_1': 0, 'docena_2': 1, 'docena_3': 4, 'columna_1': 5, 'columna_2': 2, 'columna_3': 0}
[2026-05-05 08:13:35.056] [INFO    ] [bot.scanner] 🔥 Ruleta Latina: Nuevos -> [17]
[2026-05-05 08:13:35.072] [DEBUG   ] [bot.scanner] TG check: Ruleta Latina Delays={'docena_1': 2, 'docena_2': 0, 'docena_3': 4, 'columna_1': 3, 'columna_2': 0, 'columna_3': 4}
[2026-05-05 08:13:36.678] [INFO    ] [bot.scanner] 🔥 Roulette 1: Nuevos -> [28]
[2026-05-05 08:13:36.695] [DEBUG   ] [bot.scanner] TG check: Roulette 1 Delays={'docena_1': 2, 'docena_2': 1, 'docena_3': 0, 'columna_1': 0, 'columna_2': 4, 'columna_3': 1}
[2026-05-05 08:13:38.314] [INFO    ] [bot.scanner] 🔥 Roulette 2 Extra Time: Nuevos -> [12]
[2026-05-05 08:13:38.346] [DEBUG   ] [bot.scanner] TG check: Roulette 2 Extra Time Delays={'docena_1': 0, 'docena_2': 7, 'docena_3': 1, 'columna_1': 3, 'columna_2': 1, 'columna_3': 0}
[2026-05-05 08:13:39.427] [INFO    ] [bot.scanner] 🔥 Lucky 6 Roulette: Nuevos -> [14]
[2026-05-05 08:13:39.446] [DEBUG   ] [bot.scanner] TG check: Lucky 6 Roulette Delays={'docena_1': 2, 'docena_2': 0, 'docena_3': 1, 'columna_1': 6, 'columna_2': 0, 'columna_3': 2}
[2026-05-05 08:13:41.110] [INFO    ] [bot.scanner] 🔥 Turkish Roulette: Nuevos -> [20]
[2026-05-05 08:13:41.127] [DEBUG   ] [bot.scanner] TG check: Turkish Roulette Delays={'docena_1': 8, 'docena_2': 0, 'docena_3': 1, 'columna_1': 3, 'columna_2': 0, 'columna_3': 6}
[2026-05-05 08:13:42.214] [INFO    ] [bot.scanner] 🔥 Romanian Roulette: Nuevos -> [25]
[2026-05-05 08:13:42.235] [DEBUG   ] [bot.scanner] TG check: Romanian Roulette Delays={'docena_1': 2, 'docena_2': 1, 'docena_3': 0, 'columna_1': 0, 'columna_2': 1, 'columna_3': 2}
[2026-05-05 08:13:43.340] [INFO    ] [bot.scanner] 🔥 Russian Roulette: Nuevos -> [33]
[2026-05-05 08:13:43.361] [DEBUG   ] [bot.scanner] TG check: Russian Roulette Delays={'docena_1': 1, 'docena_2': 3, 'docena_3': 0, 'columna_1': 1, 'columna_2': 2, 'columna_3': 0}
[2026-05-05 08:13:47.400] [INFO    ] [bot.scanner] 🔥 Roulette 3: Nuevos -> [16]
[2026-05-05 08:13:47.439] [DEBUG   ] [bot.scanner] TG check: Roulette 3 Delays={'docena_1': 1, 'docena_2': 0, 'docena_3': 2, 'columna_1': 0, 'columna_2': 5, 'columna_3': 1}
[2026-05-05 08:13:48.024] [INFO    ] [bot.scanner] 🔥 Roulette Macao: Nuevos -> [3]
[2026-05-05 08:13:48.057] [DEBUG   ] [bot.scanner] TG check: Roulette Macao Delays={'docena_1': 0, 'docena_2': 5, 'docena_3': 3, 'columna_1': 1, 'columna_2': 3, 'columna_3': 0}
[2026-05-05 08:13:50.410] [INFO    ] [bot.scanner] 🔥 Auto Roulette: Nuevos -> [10]
[2026-05-05 08:13:52.369] [DEBUG   ] [bot.scanner] TG check: Auto Roulette Delays={'docena_1': 0, 'docena_2': 1, 'docena_3': 10, 'columna_1': 0, 'columna_2': 3, 'columna_3': 4}
[2026-05-05 08:13:52.929] [INFO    ] [bot.scanner] 🔥 Stake Roulette: Nuevos -> [19]
[2026-05-05 08:13:52.944] [DEBUG   ] [bot.scanner] TG check: Stake Roulette Delays={'docena_1': 1, 'docena_2': 0, 'docena_3': 6, 'columna_1': 0, 'columna_2': 6, 'columna_3': 1}
[2026-05-05 08:13:54.057] [INFO    ] [bot.scanner] 🔥 German Roulette: Nuevos -> [13]
[2026-05-05 08:13:54.073] [DEBUG   ] [bot.scanner] TG check: German Roulette Delays={'docena_1': 16, 'docena_2': 0, 'docena_3': 1, 'columna_1': 0, 'columna_2': 1, 'columna_3': 4}
[2026-05-05 08:13:56.274] [INFO    ] [bot.scanner] 🔥 Dutch Roulette: Nuevos -> [6]
[2026-05-05 08:13:56.292] [DEBUG   ] [bot.scanner] TG check: Dutch Roulette Delays={'docena_1': 0, 'docena_2': 2, 'docena_3': 4, 'columna_1': 2, 'columna_2': 6, 'columna_3': 0}
[2026-05-05 08:13:58.009] [INFO    ] [bot.scanner] 🔥 Mega Roulette: Nuevos -> [15]
[2026-05-05 08:13:58.038] [DEBUG   ] [bot.scanner] TG check: Mega Roulette Delays={'docena_1': 1, 'docena_2': 0, 'docena_3': 2, 'columna_1': 1, 'columna_2': 3, 'columna_3': 0}
[2026-05-05 08:14:01.268] [INFO    ] [bot.scanner] 🔥 Brazilian Mega Roulette: Nuevos -> [7]
[2026-05-05 08:14:01.286] [DEBUG   ] [bot.scanner] TG check: Brazilian Mega Roulette Delays={'docena_1': 0, 'docena_2': 3, 'docena_3': 4, 'columna_1': 0, 'columna_2': 8, 'columna_3': 4}
[2026-05-05 08:14:08.474] [INFO    ] [bot.scanner] 🔥 Brazilian Roulette: Nuevos -> [16]
[2026-05-05 08:14:08.490] [DEBUG   ] [bot.scanner] TG check: Brazilian Roulette Delays={'docena_1': 3, 'docena_2': 0, 'docena_3': 2, 'columna_1': 0, 'columna_2': 2, 'columna_3': 1}
[2026-05-05 08:14:09.034] [INFO    ] [bot.scanner] 🔥 Roulette 1: Nuevos -> [22]
[2026-05-05 08:14:09.048] [DEBUG   ] [bot.scanner] TG check: Roulette 1 Delays={'docena_1': 3, 'docena_2': 0, 'docena_3': 1, 'columna_1': 0, 'columna_2': 5, 'columna_3': 2}
[2026-05-05 08:14:13.461] [INFO    ] [bot.scanner] 🔥 Turkish Roulette: Nuevos -> [30]
[2026-05-05 08:14:13.478] [DEBUG   ] [bot.scanner] TG check: Turkish Roulette Delays={'docena_1': 9, 'docena_2': 1, 'docena_3': 0, 'columna_1': 4, 'columna_2': 1, 'columna_3': 0}
[2026-05-05 08:14:14.566] [INFO    ] [bot.scanner] 🔥 Romanian Roulette: Nuevos -> [18]
[2026-05-05 08:14:14.578] [DEBUG   ] [bot.scanner] TG check: Romanian Roulette Delays={'docena_1': 3, 'docena_2': 0, 'docena_3': 1, 'columna_1': 1, 'columna_2': 2, 'columna_3': 0}
[2026-05-05 08:14:15.107] [INFO    ] [bot.scanner] 🔥 Roulette Italia Tricolore: Nuevos -> [2]
[2026-05-05 08:14:15.127] [DEBUG   ] [bot.scanner] TG check: Roulette Italia Tricolore Delays={'docena_1': 0, 'docena_2': 2, 'docena_3': 5, 'columna_1': 6, 'columna_2': 0, 'columna_3': 1}
[2026-05-05 08:14:15.430] [DEBUG   ] [bot.scanner] Error escaneando tile 'Russian Roulette': Message: no such element: element not found
  (Session info: chrome=147.0.7727.138); For documentation on this error, please visit: https://www.selenium.dev/documentation/webdriver/troubleshooting/errors#nosuchelementexception
Stacktrace:
	undetected_chromedriver!GetHandleVerifier [0xfcb373+10553]
	undetected_chromedriver!GetHandleVerifier [0xfcb4a4+10684]
	undetected_chromedriver!(No symbol) [0xdd1e10]
	undetected_chromedriver!(No symbol) [0xde3d82]
	undetected_chromedriver!(No symbol) [0xde2e4c]
	undetected_chromedriver!(No symbol) [0xdd93a9]
	undetected_chromedriver!(No symbol) [0xdd948d]
	undetected_chromedriver!(No symbol) [0xdd77c2]
	undetected_chromedriver!(No symbol) [0xddafad]
	undetected_chromedriver!(No symbol) [0xe5b7a1]
	undetected_chromedriver!(No symbol) [0xe3d86c]
	undetected_chromedriver!(No symbol) [0xe5aa36]
	undetected_chromedriver!(No symbol) [0xe3d606]
	undetected_chromedriver!(No symbol) [0xe10039]
	undetected_chromedriver!(No symbol) [0xe10df4]
	undetected_chromedriver!GetHandleVerifier [0x124ddb4+292f94]
	undetected_chromedriver!GetHandleVerifier [0x124937d+28e55d]
	undetected_chromedriver!GetHandleVerifier [0x1268215+2ad3f5]
	undetected_chromedriver!GetHandleVerifier [0xfe4c18+29df8]
	undetected_chromedriver!GetHandleVerifier [0xfec6fd+318dd]
	undetected_chromedriver!GetHandleVerifier [0xfd3c78+18e58]
	undetected_chromedriver!GetHandleVerifier [0xfd3e42+19022]
	undetected_chromedriver!GetHandleVerifier [0xfbd45f+263f]
	KERNEL32!BaseThreadInitThunk [0x77365d49+19]
	ntdll!RtlInitializeExceptionChain [0x776ed83b+6b]
	ntdll!RtlGetAppContainerNamedObjectPath [0x776ed7c1+231]

[2026-05-05 08:14:15.460] [DEBUG   ] [bot.scanner] Error escaneando tile 'Dutch Roulette': Message: no such element: Unable to locate element: {"method":"css selector","selector":"[id="dutchrw235rwl293-235"]"}
  (Session info: chrome=147.0.7727.138); For documentation on this error, please visit: https://www.selenium.dev/documentation/webdriver/troubleshooting/errors#nosuchelementexception
Stacktrace:
	undetected_chromedriver!GetHandleVerifier [0xfcb373+10553]
	undetected_chromedriver!GetHandleVerifier [0xfcb4a4+10684]
	undetected_chromedriver!(No symbol) [0xdd1e10]
	undetected_chromedriver!(No symbol) [0xe1a9da]
	undetected_chromedriver!(No symbol) [0xe1ac7b]
	undetected_chromedriver!(No symbol) [0xe5d162]
	undetected_chromedriver!(No symbol) [0xe3d8b4]
	undetected_chromedriver!(No symbol) [0xe5aa36]
	undetected_chromedriver!(No symbol) [0xe3d606]
	undetected_chromedriver!(No symbol) [0xe10039]
	undetected_chromedriver!(No symbol) [0xe10df4]
	undetected_chromedriver!GetHandleVerifier [0x124ddb4+292f94]
	undetected_chromedriver!GetHandleVerifier [0x124937d+28e55d]
	undetected_chromedriver!GetHandleVerifier [0x1268215+2ad3f5]
	undetected_chromedriver!GetHandleVerifier [0xfe4c18+29df8]
	undetected_chromedriver!GetHandleVerifier [0xfec6fd+318dd]
	undetected_chromedriver!GetHandleVerifier [0xfd3c78+18e58]
	undetected_chromedriver!GetHandleVerifier [0xfd3e42+19022]
	undetected_chromedriver!GetHandleVerifier [0xfbd45f+263f]
	KERNEL32!BaseThreadInitThunk [0x77365d49+19]
	ntdll!RtlInitializeExceptionChain [0x776ed83b+6b]
	ntdll!RtlGetAppContainerNamedObjectPath [0x776ed7c1+231]

[2026-05-05 08:14:16.020] [DEBUG   ] [bot.scanner] Error escaneando tile 'Ruleta Latina': Message: no such element: Unable to locate element: {"method":"css selector","selector":"[id="roulerw234rwl292-234"]"}
  (Session info: chrome=147.0.7727.138); For documentation on this error, please visit: https://www.selenium.dev/documentation/webdriver/troubleshooting/errors#nosuchelementexception
Stacktrace:
	undetected_chromedriver!GetHandleVerifier [0xfcb373+10553]
	undetected_chromedriver!GetHandleVerifier [0xfcb4a4+10684]
	undetected_chromedriver!(No symbol) [0xdd1e10]
	undetected_chromedriver!(No symbol) [0xe1a9da]
	undetected_chromedriver!(No symbol) [0xe1ac7b]
	undetected_chromedriver!(No symbol) [0xe5d162]
	undetected_chromedriver!(No symbol) [0xe3d8b4]
	undetected_chromedriver!(No symbol) [0xe5aa36]
	undetected_chromedriver!(No symbol) [0xe3d606]
	undetected_chromedriver!(No symbol) [0xe10039]
	undetected_chromedriver!(No symbol) [0xe10df4]
	undetected_chromedriver!GetHandleVerifier [0x124ddb4+292f94]
	undetected_chromedriver!GetHandleVerifier [0x124937d+28e55d]
	undetected_chromedriver!GetHandleVerifier [0x1268215+2ad3f5]
	undetected_chromedriver!GetHandleVerifier [0xfe4c18+29df8]
	undetected_chromedriver!GetHandleVerifier [0xfec6fd+318dd]
	undetected_chromedriver!GetHandleVerifier [0xfd3c78+18e58]
	undetected_chromedriver!GetHandleVerifier [0xfd3e42+19022]
	undetected_chromedriver!GetHandleVerifier [0xfbd45f+263f]
	KERNEL32!BaseThreadInitThunk [0x77365d49+19]
	ntdll!RtlInitializeExceptionChain [0x776ed83b+6b]
	ntdll!RtlGetAppContainerNamedObjectPath [0x776ed7c1+231]

[2026-05-05 08:14:16.058] [DEBUG   ] [bot.scanner] Error escaneando tile 'Mega Roulette': Message: no such element: Unable to locate element: {"method":"css selector","selector":"[id="1hl65ce1lxuqdrkr-204"]"}
  (Session info: chrome=147.0.7727.138); For documentation on this error, please visit: https://www.selenium.dev/documentation/webdriver/troubleshooting/errors#nosuchelementexception
Stacktrace:
	undetected_chromedriver!GetHandleVerifier [0xfcb373+10553]
	undetected_chromedriver!GetHandleVerifier [0xfcb4a4+10684]
	undetected_chromedriver!(No symbol) [0xdd1e10]
	undetected_chromedriver!(No symbol) [0xe1a9da]
	undetected_chromedriver!(No symbol) [0xe1ac7b]
	undetected_chromedriver!(No symbol) [0xe5d162]
	undetected_chromedriver!(No symbol) [0xe3d8b4]
	undetected_chromedriver!(No symbol) [0xe5aa36]
	undetected_chromedriver!(No symbol) [0xe3d606]
	undetected_chromedriver!(No symbol) [0xe10039]
	undetected_chromedriver!(No symbol) [0xe10df4]
	undetected_chromedriver!GetHandleVerifier [0x124ddb4+292f94]
	undetected_chromedriver!GetHandleVerifier [0x124937d+28e55d]
	undetected_chromedriver!GetHandleVerifier [0x1268215+2ad3f5]
	undetected_chromedriver!GetHandleVerifier [0xfe4c18+29df8]
	undetected_chromedriver!GetHandleVerifier [0xfec6fd+318dd]
	undetected_chromedriver!GetHandleVerifier [0xfd3c78+18e58]
	undetected_chromedriver!GetHandleVerifier [0xfd3e42+19022]
	undetected_chromedriver!GetHandleVerifier [0xfbd45f+263f]
	KERNEL32!BaseThreadInitThunk [0x77365d49+19]
	ntdll!RtlInitializeExceptionChain [0x776ed83b+6b]
	ntdll!RtlGetAppContainerNamedObjectPath [0x776ed7c1+231]

[2026-05-05 08:14:16.111] [DEBUG   ] [bot.scanner] Error escaneando tile 'Brazilian Roulette': Message: no such element: Unable to locate element: {"method":"css selector","selector":"[id="rwbrzportrwa16rg-237"]"}
  (Session info: chrome=147.0.7727.138); For documentation on this error, please visit: https://www.selenium.dev/documentation/webdriver/troubleshooting/errors#nosuchelementexception
Stacktrace:
	undetected_chromedriver!GetHandleVerifier [0xfcb373+10553]
	undetected_chromedriver!GetHandleVerifier [0xfcb4a4+10684]
	undetected_chromedriver!(No symbol) [0xdd1e10]
	undetected_chromedriver!(No symbol) [0xe1a9da]
	undetected_chromedriver!(No symbol) [0xe1ac7b]
	undetected_chromedriver!(No symbol) [0xe5d162]
	undetected_chromedriver!(No symbol) [0xe3d8b4]
	undetected_chromedriver!(No symbol) [0xe5aa36]
	undetected_chromedriver!(No symbol) [0xe3d606]
	undetected_chromedriver!(No symbol) [0xe10039]
	undetected_chromedriver!(No symbol) [0xe10df4]
	undetected_chromedriver!GetHandleVerifier [0x124ddb4+292f94]
	undetected_chromedriver!GetHandleVerifier [0x124937d+28e55d]
	undetected_chromedriver!GetHandleVerifier [0x1268215+2ad3f5]
	undetected_chromedriver!GetHandleVerifier [0xfe4c18+29df8]
	undetected_chromedriver!GetHandleVerifier [0xfec6fd+318dd]
	undetected_chromedriver!GetHandleVerifier [0xfd3c78+18e58]
	undetected_chromedriver!GetHandleVerifier [0xfd3e42+19022]
	undetected_chromedriver!GetHandleVerifier [0xfbd45f+263f]
	KERNEL32!BaseThreadInitThunk [0x77365d49+19]
	ntdll!RtlInitializeExceptionChain [0x776ed83b+6b]
	ntdll!RtlGetAppContainerNamedObjectPath [0x776ed7c1+231]

[2026-05-05 08:14:16.127] [DEBUG   ] [bot.scanner] Error escaneando tile 'Roulette 1': Message: no such element: Unable to locate element: {"method":"css selector","selector":"[id="g03y1t9vvuhrfytl-227"]"}
  (Session info: chrome=147.0.7727.138); For documentation on this error, please visit: https://www.selenium.dev/documentation/webdriver/troubleshooting/errors#nosuchelementexception
Stacktrace:
	undetected_chromedriver!GetHandleVerifier [0xfcb373+10553]
	undetected_chromedriver!GetHandleVerifier [0xfcb4a4+10684]
	undetected_chromedriver!(No symbol) [0xdd1e10]
	undetected_chromedriver!(No symbol) [0xe1a9da]
	undetected_chromedriver!(No symbol) [0xe1ac7b]
	undetected_chromedriver!(No symbol) [0xe5d162]
	undetected_chromedriver!(No symbol) [0xe3d8b4]
	undetected_chromedriver!(No symbol) [0xe5aa36]
	undetected_chromedriver!(No symbol) [0xe3d606]
	undetected_chromedriver!(No symbol) [0xe10039]
	undetected_chromedriver!(No symbol) [0xe10df4]
	undetected_chromedriver!GetHandleVerifier [0x124ddb4+292f94]
	undetected_chromedriver!GetHandleVerifier [0x124937d+28e55d]
	undetected_chromedriver!GetHandleVerifier [0x1268215+2ad3f5]
	undetected_chromedriver!GetHandleVerifier [0xfe4c18+29df8]
	undetected_chromedriver!GetHandleVerifier [0xfec6fd+318dd]
	undetected_chromedriver!GetHandleVerifier [0xfd3c78+18e58]
	undetected_chromedriver!GetHandleVerifier [0xfd3e42+19022]
	undetected_chromedriver!GetHandleVerifier [0xfbd45f+263f]
	KERNEL32!BaseThreadInitThunk [0x77365d49+19]
	ntdll!RtlInitializeExceptionChain [0x776ed83b+6b]
	ntdll!RtlGetAppContainerNamedObjectPath [0x776ed7c1+231]

[2026-05-05 08:14:16.140] [DEBUG   ] [bot.scanner] Error escaneando tile 'Roulette 3': Message: no such element: Unable to locate element: {"method":"css selector","selector":"[id="chroma229rwltr22-230"]"}
  (Session info: chrome=147.0.7727.138); For documentation on this error, please visit: https://www.selenium.dev/documentation/webdriver/troubleshooting/errors#nosuchelementexception
Stacktrace:
	undetected_chromedriver!GetHandleVerifier [0xfcb373+10553]
	undetected_chromedriver!GetHandleVerifier [0xfcb4a4+10684]
	undetected_chromedriver!(No symbol) [0xdd1e10]
	undetected_chromedriver!(No symbol) [0xe1a9da]
	undetected_chromedriver!(No symbol) [0xe1ac7b]
	undetected_chromedriver!(No symbol) [0xe5d162]
	undetected_chromedriver!(No symbol) [0xe3d8b4]
	undetected_chromedriver!(No symbol) [0xe5aa36]
	undetected_chromedriver!(No symbol) [0xe3d606]
	undetected_chromedriver!(No symbol) [0xe10039]
	undetected_chromedriver!(No symbol) [0xe10df4]
	undetected_chromedriver!GetHandleVerifier [0x124ddb4+292f94]
	undetected_chromedriver!GetHandleVerifier [0x124937d+28e55d]
	undetected_chromedriver!GetHandleVerifier [0x1268215+2ad3f5]
	undetected_chromedriver!GetHandleVerifier [0xfe4c18+29df8]
	undetected_chromedriver!GetHandleVerifier [0xfec6fd+318dd]
	undetected_chromedriver!GetHandleVerifier [0xfd3c78+18e58]
	undetected_chromedriver!GetHandleVerifier [0xfd3e42+19022]
	undetected_chromedriver!GetHandleVerifier [0xfbd45f+263f]
	KERNEL32!BaseThreadInitThunk [0x77365d49+19]
	ntdll!RtlInitializeExceptionChain [0x776ed83b+6b]
	ntdll!RtlGetAppContainerNamedObjectPath [0x776ed7c1+231]

[2026-05-05 08:14:16.154] [DEBUG   ] [bot.scanner] Error escaneando tile 'Roulette Macao': Message: no such element: Unable to locate element: {"method":"css selector","selector":"[id="yqpz3ichst2xg439-206"]"}
  (Session info: chrome=147.0.7727.138); For documentation on this error, please visit: https://www.selenium.dev/documentation/webdriver/troubleshooting/errors#nosuchelementexception
Stacktrace:
	undetected_chromedriver!GetHandleVerifier [0xfcb373+10553]
	undetected_chromedriver!GetHandleVerifier [0xfcb4a4+10684]
	undetected_chromedriver!(No symbol) [0xdd1e10]
	undetected_chromedriver!(No symbol) [0xe1a9da]
	undetected_chromedriver!(No symbol) [0xe1ac7b]
	undetected_chromedriver!(No symbol) [0xe5d162]
	undetected_chromedriver!(No symbol) [0xe3d8b4]
	undetected_chromedriver!(No symbol) [0xe5aa36]
	undetected_chromedriver!(No symbol) [0xe3d606]
	undetected_chromedriver!(No symbol) [0xe10039]
	undetected_chromedriver!(No symbol) [0xe10df4]
	undetected_chromedriver!GetHandleVerifier [0x124ddb4+292f94]
	undetected_chromedriver!GetHandleVerifier [0x124937d+28e55d]
	undetected_chromedriver!GetHandleVerifier [0x1268215+2ad3f5]
	undetected_chromedriver!GetHandleVerifier [0xfe4c18+29df8]
	undetected_chromedriver!GetHandleVerifier [0xfec6fd+318dd]
	undetected_chromedriver!GetHandleVerifier [0xfd3c78+18e58]
	undetected_chromedriver!GetHandleVerifier [0xfd3e42+19022]
	undetected_chromedriver!GetHandleVerifier [0xfbd45f+263f]
	KERNEL32!BaseThreadInitThunk [0x77365d49+19]
	ntdll!RtlInitializeExceptionChain [0x776ed83b+6b]
	ntdll!RtlGetAppContainerNamedObjectPath [0x776ed7c1+231]

[2026-05-05 08:14:16.163] [DEBUG   ] [bot.scanner] Error escaneando tile 'Roulette 2 Extra Time': Message: no such element: Unable to locate element: {"method":"css selector","selector":"[id="5kvxlw4c1qm3xcyn-201"]"}
  (Session info: chrome=147.0.7727.138); For documentation on this error, please visit: https://www.selenium.dev/documentation/webdriver/troubleshooting/errors#nosuchelementexception
Stacktrace:
	undetected_chromedriver!GetHandleVerifier [0xfcb373+10553]
	undetected_chromedriver!GetHandleVerifier [0xfcb4a4+10684]
	undetected_chromedriver!(No symbol) [0xdd1e10]
	undetected_chromedriver!(No symbol) [0xe1a9da]
	undetected_chromedriver!(No symbol) [0xe1ac7b]
	undetected_chromedriver!(No symbol) [0xe5d162]
	undetected_chromedriver!(No symbol) [0xe3d8b4]
	undetected_chromedriver!(No symbol) [0xe5aa36]
	undetected_chromedriver!(No symbol) [0xe3d606]
	undetected_chromedriver!(No symbol) [0xe10039]
	undetected_chromedriver!(No symbol) [0xe10df4]
	undetected_chromedriver!GetHandleVerifier [0x124ddb4+292f94]
	undetected_chromedriver!GetHandleVerifier [0x124937d+28e55d]
	undetected_chromedriver!GetHandleVerifier [0x1268215+2ad3f5]
	undetected_chromedriver!GetHandleVerifier [0xfe4c18+29df8]
	undetected_chromedriver!GetHandleVerifier [0xfec6fd+318dd]
	undetected_chromedriver!GetHandleVerifier [0xfd3c78+18e58]
	undetected_chromedriver!GetHandleVerifier [0xfd3e42+19022]
	undetected_chromedriver!GetHandleVerifier [0xfbd45f+263f]
	KERNEL32!BaseThreadInitThunk [0x77365d49+19]
	ntdll!RtlInitializeExceptionChain [0x776ed83b+6b]
	ntdll!RtlGetAppContainerNamedObjectPath [0x776ed7c1+231]

[2026-05-05 08:14:16.189] [DEBUG   ] [bot.scanner] Error escaneando tile 'Brazilian Mega Roulette': Message: no such element: Unable to locate element: {"method":"css selector","selector":"[id="mrbras531mrbr532-287"]"}
  (Session info: chrome=147.0.7727.138); For documentation on this error, please visit: https://www.selenium.dev/documentation/webdriver/troubleshooting/errors#nosuchelementexception
Stacktrace:
	undetected_chromedriver!GetHandleVerifier [0xfcb373+10553]
	undetected_chromedriver!GetHandleVerifier [0xfcb4a4+10684]
	undetected_chromedriver!(No symbol) [0xdd1e10]
	undetected_chromedriver!(No symbol) [0xe1a9da]
	undetected_chromedriver!(No symbol) [0xe1ac7b]
	undetected_chromedriver!(No symbol) [0xe5d162]
	undetected_chromedriver!(No symbol) [0xe3d8b4]
	undetected_chromedriver!(No symbol) [0xe5aa36]
	undetected_chromedriver!(No symbol) [0xe3d606]
	undetected_chromedriver!(No symbol) [0xe10039]
	undetected_chromedriver!(No symbol) [0xe10df4]
	undetected_chromedriver!GetHandleVerifier [0x124ddb4+292f94]
	undetected_chromedriver!GetHandleVerifier [0x124937d+28e55d]
	undetected_chromedriver!GetHandleVerifier [0x1268215+2ad3f5]
	undetected_chromedriver!GetHandleVerifier [0xfe4c18+29df8]
	undetected_chromedriver!GetHandleVerifier [0xfec6fd+318dd]
	undetected_chromedriver!GetHandleVerifier [0xfd3c78+18e58]
	undetected_chromedriver!GetHandleVerifier [0xfd3e42+19022]
	undetected_chromedriver!GetHandleVerifier [0xfbd45f+263f]
	KERNEL32!BaseThreadInitThunk [0x77365d49+19]
	ntdll!RtlInitializeExceptionChain [0x776ed83b+6b]
	ntdll!RtlGetAppContainerNamedObjectPath [0x776ed7c1+231]

[2026-05-05 08:14:16.201] [DEBUG   ] [bot.scanner] Error escaneando tile 'Lucky 6 Roulette': Message: no such element: Unable to locate element: {"method":"css selector","selector":"[id="lucky6roulettea3-211a1"]"}
  (Session info: chrome=147.0.7727.138); For documentation on this error, please visit: https://www.selenium.dev/documentation/webdriver/troubleshooting/errors#nosuchelementexception
Stacktrace:
	undetected_chromedriver!GetHandleVerifier [0xfcb373+10553]
	undetected_chromedriver!GetHandleVerifier [0xfcb4a4+10684]
	undetected_chromedriver!(No symbol) [0xdd1e10]
	undetected_chromedriver!(No symbol) [0xe1a9da]
	undetected_chromedriver!(No symbol) [0xe1ac7b]
	undetected_chromedriver!(No symbol) [0xe5d162]
	undetected_chromedriver!(No symbol) [0xe3d8b4]
	undetected_chromedriver!(No symbol) [0xe5aa36]
	undetected_chromedriver!(No symbol) [0xe3d606]
	undetected_chromedriver!(No symbol) [0xe10039]
	undetected_chromedriver!(No symbol) [0xe10df4]
	undetected_chromedriver!GetHandleVerifier [0x124ddb4+292f94]
	undetected_chromedriver!GetHandleVerifier [0x124937d+28e55d]
	undetected_chromedriver!GetHandleVerifier [0x1268215+2ad3f5]
	undetected_chromedriver!GetHandleVerifier [0xfe4c18+29df8]
	undetected_chromedriver!GetHandleVerifier [0xfec6fd+318dd]
	undetected_chromedriver!GetHandleVerifier [0xfd3c78+18e58]
	undetected_chromedriver!GetHandleVerifier [0xfd3e42+19022]
	undetected_chromedriver!GetHandleVerifier [0xfbd45f+263f]
	KERNEL32!BaseThreadInitThunk [0x77365d49+19]
	ntdll!RtlInitializeExceptionChain [0x776ed83b+6b]
	ntdll!RtlGetAppContainerNamedObjectPath [0x776ed7c1+231]

[2026-05-05 08:14:16.212] [DEBUG   ] [bot.scanner] Error escaneando tile 'Auto Roulette': Message: no such element: Unable to locate element: {"method":"css selector","selector":"[id="5bzl2835s5ruvweg-225"]"}
  (Session info: chrome=147.0.7727.138); For documentation on this error, please visit: https://www.selenium.dev/documentation/webdriver/troubleshooting/errors#nosuchelementexception
Stacktrace:
	undetected_chromedriver!GetHandleVerifier [0xfcb373+10553]
	undetected_chromedriver!GetHandleVerifier [0xfcb4a4+10684]
	undetected_chromedriver!(No symbol) [0xdd1e10]
	undetected_chromedriver!(No symbol) [0xe1a9da]
	undetected_chromedriver!(No symbol) [0xe1ac7b]
	undetected_chromedriver!(No symbol) [0xe5d162]
	undetected_chromedriver!(No symbol) [0xe3d8b4]
	undetected_chromedriver!(No symbol) [0xe5aa36]
	undetected_chromedriver!(No symbol) [0xe3d606]
	undetected_chromedriver!(No symbol) [0xe10039]
	undetected_chromedriver!(No symbol) [0xe10df4]
	undetected_chromedriver!GetHandleVerifier [0x124ddb4+292f94]
	undetected_chromedriver!GetHandleVerifier [0x124937d+28e55d]
	undetected_chromedriver!GetHandleVerifier [0x1268215+2ad3f5]
	undetected_chromedriver!GetHandleVerifier [0xfe4c18+29df8]
	undetected_chromedriver!GetHandleVerifier [0xfec6fd+318dd]
	undetected_chromedriver!GetHandleVerifier [0xfd3c78+18e58]
	undetected_chromedriver!GetHandleVerifier [0xfd3e42+19022]
	undetected_chromedriver!GetHandleVerifier [0xfbd45f+263f]
	KERNEL32!BaseThreadInitThunk [0x77365d49+19]
	ntdll!RtlInitializeExceptionChain [0x776ed83b+6b]
	ntdll!RtlGetAppContainerNamedObjectPath [0x776ed7c1+231]

[2026-05-05 08:14:16.226] [DEBUG   ] [bot.scanner] Error escaneando tile 'Stake Roulette': Message: no such element: Unable to locate element: {"method":"css selector","selector":"[id="rw321stakerws321-236"]"}
  (Session info: chrome=147.0.7727.138); For documentation on this error, please visit: https://www.selenium.dev/documentation/webdriver/troubleshooting/errors#nosuchelementexception
Stacktrace:
	undetected_chromedriver!GetHandleVerifier [0xfcb373+10553]
	undetected_chromedriver!GetHandleVerifier [0xfcb4a4+10684]
	undetected_chromedriver!(No symbol) [0xdd1e10]
	undetected_chromedriver!(No symbol) [0xe1a9da]
	undetected_chromedriver!(No symbol) [0xe1ac7b]
	undetected_chromedriver!(No symbol) [0xe5d162]
	undetected_chromedriver!(No symbol) [0xe3d8b4]
	undetected_chromedriver!(No symbol) [0xe5aa36]
	undetected_chromedriver!(No symbol) [0xe3d606]
	undetected_chromedriver!(No symbol) [0xe10039]
	undetected_chromedriver!(No symbol) [0xe10df4]
	undetected_chromedriver!GetHandleVerifier [0x124ddb4+292f94]
	undetected_chromedriver!GetHandleVerifier [0x124937d+28e55d]
	undetected_chromedriver!GetHandleVerifier [0x1268215+2ad3f5]
	undetected_chromedriver!GetHandleVerifier [0xfe4c18+29df8]
	undetected_chromedriver!GetHandleVerifier [0xfec6fd+318dd]
	undetected_chromedriver!GetHandleVerifier [0xfd3c78+18e58]
	undetected_chromedriver!GetHandleVerifier [0xfd3e42+19022]
	undetected_chromedriver!GetHandleVerifier [0xfbd45f+263f]
	KERNEL32!BaseThreadInitThunk [0x77365d49+19]
	ntdll!RtlInitializeExceptionChain [0x776ed83b+6b]
	ntdll!RtlGetAppContainerNamedObjectPath [0x776ed7c1+231]

[2026-05-05 08:14:16.240] [DEBUG   ] [bot.scanner] Error escaneando tile 'Turkish Roulette': Message: no such element: Unable to locate element: {"method":"css selector","selector":"[id="p8l1j84prrmxzyic-224"]"}
  (Session info: chrome=147.0.7727.138); For documentation on this error, please visit: https://www.selenium.dev/documentation/webdriver/troubleshooting/errors#nosuchelementexception
Stacktrace:
	undetected_chromedriver!GetHandleVerifier [0xfcb373+10553]
	undetected_chromedriver!GetHandleVerifier [0xfcb4a4+10684]
	undetected_chromedriver!(No symbol) [0xdd1e10]
	undetected_chromedriver!(No symbol) [0xe1a9da]
	undetected_chromedriver!(No symbol) [0xe1ac7b]
	undetected_chromedriver!(No symbol) [0xe5d162]
	undetected_chromedriver!(No symbol) [0xe3d8b4]
	undetected_chromedriver!(No symbol) [0xe5aa36]
	undetected_chromedriver!(No symbol) [0xe3d606]
	undetected_chromedriver!(No symbol) [0xe10039]
	undetected_chromedriver!(No symbol) [0xe10df4]
	undetected_chromedriver!GetHandleVerifier [0x124ddb4+292f94]
	undetected_chromedriver!GetHandleVerifier [0x124937d+28e55d]
	undetected_chromedriver!GetHandleVerifier [0x1268215+2ad3f5]
	undetected_chromedriver!GetHandleVerifier [0xfe4c18+29df8]
	undetected_chromedriver!GetHandleVerifier [0xfec6fd+318dd]
	undetected_chromedriver!GetHandleVerifier [0xfd3c78+18e58]
	undetected_chromedriver!GetHandleVerifier [0xfd3e42+19022]
	undetected_chromedriver!GetHandleVerifier [0xfbd45f+263f]
	KERNEL32!BaseThreadInitThunk [0x77365d49+19]
	ntdll!RtlInitializeExceptionChain [0x776ed83b+6b]
	ntdll!RtlGetAppContainerNamedObjectPath [0x776ed7c1+231]

[2026-05-05 08:14:16.254] [DEBUG   ] [bot.scanner] Error escaneando tile 'German Roulette': Message: no such element: Unable to locate element: {"method":"css selector","selector":"[id="s2x6b4jdeqza2ge2-222"]"}
  (Session info: chrome=147.0.7727.138); For documentation on this error, please visit: https://www.selenium.dev/documentation/webdriver/troubleshooting/errors#nosuchelementexception
Stacktrace:
	undetected_chromedriver!GetHandleVerifier [0xfcb373+10553]
	undetected_chromedriver!GetHandleVerifier [0xfcb4a4+10684]
	undetected_chromedriver!(No symbol) [0xdd1e10]
	undetected_chromedriver!(No symbol) [0xe1a9da]
	undetected_chromedriver!(No symbol) [0xe1ac7b]
	undetected_chromedriver!(No symbol) [0xe5d162]
	undetected_chromedriver!(No symbol) [0xe3d8b4]
	undetected_chromedriver!(No symbol) [0xe5aa36]
	undetected_chromedriver!(No symbol) [0xe3d606]
	undetected_chromedriver!(No symbol) [0xe10039]
	undetected_chromedriver!(No symbol) [0xe10df4]
	undetected_chromedriver!GetHandleVerifier [0x124ddb4+292f94]
	undetected_chromedriver!GetHandleVerifier [0x124937d+28e55d]
	undetected_chromedriver!GetHandleVerifier [0x1268215+2ad3f5]
	undetected_chromedriver!GetHandleVerifier [0xfe4c18+29df8]
	undetected_chromedriver!GetHandleVerifier [0xfec6fd+318dd]
	undetected_chromedriver!GetHandleVerifier [0xfd3c78+18e58]
	undetected_chromedriver!GetHandleVerifier [0xfd3e42+19022]
	undetected_chromedriver!GetHandleVerifier [0xfbd45f+263f]
	KERNEL32!BaseThreadInitThunk [0x77365d49+19]
	ntdll!RtlInitializeExceptionChain [0x776ed83b+6b]
	ntdll!RtlGetAppContainerNamedObjectPath [0x776ed7c1+231]

[2026-05-05 08:14:16.273] [DEBUG   ] [bot.scanner] Error escaneando tile 'Romanian Roulette': Message: no such element: Unable to locate element: {"method":"css selector","selector":"[id="romania233rwl291-233"]"}
  (Session info: chrome=147.0.7727.138); For documentation on this error, please visit: https://www.selenium.dev/documentation/webdriver/troubleshooting/errors#nosuchelementexception
Stacktrace:
	undetected_chromedriver!GetHandleVerifier [0xfcb373+10553]
	undetected_chromedriver!GetHandleVerifier [0xfcb4a4+10684]
	undetected_chromedriver!(No symbol) [0xdd1e10]
	undetected_chromedriver!(No symbol) [0xe1a9da]
	undetected_chromedriver!(No symbol) [0xe1ac7b]
	undetected_chromedriver!(No symbol) [0xe5d162]
	undetected_chromedriver!(No symbol) [0xe3d8b4]
	undetected_chromedriver!(No symbol) [0xe5aa36]
	undetected_chromedriver!(No symbol) [0xe3d606]
	undetected_chromedriver!(No symbol) [0xe10039]
	undetected_chromedriver!(No symbol) [0xe10df4]
	undetected_chromedriver!GetHandleVerifier [0x124ddb4+292f94]
	undetected_chromedriver!GetHandleVerifier [0x124937d+28e55d]
	undetected_chromedriver!GetHandleVerifier [0x1268215+2ad3f5]
	undetected_chromedriver!GetHandleVerifier [0xfe4c18+29df8]
	undetected_chromedriver!GetHandleVerifier [0xfec6fd+318dd]
	undetected_chromedriver!GetHandleVerifier [0xfd3c78+18e58]
	undetected_chromedriver!GetHandleVerifier [0xfd3e42+19022]
	undetected_chromedriver!GetHandleVerifier [0xfbd45f+263f]
	KERNEL32!BaseThreadInitThunk [0x77365d49+19]
	ntdll!RtlInitializeExceptionChain [0x776ed83b+6b]
	ntdll!RtlGetAppContainerNamedObjectPath [0x776ed7c1+231]

[2026-05-05 08:14:16.287] [DEBUG   ] [bot.scanner] Error escaneando tile 'Roulette Italia Tricolore': Message: no such element: Unable to locate element: {"method":"css selector","selector":"[id="v1c52fgw7yy02upz-223"]"}
  (Session info: chrome=147.0.7727.138); For documentation on this error, please visit: https://www.selenium.dev/documentation/webdriver/troubleshooting/errors#nosuchelementexception
Stacktrace:
	undetected_chromedriver!GetHandleVerifier [0xfcb373+10553]
	undetected_chromedriver!GetHandleVerifier [0xfcb4a4+10684]
	undetected_chromedriver!(No symbol) [0xdd1e10]
	undetected_chromedriver!(No symbol) [0xe1a9da]
	undetected_chromedriver!(No symbol) [0xe1ac7b]
	undetected_chromedriver!(No symbol) [0xe5d162]
	undetected_chromedriver!(No symbol) [0xe3d8b4]
	undetected_chromedriver!(No symbol) [0xe5aa36]
	undetected_chromedriver!(No symbol) [0xe3d606]
	undetected_chromedriver!(No symbol) [0xe10039]
	undetected_chromedriver!(No symbol) [0xe10df4]
	undetected_chromedriver!GetHandleVerifier [0x124ddb4+292f94]
	undetected_chromedriver!GetHandleVerifier [0x124937d+28e55d]
	undetected_chromedriver!GetHandleVerifier [0x1268215+2ad3f5]
	undetected_chromedriver!GetHandleVerifier [0xfe4c18+29df8]
	undetected_chromedriver!GetHandleVerifier [0xfec6fd+318dd]
	undetected_chromedriver!GetHandleVerifier [0xfd3c78+18e58]
	undetected_chromedriver!GetHandleVerifier [0xfd3e42+19022]
	undetected_chromedriver!GetHandleVerifier [0xfbd45f+263f]
	KERNEL32!BaseThreadInitThunk [0x77365d49+19]
	ntdll!RtlInitializeExceptionChain [0x776ed83b+6b]
	ntdll!RtlGetAppContainerNamedObjectPath [0x776ed7c1+231]

[2026-05-05 08:14:16.297] [DEBUG   ] [bot.scanner] Error escaneando tile 'Russian Roulette': Message: no such element: Unable to locate element: {"method":"css selector","selector":"[id="t4jzencinod6iqwi-221"]"}
  (Session info: chrome=147.0.7727.138); For documentation on this error, please visit: https://www.selenium.dev/documentation/webdriver/troubleshooting/errors#nosuchelementexception
Stacktrace:
	undetected_chromedriver!GetHandleVerifier [0xfcb373+10553]
	undetected_chromedriver!GetHandleVerifier [0xfcb4a4+10684]
	undetected_chromedriver!(No symbol) [0xdd1e10]
	undetected_chromedriver!(No symbol) [0xe1a9da]
	undetected_chromedriver!(No symbol) [0xe1ac7b]
	undetected_chromedriver!(No symbol) [0xe5d162]
	undetected_chromedriver!(No symbol) [0xe3d8b4]
	undetected_chromedriver!(No symbol) [0xe5aa36]
	undetected_chromedriver!(No symbol) [0xe3d606]
	undetected_chromedriver!(No symbol) [0xe10039]
	undetected_chromedriver!(No symbol) [0xe10df4]
	undetected_chromedriver!GetHandleVerifier [0x124ddb4+292f94]
	undetected_chromedriver!GetHandleVerifier [0x124937d+28e55d]
	undetected_chromedriver!GetHandleVerifier [0x1268215+2ad3f5]
	undetected_chromedriver!GetHandleVerifier [0xfe4c18+29df8]
	undetected_chromedriver!GetHandleVerifier [0xfec6fd+318dd]
	undetected_chromedriver!GetHandleVerifier [0xfd3c78+18e58]
	undetected_chromedriver!GetHandleVerifier [0xfd3e42+19022]
	undetected_chromedriver!GetHandleVerifier [0xfbd45f+263f]
	KERNEL32!BaseThreadInitThunk [0x77365d49+19]
	ntdll!RtlInitializeExceptionChain [0x776ed83b+6b]
	ntdll!RtlGetAppContainerNamedObjectPath [0x776ed7c1+231]

[2026-05-05 08:14:16.307] [DEBUG   ] [bot.scanner] Error escaneando tile 'Dutch Roulette': Message: no such element: Unable to locate element: {"method":"css selector","selector":"[id="dutchrw235rwl293-235"]"}
  (Session info: chrome=147.0.7727.138); For documentation on this error, please visit: https://www.selenium.dev/documentation/webdriver/troubleshooting/errors#nosuchelementexception
Stacktrace:
	undetected_chromedriver!GetHandleVerifier [0xfcb373+10553]
	undetected_chromedriver!GetHandleVerifier [0xfcb4a4+10684]
	undetected_chromedriver!(No symbol) [0xdd1e10]
	undetected_chromedriver!(No symbol) [0xe1a9da]
	undetected_chromedriver!(No symbol) [0xe1ac7b]
	undetected_chromedriver!(No symbol) [0xe5d162]
	undetected_chromedriver!(No symbol) [0xe3d8b4]
	undetected_chromedriver!(No symbol) [0xe5aa36]
	undetected_chromedriver!(No symbol) [0xe3d606]
	undetected_chromedriver!(No symbol) [0xe10039]
	undetected_chromedriver!(No symbol) [0xe10df4]
	undetected_chromedriver!GetHandleVerifier [0x124ddb4+292f94]
	undetected_chromedriver!GetHandleVerifier [0x124937d+28e55d]
	undetected_chromedriver!GetHandleVerifier [0x1268215+2ad3f5]
	undetected_chromedriver!GetHandleVerifier [0xfe4c18+29df8]
	undetected_chromedriver!GetHandleVerifier [0xfec6fd+318dd]
	undetected_chromedriver!GetHandleVerifier [0xfd3c78+18e58]
	undetected_chromedriver!GetHandleVerifier [0xfd3e42+19022]
	undetected_chromedriver!GetHandleVerifier [0xfbd45f+263f]
	KERNEL32!BaseThreadInitThunk [0x77365d49+19]
	ntdll!RtlInitializeExceptionChain [0x776ed83b+6b]
	ntdll!RtlGetAppContainerNamedObjectPath [0x776ed7c1+231]

[2026-05-05 08:14:16.837] [DEBUG   ] [bot.scanner] Error escaneando tile 'Ruleta Latina': Message: no such element: Unable to locate element: {"method":"css selector","selector":"[id="roulerw234rwl292-234"]"}
  (Session info: chrome=147.0.7727.138); For documentation on this error, please visit: https://www.selenium.dev/documentation/webdriver/troubleshooting/errors#nosuchelementexception
Stacktrace:
	undetected_chromedriver!GetHandleVerifier [0xfcb373+10553]
	undetected_chromedriver!GetHandleVerifier [0xfcb4a4+10684]
	undetected_chromedriver!(No symbol) [0xdd1e10]
	undetected_chromedriver!(No symbol) [0xe1a9da]
	undetected_chromedriver!(No symbol) [0xe1ac7b]
	undetected_chromedriver!(No symbol) [0xe5d162]
	undetected_chromedriver!(No symbol) [0xe3d8b4]
	undetected_chromedriver!(No symbol) [0xe5aa36]
	undetected_chromedriver!(No symbol) [0xe3d606]
	undetected_chromedriver!(No symbol) [0xe10039]
	undetected_chromedriver!(No symbol) [0xe10df4]
	undetected_chromedriver!GetHandleVerifier [0x124ddb4+292f94]
	undetected_chromedriver!GetHandleVerifier [0x124937d+28e55d]
	undetected_chromedriver!GetHandleVerifier [0x1268215+2ad3f5]
	undetected_chromedriver!GetHandleVerifier [0xfe4c18+29df8]
	undetected_chromedriver!GetHandleVerifier [0xfec6fd+318dd]
	undetected_chromedriver!GetHandleVerifier [0xfd3c78+18e58]
	undetected_chromedriver!GetHandleVerifier [0xfd3e42+19022]
	undetected_chromedriver!GetHandleVerifier [0xfbd45f+263f]
	KERNEL32!BaseThreadInitThunk [0x77365d49+19]
	ntdll!RtlInitializeExceptionChain [0x776ed83b+6b]
	ntdll!RtlGetAppContainerNamedObjectPath [0x776ed7c1+231]

[2026-05-05 08:14:16.844] [DEBUG   ] [bot.scanner] Error escaneando tile 'Mega Roulette': Message: no such element: Unable to locate element: {"method":"css selector","selector":"[id="1hl65ce1lxuqdrkr-204"]"}
  (Session info: chrome=147.0.7727.138); For documentation on this error, please visit: https://www.selenium.dev/documentation/webdriver/troubleshooting/errors#nosuchelementexception
Stacktrace:
	undetected_chromedriver!GetHandleVerifier [0xfcb373+10553]
	undetected_chromedriver!GetHandleVerifier [0xfcb4a4+10684]
	undetected_chromedriver!(No symbol) [0xdd1e10]
	undetected_chromedriver!(No symbol) [0xe1a9da]
	undetected_chromedriver!(No symbol) [0xe1ac7b]
	undetected_chromedriver!(No symbol) [0xe5d162]
	undetected_chromedriver!(No symbol) [0xe3d8b4]
	undetected_chromedriver!(No symbol) [0xe5aa36]
	undetected_chromedriver!(No symbol) [0xe3d606]
	undetected_chromedriver!(No symbol) [0xe10039]
	undetected_chromedriver!(No symbol) [0xe10df4]
	undetected_chromedriver!GetHandleVerifier [0x124ddb4+292f94]
	undetected_chromedriver!GetHandleVerifier [0x124937d+28e55d]
	undetected_chromedriver!GetHandleVerifier [0x1268215+2ad3f5]
	undetected_chromedriver!GetHandleVerifier [0xfe4c18+29df8]
	undetected_chromedriver!GetHandleVerifier [0xfec6fd+318dd]
	undetected_chromedriver!GetHandleVerifier [0xfd3c78+18e58]
	undetected_chromedriver!GetHandleVerifier [0xfd3e42+19022]
	undetected_chromedriver!GetHandleVerifier [0xfbd45f+263f]
	KERNEL32!BaseThreadInitThunk [0x77365d49+19]
	ntdll!RtlInitializeExceptionChain [0x776ed83b+6b]
	ntdll!RtlGetAppContainerNamedObjectPath [0x776ed7c1+231]

[2026-05-05 08:14:16.853] [DEBUG   ] [bot.scanner] Error escaneando tile 'Brazilian Roulette': Message: no such element: Unable to locate element: {"method":"css selector","selector":"[id="rwbrzportrwa16rg-237"]"}
  (Session info: chrome=147.0.7727.138); For documentation on this error, please visit: https://www.selenium.dev/documentation/webdriver/troubleshooting/errors#nosuchelementexception
Stacktrace:
	undetected_chromedriver!GetHandleVerifier [0xfcb373+10553]
	undetected_chromedriver!GetHandleVerifier [0xfcb4a4+10684]
	undetected_chromedriver!(No symbol) [0xdd1e10]
	undetected_chromedriver!(No symbol) [0xe1a9da]
	undetected_chromedriver!(No symbol) [0xe1ac7b]
	undetected_chromedriver!(No symbol) [0xe5d162]
	undetected_chromedriver!(No symbol) [0xe3d8b4]
	undetected_chromedriver!(No symbol) [0xe5aa36]
	undetected_chromedriver!(No symbol) [0xe3d606]
	undetected_chromedriver!(No symbol) [0xe10039]
	undetected_chromedriver!(No symbol) [0xe10df4]
	undetected_chromedriver!GetHandleVerifier [0x124ddb4+292f94]
	undetected_chromedriver!GetHandleVerifier [0x124937d+28e55d]
	undetected_chromedriver!GetHandleVerifier [0x1268215+2ad3f5]
	undetected_chromedriver!GetHandleVerifier [0xfe4c18+29df8]
	undetected_chromedriver!GetHandleVerifier [0xfec6fd+318dd]
	undetected_chromedriver!GetHandleVerifier [0xfd3c78+18e58]
	undetected_chromedriver!GetHandleVerifier [0xfd3e42+19022]
	undetected_chromedriver!GetHandleVerifier [0xfbd45f+263f]
	KERNEL32!BaseThreadInitThunk [0x77365d49+19]
	ntdll!RtlInitializeExceptionChain [0x776ed83b+6b]
	ntdll!RtlGetAppContainerNamedObjectPath [0x776ed7c1+231]

[2026-05-05 08:14:16.879] [DEBUG   ] [bot.scanner] Error escaneando tile 'Roulette 1': Message: no such element: Unable to locate element: {"method":"css selector","selector":"[id="g03y1t9vvuhrfytl-227"]"}
  (Session info: chrome=147.0.7727.138); For documentation on this error, please visit: https://www.selenium.dev/documentation/webdriver/troubleshooting/errors#nosuchelementexception
Stacktrace:
	undetected_chromedriver!GetHandleVerifier [0xfcb373+10553]
	undetected_chromedriver!GetHandleVerifier [0xfcb4a4+10684]
	undetected_chromedriver!(No symbol) [0xdd1e10]
	undetected_chromedriver!(No symbol) [0xe1a9da]
	undetected_chromedriver!(No symbol) [0xe1ac7b]
	undetected_chromedriver!(No symbol) [0xe5d162]
	undetected_chromedriver!(No symbol) [0xe3d8b4]
	undetected_chromedriver!(No symbol) [0xe5aa36]
	undetected_chromedriver!(No symbol) [0xe3d606]
	undetected_chromedriver!(No symbol) [0xe10039]
	undetected_chromedriver!(No symbol) [0xe10df4]
	undetected_chromedriver!GetHandleVerifier [0x124ddb4+292f94]
	undetected_chromedriver!GetHandleVerifier [0x124937d+28e55d]
	undetected_chromedriver!GetHandleVerifier [0x1268215+2ad3f5]
	undetected_chromedriver!GetHandleVerifier [0xfe4c18+29df8]
	undetected_chromedriver!GetHandleVerifier [0xfec6fd+318dd]
	undetected_chromedriver!GetHandleVerifier [0xfd3c78+18e58]
	undetected_chromedriver!GetHandleVerifier [0xfd3e42+19022]
	undetected_chromedriver!GetHandleVerifier [0xfbd45f+263f]
	KERNEL32!BaseThreadInitThunk [0x77365d49+19]
	ntdll!RtlInitializeExceptionChain [0x776ed83b+6b]
	ntdll!RtlGetAppContainerNamedObjectPath [0x776ed7c1+231]

[2026-05-05 08:14:16.889] [DEBUG   ] [bot.scanner] Error escaneando tile 'Roulette 3': Message: no such element: Unable to locate element: {"method":"css selector","selector":"[id="chroma229rwltr22-230"]"}
  (Session info: chrome=147.0.7727.138); For documentation on this error, please visit: https://www.selenium.dev/documentation/webdriver/troubleshooting/errors#nosuchelementexception
Stacktrace:
	undetected_chromedriver!GetHandleVerifier [0xfcb373+10553]
	undetected_chromedriver!GetHandleVerifier [0xfcb4a4+10684]
	undetected_chromedriver!(No symbol) [0xdd1e10]
	undetected_chromedriver!(No symbol) [0xe1a9da]
	undetected_chromedriver!(No symbol) [0xe1ac7b]
	undetected_chromedriver!(No symbol) [0xe5d162]
	undetected_chromedriver!(No symbol) [0xe3d8b4]
	undetected_chromedriver!(No symbol) [0xe5aa36]
	undetected_chromedriver!(No symbol) [0xe3d606]
	undetected_chromedriver!(No symbol) [0xe10039]
	undetected_chromedriver!(No symbol) [0xe10df4]
	undetected_chromedriver!GetHandleVerifier [0x124ddb4+292f94]
	undetected_chromedriver!GetHandleVerifier [0x124937d+28e55d]
	undetected_chromedriver!GetHandleVerifier [0x1268215+2ad3f5]
	undetected_chromedriver!GetHandleVerifier [0xfe4c18+29df8]
	undetected_chromedriver!GetHandleVerifier [0xfec6fd+318dd]
	undetected_chromedriver!GetHandleVerifier [0xfd3c78+18e58]
	undetected_chromedriver!GetHandleVerifier [0xfd3e42+19022]
	undetected_chromedriver!GetHandleVerifier [0xfbd45f+263f]
	KERNEL32!BaseThreadInitThunk [0x77365d49+19]
	ntdll!RtlInitializeExceptionChain [0x776ed83b+6b]
	ntdll!RtlGetAppContainerNamedObjectPath [0x776ed7c1+231]

[2026-05-05 08:14:16.901] [DEBUG   ] [bot.scanner] Error escaneando tile 'Roulette Macao': Message: no such element: Unable to locate element: {"method":"css selector","selector":"[id="yqpz3ichst2xg439-206"]"}
  (Session info: chrome=147.0.7727.138); For documentation on this error, please visit: https://www.selenium.dev/documentation/webdriver/troubleshooting/errors#nosuchelementexception
Stacktrace:
	undetected_chromedriver!GetHandleVerifier [0xfcb373+10553]
	undetected_chromedriver!GetHandleVerifier [0xfcb4a4+10684]
	undetected_chromedriver!(No symbol) [0xdd1e10]
	undetected_chromedriver!(No symbol) [0xe1a9da]
	undetected_chromedriver!(No symbol) [0xe1ac7b]
	undetected_chromedriver!(No symbol) [0xe5d162]
	undetected_chromedriver!(No symbol) [0xe3d8b4]
	undetected_chromedriver!(No symbol) [0xe5aa36]
	undetected_chromedriver!(No symbol) [0xe3d606]
	undetected_chromedriver!(No symbol) [0xe10039]
	undetected_chromedriver!(No symbol) [0xe10df4]
	undetected_chromedriver!GetHandleVerifier [0x124ddb4+292f94]
	undetected_chromedriver!GetHandleVerifier [0x124937d+28e55d]
	undetected_chromedriver!GetHandleVerifier [0x1268215+2ad3f5]
	undetected_chromedriver!GetHandleVerifier [0xfe4c18+29df8]
	undetected_chromedriver!GetHandleVerifier [0xfec6fd+318dd]
	undetected_chromedriver!GetHandleVerifier [0xfd3c78+18e58]
	undetected_chromedriver!GetHandleVerifier [0xfd3e42+19022]
	undetected_chromedriver!GetHandleVerifier [0xfbd45f+263f]
	KERNEL32!BaseThreadInitThunk [0x77365d49+19]
	ntdll!RtlInitializeExceptionChain [0x776ed83b+6b]
	ntdll!RtlGetAppContainerNamedObjectPath [0x776ed7c1+231]

[2026-05-05 08:14:16.911] [DEBUG   ] [bot.scanner] Error escaneando tile 'Roulette 2 Extra Time': Message: no such element: Unable to locate element: {"method":"css selector","selector":"[id="5kvxlw4c1qm3xcyn-201"]"}
  (Session info: chrome=147.0.7727.138); For documentation on this error, please visit: https://www.selenium.dev/documentation/webdriver/troubleshooting/errors#nosuchelementexception
Stacktrace:
	undetected_chromedriver!GetHandleVerifier [0xfcb373+10553]
	undetected_chromedriver!GetHandleVerifier [0xfcb4a4+10684]
	undetected_chromedriver!(No symbol) [0xdd1e10]
	undetected_chromedriver!(No symbol) [0xe1a9da]
	undetected_chromedriver!(No symbol) [0xe1ac7b]
	undetected_chromedriver!(No symbol) [0xe5d162]
	undetected_chromedriver!(No symbol) [0xe3d8b4]
	undetected_chromedriver!(No symbol) [0xe5aa36]
	undetected_chromedriver!(No symbol) [0xe3d606]
	undetected_chromedriver!(No symbol) [0xe10039]
	undetected_chromedriver!(No symbol) [0xe10df4]
	undetected_chromedriver!GetHandleVerifier [0x124ddb4+292f94]
	undetected_chromedriver!GetHandleVerifier [0x124937d+28e55d]
	undetected_chromedriver!GetHandleVerifier [0x1268215+2ad3f5]
	undetected_chromedriver!GetHandleVerifier [0xfe4c18+29df8]
	undetected_chromedriver!GetHandleVerifier [0xfec6fd+318dd]
	undetected_chromedriver!GetHandleVerifier [0xfd3c78+18e58]
	undetected_chromedriver!GetHandleVerifier [0xfd3e42+19022]
	undetected_chromedriver!GetHandleVerifier [0xfbd45f+263f]
	KERNEL32!BaseThreadInitThunk [0x77365d49+19]
	ntdll!RtlInitializeExceptionChain [0x776ed83b+6b]
	ntdll!RtlGetAppContainerNamedObjectPath [0x776ed7c1+231]

[2026-05-05 08:14:16.921] [DEBUG   ] [bot.scanner] Error escaneando tile 'Brazilian Mega Roulette': Message: no such element: Unable to locate element: {"method":"css selector","selector":"[id="mrbras531mrbr532-287"]"}
  (Session info: chrome=147.0.7727.138); For documentation on this error, please visit: https://www.selenium.dev/documentation/webdriver/troubleshooting/errors#nosuchelementexception
Stacktrace:
	undetected_chromedriver!GetHandleVerifier [0xfcb373+10553]
	undetected_chromedriver!GetHandleVerifier [0xfcb4a4+10684]
	undetected_chromedriver!(No symbol) [0xdd1e10]
	undetected_chromedriver!(No symbol) [0xe1a9da]
	undetected_chromedriver!(No symbol) [0xe1ac7b]
	undetected_chromedriver!(No symbol) [0xe5d162]
	undetected_chromedriver!(No symbol) [0xe3d8b4]
	undetected_chromedriver!(No symbol) [0xe5aa36]
	undetected_chromedriver!(No symbol) [0xe3d606]
	undetected_chromedriver!(No symbol) [0xe10039]
	undetected_chromedriver!(No symbol) [0xe10df4]
	undetected_chromedriver!GetHandleVerifier [0x124ddb4+292f94]
	undetected_chromedriver!GetHandleVerifier [0x124937d+28e55d]
	undetected_chromedriver!GetHandleVerifier [0x1268215+2ad3f5]
	undetected_chromedriver!GetHandleVerifier [0xfe4c18+29df8]
	undetected_chromedriver!GetHandleVerifier [0xfec6fd+318dd]
	undetected_chromedriver!GetHandleVerifier [0xfd3c78+18e58]
	undetected_chromedriver!GetHandleVerifier [0xfd3e42+19022]
	undetected_chromedriver!GetHandleVerifier [0xfbd45f+263f]
	KERNEL32!BaseThreadInitThunk [0x77365d49+19]
	ntdll!RtlInitializeExceptionChain [0x776ed83b+6b]
	ntdll!RtlGetAppContainerNamedObjectPath [0x776ed7c1+231]

[2026-05-05 08:14:16.927] [DEBUG   ] [bot.scanner] Error escaneando tile 'Lucky 6 Roulette': Message: no such element: Unable to locate element: {"method":"css selector","selector":"[id="lucky6roulettea3-211a1"]"}
  (Session info: chrome=147.0.7727.138); For documentation on this error, please visit: https://www.selenium.dev/documentation/webdriver/troubleshooting/errors#nosuchelementexception
Stacktrace:
	undetected_chromedriver!GetHandleVerifier [0xfcb373+10553]
	undetected_chromedriver!GetHandleVerifier [0xfcb4a4+10684]
	undetected_chromedriver!(No symbol) [0xdd1e10]
	undetected_chromedriver!(No symbol) [0xe1a9da]
	undetected_chromedriver!(No symbol) [0xe1ac7b]
	undetected_chromedriver!(No symbol) [0xe5d162]
	undetected_chromedriver!(No symbol) [0xe3d8b4]
	undetected_chromedriver!(No symbol) [0xe5aa36]
	undetected_chromedriver!(No symbol) [0xe3d606]
	undetected_chromedriver!(No symbol) [0xe10039]
	undetected_chromedriver!(No symbol) [0xe10df4]
	undetected_chromedriver!GetHandleVerifier [0x124ddb4+292f94]
	undetected_chromedriver!GetHandleVerifier [0x124937d+28e55d]
	undetected_chromedriver!GetHandleVerifier [0x1268215+2ad3f5]
	undetected_chromedriver!GetHandleVerifier [0xfe4c18+29df8]
	undetected_chromedriver!GetHandleVerifier [0xfec6fd+318dd]
	undetected_chromedriver!GetHandleVerifier [0xfd3c78+18e58]
	undetected_chromedriver!GetHandleVerifier [0xfd3e42+19022]
	undetected_chromedriver!GetHandleVerifier [0xfbd45f+263f]
	KERNEL32!BaseThreadInitThunk [0x77365d49+19]
	ntdll!RtlInitializeExceptionChain [0x776ed83b+6b]
	ntdll!RtlGetAppContainerNamedObjectPath [0x776ed7c1+231]

[2026-05-05 08:14:16.936] [DEBUG   ] [bot.scanner] Error escaneando tile 'Auto Roulette': Message: no such element: Unable to locate element: {"method":"css selector","selector":"[id="5bzl2835s5ruvweg-225"]"}
  (Session info: chrome=147.0.7727.138); For documentation on this error, please visit: https://www.selenium.dev/documentation/webdriver/troubleshooting/errors#nosuchelementexception
Stacktrace:
	undetected_chromedriver!GetHandleVerifier [0xfcb373+10553]
	undetected_chromedriver!GetHandleVerifier [0xfcb4a4+10684]
	undetected_chromedriver!(No symbol) [0xdd1e10]
	undetected_chromedriver!(No symbol) [0xe1a9da]
	undetected_chromedriver!(No symbol) [0xe1ac7b]
	undetected_chromedriver!(No symbol) [0xe5d162]
	undetected_chromedriver!(No symbol) [0xe3d8b4]
	undetected_chromedriver!(No symbol) [0xe5aa36]
	undetected_chromedriver!(No symbol) [0xe3d606]
	undetected_chromedriver!(No symbol) [0xe10039]
	undetected_chromedriver!(No symbol) [0xe10df4]
	undetected_chromedriver!GetHandleVerifier [0x124ddb4+292f94]
	undetected_chromedriver!GetHandleVerifier [0x124937d+28e55d]
	undetected_chromedriver!GetHandleVerifier [0x1268215+2ad3f5]
	undetected_chromedriver!GetHandleVerifier [0xfe4c18+29df8]
	undetected_chromedriver!GetHandleVerifier [0xfec6fd+318dd]
	undetected_chromedriver!GetHandleVerifier [0xfd3c78+18e58]
	undetected_chromedriver!GetHandleVerifier [0xfd3e42+19022]
	undetected_chromedriver!GetHandleVerifier [0xfbd45f+263f]
	KERNEL32!BaseThreadInitThunk [0x77365d49+19]
	ntdll!RtlInitializeExceptionChain [0x776ed83b+6b]
	ntdll!RtlGetAppContainerNamedObjectPath [0x776ed7c1+231]

[2026-05-05 08:14:16.943] [DEBUG   ] [bot.scanner] Error escaneando tile 'Stake Roulette': Message: no such element: Unable to locate element: {"method":"css selector","selector":"[id="rw321stakerws321-236"]"}
  (Session info: chrome=147.0.7727.138); For documentation on this error, please visit: https://www.selenium.dev/documentation/webdriver/troubleshooting/errors#nosuchelementexception
Stacktrace:
	undetected_chromedriver!GetHandleVerifier [0xfcb373+10553]
	undetected_chromedriver!GetHandleVerifier [0xfcb4a4+10684]
	undetected_chromedriver!(No symbol) [0xdd1e10]
	undetected_chromedriver!(No symbol) [0xe1a9da]
	undetected_chromedriver!(No symbol) [0xe1ac7b]
	undetected_chromedriver!(No symbol) [0xe5d162]
	undetected_chromedriver!(No symbol) [0xe3d8b4]
	undetected_chromedriver!(No symbol) [0xe5aa36]
	undetected_chromedriver!(No symbol) [0xe3d606]
	undetected_chromedriver!(No symbol) [0xe10039]
	undetected_chromedriver!(No symbol) [0xe10df4]
	undetected_chromedriver!GetHandleVerifier [0x124ddb4+292f94]
	undetected_chromedriver!GetHandleVerifier [0x124937d+28e55d]
	undetected_chromedriver!GetHandleVerifier [0x1268215+2ad3f5]
	undetected_chromedriver!GetHandleVerifier [0xfe4c18+29df8]
	undetected_chromedriver!GetHandleVerifier [0xfec6fd+318dd]
	undetected_chromedriver!GetHandleVerifier [0xfd3c78+18e58]
	undetected_chromedriver!GetHandleVerifier [0xfd3e42+19022]
	undetected_chromedriver!GetHandleVerifier [0xfbd45f+263f]
	KERNEL32!BaseThreadInitThunk [0x77365d49+19]
	ntdll!RtlInitializeExceptionChain [0x776ed83b+6b]
	ntdll!RtlGetAppContainerNamedObjectPath [0x776ed7c1+231]

[2026-05-05 08:14:16.953] [DEBUG   ] [bot.scanner] Error escaneando tile 'Turkish Roulette': Message: no such element: Unable to locate element: {"method":"css selector","selector":"[id="p8l1j84prrmxzyic-224"]"}
  (Session info: chrome=147.0.7727.138); For documentation on this error, please visit: https://www.selenium.dev/documentation/webdriver/troubleshooting/errors#nosuchelementexception
Stacktrace:
	undetected_chromedriver!GetHandleVerifier [0xfcb373+10553]
	undetected_chromedriver!GetHandleVerifier [0xfcb4a4+10684]
	undetected_chromedriver!(No symbol) [0xdd1e10]
	undetected_chromedriver!(No symbol) [0xe1a9da]
	undetected_chromedriver!(No symbol) [0xe1ac7b]
	undetected_chromedriver!(No symbol) [0xe5d162]
	undetected_chromedriver!(No symbol) [0xe3d8b4]
	undetected_chromedriver!(No symbol) [0xe5aa36]
	undetected_chromedriver!(No symbol) [0xe3d606]
	undetected_chromedriver!(No symbol) [0xe10039]
	undetected_chromedriver!(No symbol) [0xe10df4]
	undetected_chromedriver!GetHandleVerifier [0x124ddb4+292f94]
	undetected_chromedriver!GetHandleVerifier [0x124937d+28e55d]
	undetected_chromedriver!GetHandleVerifier [0x1268215+2ad3f5]
	undetected_chromedriver!GetHandleVerifier [0xfe4c18+29df8]
	undetected_chromedriver!GetHandleVerifier [0xfec6fd+318dd]
	undetected_chromedriver!GetHandleVerifier [0xfd3c78+18e58]
	undetected_chromedriver!GetHandleVerifier [0xfd3e42+19022]
	undetected_chromedriver!GetHandleVerifier [0xfbd45f+263f]
	KERNEL32!BaseThreadInitThunk [0x77365d49+19]
	ntdll!RtlInitializeExceptionChain [0x776ed83b+6b]
	ntdll!RtlGetAppContainerNamedObjectPath [0x776ed7c1+231]

[2026-05-05 08:14:16.960] [DEBUG   ] [bot.scanner] Error escaneando tile 'German Roulette': Message: no such element: Unable to locate element: {"method":"css selector","selector":"[id="s2x6b4jdeqza2ge2-222"]"}
  (Session info: chrome=147.0.7727.138); For documentation on this error, please visit: https://www.selenium.dev/documentation/webdriver/troubleshooting/errors#nosuchelementexception
Stacktrace:
	undetected_chromedriver!GetHandleVerifier [0xfcb373+10553]
	undetected_chromedriver!GetHandleVerifier [0xfcb4a4+10684]
	undetected_chromedriver!(No symbol) [0xdd1e10]
	undetected_chromedriver!(No symbol) [0xe1a9da]
	undetected_chromedriver!(No symbol) [0xe1ac7b]
	undetected_chromedriver!(No symbol) [0xe5d162]
	undetected_chromedriver!(No symbol) [0xe3d8b4]
	undetected_chromedriver!(No symbol) [0xe5aa36]
	undetected_chromedriver!(No symbol) [0xe3d606]
	undetected_chromedriver!(No symbol) [0xe10039]
	undetected_chromedriver!(No symbol) [0xe10df4]
	undetected_chromedriver!GetHandleVerifier [0x124ddb4+292f94]
	undetected_chromedriver!GetHandleVerifier [0x124937d+28e55d]
	undetected_chromedriver!GetHandleVerifier [0x1268215+2ad3f5]
	undetected_chromedriver!GetHandleVerifier [0xfe4c18+29df8]
	undetected_chromedriver!GetHandleVerifier [0xfec6fd+318dd]
	undetected_chromedriver!GetHandleVerifier [0xfd3c78+18e58]
	undetected_chromedriver!GetHandleVerifier [0xfd3e42+19022]
	undetected_chromedriver!GetHandleVerifier [0xfbd45f+263f]
	KERNEL32!BaseThreadInitThunk [0x77365d49+19]
	ntdll!RtlInitializeExceptionChain [0x776ed83b+6b]
	ntdll!RtlGetAppContainerNamedObjectPath [0x776ed7c1+231]

[2026-05-05 08:14:16.970] [DEBUG   ] [bot.scanner] Error escaneando tile 'Romanian Roulette': Message: no such element: Unable to locate element: {"method":"css selector","selector":"[id="romania233rwl291-233"]"}
  (Session info: chrome=147.0.7727.138); For documentation on this error, please visit: https://www.selenium.dev/documentation/webdriver/troubleshooting/errors#nosuchelementexception
Stacktrace:
	undetected_chromedriver!GetHandleVerifier [0xfcb373+10553]
	undetected_chromedriver!GetHandleVerifier [0xfcb4a4+10684]
	undetected_chromedriver!(No symbol) [0xdd1e10]
	undetected_chromedriver!(No symbol) [0xe1a9da]
	undetected_chromedriver!(No symbol) [0xe1ac7b]
	undetected_chromedriver!(No symbol) [0xe5d162]
	undetected_chromedriver!(No symbol) [0xe3d8b4]
	undetected_chromedriver!(No symbol) [0xe5aa36]
	undetected_chromedriver!(No symbol) [0xe3d606]
	undetected_chromedriver!(No symbol) [0xe10039]
	undetected_chromedriver!(No symbol) [0xe10df4]
	undetected_chromedriver!GetHandleVerifier [0x124ddb4+292f94]
	undetected_chromedriver!GetHandleVerifier [0x124937d+28e55d]
	undetected_chromedriver!GetHandleVerifier [0x1268215+2ad3f5]
	undetected_chromedriver!GetHandleVerifier [0xfe4c18+29df8]
	undetected_chromedriver!GetHandleVerifier [0xfec6fd+318dd]
	undetected_chromedriver!GetHandleVerifier [0xfd3c78+18e58]
	undetected_chromedriver!GetHandleVerifier [0xfd3e42+19022]
	undetected_chromedriver!GetHandleVerifier [0xfbd45f+263f]
	KERNEL32!BaseThreadInitThunk [0x77365d49+19]
	ntdll!RtlInitializeExceptionChain [0x776ed83b+6b]
	ntdll!RtlGetAppContainerNamedObjectPath [0x776ed7c1+231]

[2026-05-05 08:14:16.976] [DEBUG   ] [bot.scanner] Error escaneando tile 'Roulette Italia Tricolore': Message: no such element: Unable to locate element: {"method":"css selector","selector":"[id="v1c52fgw7yy02upz-223"]"}
  (Session info: chrome=147.0.7727.138); For documentation on this error, please visit: https://www.selenium.dev/documentation/webdriver/troubleshooting/errors#nosuchelementexception
Stacktrace:
	undetected_chromedriver!GetHandleVerifier [0xfcb373+10553]
	undetected_chromedriver!GetHandleVerifier [0xfcb4a4+10684]
	undetected_chromedriver!(No symbol) [0xdd1e10]
	undetected_chromedriver!(No symbol) [0xe1a9da]
	undetected_chromedriver!(No symbol) [0xe1ac7b]
	undetected_chromedriver!(No symbol) [0xe5d162]
	undetected_chromedriver!(No symbol) [0xe3d8b4]
	undetected_chromedriver!(No symbol) [0xe5aa36]
	undetected_chromedriver!(No symbol) [0xe3d606]
	undetected_chromedriver!(No symbol) [0xe10039]
	undetected_chromedriver!(No symbol) [0xe10df4]
	undetected_chromedriver!GetHandleVerifier [0x124ddb4+292f94]
	undetected_chromedriver!GetHandleVerifier [0x124937d+28e55d]
	undetected_chromedriver!GetHandleVerifier [0x1268215+2ad3f5]
	undetected_chromedriver!GetHandleVerifier [0xfe4c18+29df8]
	undetected_chromedriver!GetHandleVerifier [0xfec6fd+318dd]
	undetected_chromedriver!GetHandleVerifier [0xfd3c78+18e58]
	undetected_chromedriver!GetHandleVerifier [0xfd3e42+19022]
	undetected_chromedriver!GetHandleVerifier [0xfbd45f+263f]
	KERNEL32!BaseThreadInitThunk [0x77365d49+19]
	ntdll!RtlInitializeExceptionChain [0x776ed83b+6b]
	ntdll!RtlGetAppContainerNamedObjectPath [0x776ed7c1+231]

[2026-05-05 08:14:17.047] [DEBUG   ] [bot.scanner] Error escaneando tile 'Russian Roulette': Message: no such element: Unable to locate element: {"method":"css selector","selector":"[id="t4jzencinod6iqwi-221"]"}
  (Session info: chrome=147.0.7727.138); For documentation on this error, please visit: https://www.selenium.dev/documentation/webdriver/troubleshooting/errors#nosuchelementexception
Stacktrace:
	undetected_chromedriver!GetHandleVerifier [0xfcb373+10553]
	undetected_chromedriver!GetHandleVerifier [0xfcb4a4+10684]
	undetected_chromedriver!(No symbol) [0xdd1e10]
	undetected_chromedriver!(No symbol) [0xe1a9da]
	undetected_chromedriver!(No symbol) [0xe1ac7b]
	undetected_chromedriver!(No symbol) [0xe5d162]
	undetected_chromedriver!(No symbol) [0xe3d8b4]
	undetected_chromedriver!(No symbol) [0xe5aa36]
	undetected_chromedriver!(No symbol) [0xe3d606]
	undetected_chromedriver!(No symbol) [0xe10039]
	undetected_chromedriver!(No symbol) [0xe10df4]
	undetected_chromedriver!GetHandleVerifier [0x124ddb4+292f94]
	undetected_chromedriver!GetHandleVerifier [0x124937d+28e55d]
	undetected_chromedriver!GetHandleVerifier [0x1268215+2ad3f5]
	undetected_chromedriver!GetHandleVerifier [0xfe4c18+29df8]
	undetected_chromedriver!GetHandleVerifier [0xfec6fd+318dd]
	undetected_chromedriver!GetHandleVerifier [0xfd3c78+18e58]
	undetected_chromedriver!GetHandleVerifier [0xfd3e42+19022]
	undetected_chromedriver!GetHandleVerifier [0xfbd45f+263f]
	KERNEL32!BaseThreadInitThunk [0x77365d49+19]
	ntdll!RtlInitializeExceptionChain [0x776ed83b+6b]
	ntdll!RtlGetAppContainerNamedObjectPath [0x776ed7c1+231]

[2026-05-05 08:14:17.062] [DEBUG   ] [bot.scanner] Error escaneando tile 'Dutch Roulette': Message: no such element: Unable to locate element: {"method":"css selector","selector":"[id="dutchrw235rwl293-235"]"}
  (Session info: chrome=147.0.7727.138); For documentation on this error, please visit: https://www.selenium.dev/documentation/webdriver/troubleshooting/errors#nosuchelementexception
Stacktrace:
	undetected_chromedriver!GetHandleVerifier [0xfcb373+10553]
	undetected_chromedriver!GetHandleVerifier [0xfcb4a4+10684]
	undetected_chromedriver!(No symbol) [0xdd1e10]
	undetected_chromedriver!(No symbol) [0xe1a9da]
	undetected_chromedriver!(No symbol) [0xe1ac7b]
	undetected_chromedriver!(No symbol) [0xe5d162]
	undetected_chromedriver!(No symbol) [0xe3d8b4]
	undetected_chromedriver!(No symbol) [0xe5aa36]
	undetected_chromedriver!(No symbol) [0xe3d606]
	undetected_chromedriver!(No symbol) [0xe10039]
	undetected_chromedriver!(No symbol) [0xe10df4]
	undetected_chromedriver!GetHandleVerifier [0x124ddb4+292f94]
	undetected_chromedriver!GetHandleVerifier [0x124937d+28e55d]
	undetected_chromedriver!GetHandleVerifier [0x1268215+2ad3f5]
	undetected_chromedriver!GetHandleVerifier [0xfe4c18+29df8]
	undetected_chromedriver!GetHandleVerifier [0xfec6fd+318dd]
	undetected_chromedriver!GetHandleVerifier [0xfd3c78+18e58]
	undetected_chromedriver!GetHandleVerifier [0xfd3e42+19022]
	undetected_chromedriver!GetHandleVerifier [0xfbd45f+263f]
	KERNEL32!BaseThreadInitThunk [0x77365d49+19]
	ntdll!RtlInitializeExceptionChain [0x776ed83b+6b]
	ntdll!RtlGetAppContainerNamedObjectPath [0x776ed7c1+231]

[2026-05-05 08:14:17.603] [DEBUG   ] [bot.scanner] Error escaneando tile 'Ruleta Latina': Message: no such element: Unable to locate element: {"method":"css selector","selector":"[id="roulerw234rwl292-234"]"}
  (Session info: chrome=147.0.7727.138); For documentation on this error, please visit: https://www.selenium.dev/documentation/webdriver/troubleshooting/errors#nosuchelementexception
Stacktrace:
	undetected_chromedriver!GetHandleVerifier [0xfcb373+10553]
	undetected_chromedriver!GetHandleVerifier [0xfcb4a4+10684]
	undetected_chromedriver!(No symbol) [0xdd1e10]
	undetected_chromedriver!(No symbol) [0xe1a9da]
	undetected_chromedriver!(No symbol) [0xe1ac7b]
	undetected_chromedriver!(No symbol) [0xe5d162]
	undetected_chromedriver!(No symbol) [0xe3d8b4]
	undetected_chromedriver!(No symbol) [0xe5aa36]
	undetected_chromedriver!(No symbol) [0xe3d606]
	undetected_chromedriver!(No symbol) [0xe10039]
	undetected_chromedriver!(No symbol) [0xe10df4]
	undetected_chromedriver!GetHandleVerifier [0x124ddb4+292f94]
	undetected_chromedriver!GetHandleVerifier [0x124937d+28e55d]
	undetected_chromedriver!GetHandleVerifier [0x1268215+2ad3f5]
	undetected_chromedriver!GetHandleVerifier [0xfe4c18+29df8]
	undetected_chromedriver!GetHandleVerifier [0xfec6fd+318dd]
	undetected_chromedriver!GetHandleVerifier [0xfd3c78+18e58]
	undetected_chromedriver!GetHandleVerifier [0xfd3e42+19022]
	undetected_chromedriver!GetHandleVerifier [0xfbd45f+263f]
	KERNEL32!BaseThreadInitThunk [0x77365d49+19]
	ntdll!RtlInitializeExceptionChain [0x776ed83b+6b]
	ntdll!RtlGetAppContainerNamedObjectPath [0x776ed7c1+231]

[2026-05-05 08:14:17.612] [DEBUG   ] [bot.scanner] Error escaneando tile 'Mega Roulette': Message: no such element: Unable to locate element: {"method":"css selector","selector":"[id="1hl65ce1lxuqdrkr-204"]"}
  (Session info: chrome=147.0.7727.138); For documentation on this error, please visit: https://www.selenium.dev/documentation/webdriver/troubleshooting/errors#nosuchelementexception
Stacktrace:
	undetected_chromedriver!GetHandleVerifier [0xfcb373+10553]
	undetected_chromedriver!GetHandleVerifier [0xfcb4a4+10684]
	undetected_chromedriver!(No symbol) [0xdd1e10]
	undetected_chromedriver!(No symbol) [0xe1a9da]
	undetected_chromedriver!(No symbol) [0xe1ac7b]
	undetected_chromedriver!(No symbol) [0xe5d162]
	undetected_chromedriver!(No symbol) [0xe3d8b4]
	undetected_chromedriver!(No symbol) [0xe5aa36]
	undetected_chromedriver!(No symbol) [0xe3d606]
	undetected_chromedriver!(No symbol) [0xe10039]
	undetected_chromedriver!(No symbol) [0xe10df4]
	undetected_chromedriver!GetHandleVerifier [0x124ddb4+292f94]
	undetected_chromedriver!GetHandleVerifier [0x124937d+28e55d]
	undetected_chromedriver!GetHandleVerifier [0x1268215+2ad3f5]
	undetected_chromedriver!GetHandleVerifier [0xfe4c18+29df8]
	undetected_chromedriver!GetHandleVerifier [0xfec6fd+318dd]
	undetected_chromedriver!GetHandleVerifier [0xfd3c78+18e58]
	undetected_chromedriver!GetHandleVerifier [0xfd3e42+19022]
	undetected_chromedriver!GetHandleVerifier [0xfbd45f+263f]
	KERNEL32!BaseThreadInitThunk [0x77365d49+19]
	ntdll!RtlInitializeExceptionChain [0x776ed83b+6b]
	ntdll!RtlGetAppContainerNamedObjectPath [0x776ed7c1+231]

[2026-05-05 08:14:17.621] [DEBUG   ] [bot.scanner] Error escaneando tile 'Brazilian Roulette': Message: no such element: Unable to locate element: {"method":"css selector","selector":"[id="rwbrzportrwa16rg-237"]"}
  (Session info: chrome=147.0.7727.138); For documentation on this error, please visit: https://www.selenium.dev/documentation/webdriver/troubleshooting/errors#nosuchelementexception
Stacktrace:
	undetected_chromedriver!GetHandleVerifier [0xfcb373+10553]
	undetected_chromedriver!GetHandleVerifier [0xfcb4a4+10684]
	undetected_chromedriver!(No symbol) [0xdd1e10]
	undetected_chromedriver!(No symbol) [0xe1a9da]
	undetected_chromedriver!(No symbol) [0xe1ac7b]
	undetected_chromedriver!(No symbol) [0xe5d162]
	undetected_chromedriver!(No symbol) [0xe3d8b4]
	undetected_chromedriver!(No symbol) [0xe5aa36]
	undetected_chromedriver!(No symbol) [0xe3d606]
	undetected_chromedriver!(No symbol) [0xe10039]
	undetected_chromedriver!(No symbol) [0xe10df4]
	undetected_chromedriver!GetHandleVerifier [0x124ddb4+292f94]
	undetected_chromedriver!GetHandleVerifier [0x124937d+28e55d]
	undetected_chromedriver!GetHandleVerifier [0x1268215+2ad3f5]
	undetected_chromedriver!GetHandleVerifier [0xfe4c18+29df8]
	undetected_chromedriver!GetHandleVerifier [0xfec6fd+318dd]
	undetected_chromedriver!GetHandleVerifier [0xfd3c78+18e58]
	undetected_chromedriver!GetHandleVerifier [0xfd3e42+19022]
	undetected_chromedriver!GetHandleVerifier [0xfbd45f+263f]
	KERNEL32!BaseThreadInitThunk [0x77365d49+19]
	ntdll!RtlInitializeExceptionChain [0x776ed83b+6b]
	ntdll!RtlGetAppContainerNamedObjectPath [0x776ed7c1+231]

[2026-05-05 08:14:17.628] [DEBUG   ] [bot.scanner] Error escaneando tile 'Roulette 1': Message: no such element: Unable to locate element: {"method":"css selector","selector":"[id="g03y1t9vvuhrfytl-227"]"}
  (Session info: chrome=147.0.7727.138); For documentation on this error, please visit: https://www.selenium.dev/documentation/webdriver/troubleshooting/errors#nosuchelementexception
Stacktrace:
	undetected_chromedriver!GetHandleVerifier [0xfcb373+10553]
	undetected_chromedriver!GetHandleVerifier [0xfcb4a4+10684]
	undetected_chromedriver!(No symbol) [0xdd1e10]
	undetected_chromedriver!(No symbol) [0xe1a9da]
	undetected_chromedriver!(No symbol) [0xe1ac7b]
	undetected_chromedriver!(No symbol) [0xe5d162]
	undetected_chromedriver!(No symbol) [0xe3d8b4]
	undetected_chromedriver!(No symbol) [0xe5aa36]
	undetected_chromedriver!(No symbol) [0xe3d606]
	undetected_chromedriver!(No symbol) [0xe10039]
	undetected_chromedriver!(No symbol) [0xe10df4]
	undetected_chromedriver!GetHandleVerifier [0x124ddb4+292f94]
	undetected_chromedriver!GetHandleVerifier [0x124937d+28e55d]
	undetected_chromedriver!GetHandleVerifier [0x1268215+2ad3f5]
	undetected_chromedriver!GetHandleVerifier [0xfe4c18+29df8]
	undetected_chromedriver!GetHandleVerifier [0xfec6fd+318dd]
	undetected_chromedriver!GetHandleVerifier [0xfd3c78+18e58]
	undetected_chromedriver!GetHandleVerifier [0xfd3e42+19022]
	undetected_chromedriver!GetHandleVerifier [0xfbd45f+263f]
	KERNEL32!BaseThreadInitThunk [0x77365d49+19]
	ntdll!RtlInitializeExceptionChain [0x776ed83b+6b]
	ntdll!RtlGetAppContainerNamedObjectPath [0x776ed7c1+231]

[2026-05-05 08:14:17.638] [DEBUG   ] [bot.scanner] Error escaneando tile 'Roulette 3': Message: no such element: Unable to locate element: {"method":"css selector","selector":"[id="chroma229rwltr22-230"]"}
  (Session info: chrome=147.0.7727.138); For documentation on this error, please visit: https://www.selenium.dev/documentation/webdriver/troubleshooting/errors#nosuchelementexception
Stacktrace:
	undetected_chromedriver!GetHandleVerifier [0xfcb373+10553]
	undetected_chromedriver!GetHandleVerifier [0xfcb4a4+10684]
	undetected_chromedriver!(No symbol) [0xdd1e10]
	undetected_chromedriver!(No symbol) [0xe1a9da]
	undetected_chromedriver!(No symbol) [0xe1ac7b]
	undetected_chromedriver!(No symbol) [0xe5d162]
	undetected_chromedriver!(No symbol) [0xe3d8b4]
	undetected_chromedriver!(No symbol) [0xe5aa36]
	undetected_chromedriver!(No symbol) [0xe3d606]
	undetected_chromedriver!(No symbol) [0xe10039]
	undetected_chromedriver!(No symbol) [0xe10df4]
	undetected_chromedriver!GetHandleVerifier [0x124ddb4+292f94]
	undetected_chromedriver!GetHandleVerifier [0x124937d+28e55d]
	undetected_chromedriver!GetHandleVerifier [0x1268215+2ad3f5]
	undetected_chromedriver!GetHandleVerifier [0xfe4c18+29df8]
	undetected_chromedriver!GetHandleVerifier [0xfec6fd+318dd]
	undetected_chromedriver!GetHandleVerifier [0xfd3c78+18e58]
	undetected_chromedriver!GetHandleVerifier [0xfd3e42+19022]
	undetected_chromedriver!GetHandleVerifier [0xfbd45f+263f]
	KERNEL32!BaseThreadInitThunk [0x77365d49+19]
	ntdll!RtlInitializeExceptionChain [0x776ed83b+6b]
	ntdll!RtlGetAppContainerNamedObjectPath [0x776ed7c1+231]

[2026-05-05 08:14:17.645] [DEBUG   ] [bot.scanner] Error escaneando tile 'Roulette Macao': Message: no such element: Unable to locate element: {"method":"css selector","selector":"[id="yqpz3ichst2xg439-206"]"}
  (Session info: chrome=147.0.7727.138); For documentation on this error, please visit: https://www.selenium.dev/documentation/webdriver/troubleshooting/errors#nosuchelementexception
Stacktrace:
	undetected_chromedriver!GetHandleVerifier [0xfcb373+10553]
	undetected_chromedriver!GetHandleVerifier [0xfcb4a4+10684]
	undetected_chromedriver!(No symbol) [0xdd1e10]
	undetected_chromedriver!(No symbol) [0xe1a9da]
	undetected_chromedriver!(No symbol) [0xe1ac7b]
	undetected_chromedriver!(No symbol) [0xe5d162]
	undetected_chromedriver!(No symbol) [0xe3d8b4]
	undetected_chromedriver!(No symbol) [0xe5aa36]
	undetected_chromedriver!(No symbol) [0xe3d606]
	undetected_chromedriver!(No symbol) [0xe10039]
	undetected_chromedriver!(No symbol) [0xe10df4]
	undetected_chromedriver!GetHandleVerifier [0x124ddb4+292f94]
	undetected_chromedriver!GetHandleVerifier [0x124937d+28e55d]
	undetected_chromedriver!GetHandleVerifier [0x1268215+2ad3f5]
	undetected_chromedriver!GetHandleVerifier [0xfe4c18+29df8]
	undetected_chromedriver!GetHandleVerifier [0xfec6fd+318dd]
	undetected_chromedriver!GetHandleVerifier [0xfd3c78+18e58]
	undetected_chromedriver!GetHandleVerifier [0xfd3e42+19022]
	undetected_chromedriver!GetHandleVerifier [0xfbd45f+263f]
	KERNEL32!BaseThreadInitThunk [0x77365d49+19]
	ntdll!RtlInitializeExceptionChain [0x776ed83b+6b]
	ntdll!RtlGetAppContainerNamedObjectPath [0x776ed7c1+231]

[2026-05-05 08:14:17.655] [DEBUG   ] [bot.scanner] Error escaneando tile 'Roulette 2 Extra Time': Message: no such element: Unable to locate element: {"method":"css selector","selector":"[id="5kvxlw4c1qm3xcyn-201"]"}
  (Session info: chrome=147.0.7727.138); For documentation on this error, please visit: https://www.selenium.dev/documentation/webdriver/troubleshooting/errors#nosuchelementexception
Stacktrace:
	undetected_chromedriver!GetHandleVerifier [0xfcb373+10553]
	undetected_chromedriver!GetHandleVerifier [0xfcb4a4+10684]
	undetected_chromedriver!(No symbol) [0xdd1e10]
	undetected_chromedriver!(No symbol) [0xe1a9da]
	undetected_chromedriver!(No symbol) [0xe1ac7b]
	undetected_chromedriver!(No symbol) [0xe5d162]
	undetected_chromedriver!(No symbol) [0xe3d8b4]
	undetected_chromedriver!(No symbol) [0xe5aa36]
	undetected_chromedriver!(No symbol) [0xe3d606]
	undetected_chromedriver!(No symbol) [0xe10039]
	undetected_chromedriver!(No symbol) [0xe10df4]
	undetected_chromedriver!GetHandleVerifier [0x124ddb4+292f94]
	undetected_chromedriver!GetHandleVerifier [0x124937d+28e55d]
	undetected_chromedriver!GetHandleVerifier [0x1268215+2ad3f5]
	undetected_chromedriver!GetHandleVerifier [0xfe4c18+29df8]
	undetected_chromedriver!GetHandleVerifier [0xfec6fd+318dd]
	undetected_chromedriver!GetHandleVerifier [0xfd3c78+18e58]
	undetected_chromedriver!GetHandleVerifier [0xfd3e42+19022]
	undetected_chromedriver!GetHandleVerifier [0xfbd45f+263f]
	KERNEL32!BaseThreadInitThunk [0x77365d49+19]
	ntdll!RtlInitializeExceptionChain [0x776ed83b+6b]
	ntdll!RtlGetAppContainerNamedObjectPath [0x776ed7c1+231]

[2026-05-05 08:14:17.675] [DEBUG   ] [bot.scanner] Error escaneando tile 'Brazilian Mega Roulette': Message: no such element: Unable to locate element: {"method":"css selector","selector":"[id="mrbras531mrbr532-287"]"}
  (Session info: chrome=147.0.7727.138); For documentation on this error, please visit: https://www.selenium.dev/documentation/webdriver/troubleshooting/errors#nosuchelementexception
Stacktrace:
	undetected_chromedriver!GetHandleVerifier [0xfcb373+10553]
	undetected_chromedriver!GetHandleVerifier [0xfcb4a4+10684]
	undetected_chromedriver!(No symbol) [0xdd1e10]
	undetected_chromedriver!(No symbol) [0xe1a9da]
	undetected_chromedriver!(No symbol) [0xe1ac7b]
	undetected_chromedriver!(No symbol) [0xe5d162]
	undetected_chromedriver!(No symbol) [0xe3d8b4]
	undetected_chromedriver!(No symbol) [0xe5aa36]
	undetected_chromedriver!(No symbol) [0xe3d606]
	undetected_chromedriver!(No symbol) [0xe10039]
	undetected_chromedriver!(No symbol) [0xe10df4]
	undetected_chromedriver!GetHandleVerifier [0x124ddb4+292f94]
	undetected_chromedriver!GetHandleVerifier [0x124937d+28e55d]
	undetected_chromedriver!GetHandleVerifier [0x1268215+2ad3f5]
	undetected_chromedriver!GetHandleVerifier [0xfe4c18+29df8]
	undetected_chromedriver!GetHandleVerifier [0xfec6fd+318dd]
	undetected_chromedriver!GetHandleVerifier [0xfd3c78+18e58]
	undetected_chromedriver!GetHandleVerifier [0xfd3e42+19022]
	undetected_chromedriver!GetHandleVerifier [0xfbd45f+263f]
	KERNEL32!BaseThreadInitThunk [0x77365d49+19]
	ntdll!RtlInitializeExceptionChain [0x776ed83b+6b]
	ntdll!RtlGetAppContainerNamedObjectPath [0x776ed7c1+231]

[2026-05-05 08:14:17.684] [DEBUG   ] [bot.scanner] Error escaneando tile 'Lucky 6 Roulette': Message: no such element: Unable to locate element: {"method":"css selector","selector":"[id="lucky6roulettea3-211a1"]"}
  (Session info: chrome=147.0.7727.138); For documentation on this error, please visit: https://www.selenium.dev/documentation/webdriver/troubleshooting/errors#nosuchelementexception
Stacktrace:
	undetected_chromedriver!GetHandleVerifier [0xfcb373+10553]
	undetected_chromedriver!GetHandleVerifier [0xfcb4a4+10684]
	undetected_chromedriver!(No symbol) [0xdd1e10]
	undetected_chromedriver!(No symbol) [0xe1a9da]
	undetected_chromedriver!(No symbol) [0xe1ac7b]
	undetected_chromedriver!(No symbol) [0xe5d162]
	undetected_chromedriver!(No symbol) [0xe3d8b4]
	undetected_chromedriver!(No symbol) [0xe5aa36]
	undetected_chromedriver!(No symbol) [0xe3d606]
	undetected_chromedriver!(No symbol) [0xe10039]
	undetected_chromedriver!(No symbol) [0xe10df4]
	undetected_chromedriver!GetHandleVerifier [0x124ddb4+292f94]
	undetected_chromedriver!GetHandleVerifier [0x124937d+28e55d]
	undetected_chromedriver!GetHandleVerifier [0x1268215+2ad3f5]
	undetected_chromedriver!GetHandleVerifier [0xfe4c18+29df8]
	undetected_chromedriver!GetHandleVerifier [0xfec6fd+318dd]
	undetected_chromedriver!GetHandleVerifier [0xfd3c78+18e58]
	undetected_chromedriver!GetHandleVerifier [0xfd3e42+19022]
	undetected_chromedriver!GetHandleVerifier [0xfbd45f+263f]
	KERNEL32!BaseThreadInitThunk [0x77365d49+19]
	ntdll!RtlInitializeExceptionChain [0x776ed83b+6b]
	ntdll!RtlGetAppContainerNamedObjectPath [0x776ed7c1+231]

[2026-05-05 08:14:17.692] [DEBUG   ] [bot.scanner] Error escaneando tile 'Auto Roulette': Message: no such element: Unable to locate element: {"method":"css selector","selector":"[id="5bzl2835s5ruvweg-225"]"}
  (Session info: chrome=147.0.7727.138); For documentation on this error, please visit: https://www.selenium.dev/documentation/webdriver/troubleshooting/errors#nosuchelementexception
Stacktrace:
	undetected_chromedriver!GetHandleVerifier [0xfcb373+10553]
	undetected_chromedriver!GetHandleVerifier [0xfcb4a4+10684]
	undetected_chromedriver!(No symbol) [0xdd1e10]
	undetected_chromedriver!(No symbol) [0xe1a9da]
	undetected_chromedriver!(No symbol) [0xe1ac7b]
	undetected_chromedriver!(No symbol) [0xe5d162]
	undetected_chromedriver!(No symbol) [0xe3d8b4]
	undetected_chromedriver!(No symbol) [0xe5aa36]
	undetected_chromedriver!(No symbol) [0xe3d606]
	undetected_chromedriver!(No symbol) [0xe10039]
	undetected_chromedriver!(No symbol) [0xe10df4]
	undetected_chromedriver!GetHandleVerifier [0x124ddb4+292f94]
	undetected_chromedriver!GetHandleVerifier [0x124937d+28e55d]
	undetected_chromedriver!GetHandleVerifier [0x1268215+2ad3f5]
	undetected_chromedriver!GetHandleVerifier [0xfe4c18+29df8]
	undetected_chromedriver!GetHandleVerifier [0xfec6fd+318dd]
	undetected_chromedriver!GetHandleVerifier [0xfd3c78+18e58]
	undetected_chromedriver!GetHandleVerifier [0xfd3e42+19022]
	undetected_chromedriver!GetHandleVerifier [0xfbd45f+263f]
	KERNEL32!BaseThreadInitThunk [0x77365d49+19]
	ntdll!RtlInitializeExceptionChain [0x776ed83b+6b]
	ntdll!RtlGetAppContainerNamedObjectPath [0x776ed7c1+231]

[2026-05-05 08:14:17.700] [DEBUG   ] [bot.scanner] Error escaneando tile 'Stake Roulette': Message: no such element: Unable to locate element: {"method":"css selector","selector":"[id="rw321stakerws321-236"]"}
  (Session info: chrome=147.0.7727.138); For documentation on this error, please visit: https://www.selenium.dev/documentation/webdriver/troubleshooting/errors#nosuchelementexception
Stacktrace:
	undetected_chromedriver!GetHandleVerifier [0xfcb373+10553]
	undetected_chromedriver!GetHandleVerifier [0xfcb4a4+10684]
	undetected_chromedriver!(No symbol) [0xdd1e10]
	undetected_chromedriver!(No symbol) [0xe1a9da]
	undetected_chromedriver!(No symbol) [0xe1ac7b]
	undetected_chromedriver!(No symbol) [0xe5d162]
	undetected_chromedriver!(No symbol) [0xe3d8b4]
	undetected_chromedriver!(No symbol) [0xe5aa36]
	undetected_chromedriver!(No symbol) [0xe3d606]
	undetected_chromedriver!(No symbol) [0xe10039]
	undetected_chromedriver!(No symbol) [0xe10df4]
	undetected_chromedriver!GetHandleVerifier [0x124ddb4+292f94]
	undetected_chromedriver!GetHandleVerifier [0x124937d+28e55d]
	undetected_chromedriver!GetHandleVerifier [0x1268215+2ad3f5]
	undetected_chromedriver!GetHandleVerifier [0xfe4c18+29df8]
	undetected_chromedriver!GetHandleVerifier [0xfec6fd+318dd]
	undetected_chromedriver!GetHandleVerifier [0xfd3c78+18e58]
	undetected_chromedriver!GetHandleVerifier [0xfd3e42+19022]
	undetected_chromedriver!GetHandleVerifier [0xfbd45f+263f]
	KERNEL32!BaseThreadInitThunk [0x77365d49+19]
	ntdll!RtlInitializeExceptionChain [0x776ed83b+6b]
	ntdll!RtlGetAppContainerNamedObjectPath [0x776ed7c1+231]

[2026-05-05 08:14:17.709] [DEBUG   ] [bot.scanner] Error escaneando tile 'Turkish Roulette': Message: no such element: Unable to locate element: {"method":"css selector","selector":"[id="p8l1j84prrmxzyic-224"]"}
  (Session info: chrome=147.0.7727.138); For documentation on this error, please visit: https://www.selenium.dev/documentation/webdriver/troubleshooting/errors#nosuchelementexception
Stacktrace:
	undetected_chromedriver!GetHandleVerifier [0xfcb373+10553]
	undetected_chromedriver!GetHandleVerifier [0xfcb4a4+10684]
	undetected_chromedriver!(No symbol) [0xdd1e10]
	undetected_chromedriver!(No symbol) [0xe1a9da]
	undetected_chromedriver!(No symbol) [0xe1ac7b]
	undetected_chromedriver!(No symbol) [0xe5d162]
	undetected_chromedriver!(No symbol) [0xe3d8b4]
	undetected_chromedriver!(No symbol) [0xe5aa36]
	undetected_chromedriver!(No symbol) [0xe3d606]
	undetected_chromedriver!(No symbol) [0xe10039]
	undetected_chromedriver!(No symbol) [0xe10df4]
	undetected_chromedriver!GetHandleVerifier [0x124ddb4+292f94]
	undetected_chromedriver!GetHandleVerifier [0x124937d+28e55d]
	undetected_chromedriver!GetHandleVerifier [0x1268215+2ad3f5]
	undetected_chromedriver!GetHandleVerifier [0xfe4c18+29df8]
	undetected_chromedriver!GetHandleVerifier [0xfec6fd+318dd]
	undetected_chromedriver!GetHandleVerifier [0xfd3c78+18e58]
	undetected_chromedriver!GetHandleVerifier [0xfd3e42+19022]
	undetected_chromedriver!GetHandleVerifier [0xfbd45f+263f]
	KERNEL32!BaseThreadInitThunk [0x77365d49+19]
	ntdll!RtlInitializeExceptionChain [0x776ed83b+6b]
	ntdll!RtlGetAppContainerNamedObjectPath [0x776ed7c1+231]

[2026-05-05 08:14:17.717] [DEBUG   ] [bot.scanner] Error escaneando tile 'German Roulette': Message: no such element: Unable to locate element: {"method":"css selector","selector":"[id="s2x6b4jdeqza2ge2-222"]"}
  (Session info: chrome=147.0.7727.138); For documentation on this error, please visit: https://www.selenium.dev/documentation/webdriver/troubleshooting/errors#nosuchelementexception
Stacktrace:
	undetected_chromedriver!GetHandleVerifier [0xfcb373+10553]
	undetected_chromedriver!GetHandleVerifier [0xfcb4a4+10684]
	undetected_chromedriver!(No symbol) [0xdd1e10]
	undetected_chromedriver!(No symbol) [0xe1a9da]
	undetected_chromedriver!(No symbol) [0xe1ac7b]
	undetected_chromedriver!(No symbol) [0xe5d162]
	undetected_chromedriver!(No symbol) [0xe3d8b4]
	undetected_chromedriver!(No symbol) [0xe5aa36]
	undetected_chromedriver!(No symbol) [0xe3d606]
	undetected_chromedriver!(No symbol) [0xe10039]
	undetected_chromedriver!(No symbol) [0xe10df4]
	undetected_chromedriver!GetHandleVerifier [0x124ddb4+292f94]
	undetected_chromedriver!GetHandleVerifier [0x124937d+28e55d]
	undetected_chromedriver!GetHandleVerifier [0x1268215+2ad3f5]
	undetected_chromedriver!GetHandleVerifier [0xfe4c18+29df8]
	undetected_chromedriver!GetHandleVerifier [0xfec6fd+318dd]
	undetected_chromedriver!GetHandleVerifier [0xfd3c78+18e58]
	undetected_chromedriver!GetHandleVerifier [0xfd3e42+19022]
	undetected_chromedriver!GetHandleVerifier [0xfbd45f+263f]
	KERNEL32!BaseThreadInitThunk [0x77365d49+19]
	ntdll!RtlInitializeExceptionChain [0x776ed83b+6b]
	ntdll!RtlGetAppContainerNamedObjectPath [0x776ed7c1+231]

[2026-05-05 08:14:17.738] [DEBUG   ] [bot.scanner] Error escaneando tile 'Romanian Roulette': Message: no such element: Unable to locate element: {"method":"css selector","selector":"[id="romania233rwl291-233"]"}
  (Session info: chrome=147.0.7727.138); For documentation on this error, please visit: https://www.selenium.dev/documentation/webdriver/troubleshooting/errors#nosuchelementexception
Stacktrace:
	undetected_chromedriver!GetHandleVerifier [0xfcb373+10553]
	undetected_chromedriver!GetHandleVerifier [0xfcb4a4+10684]
	undetected_chromedriver!(No symbol) [0xdd1e10]
	undetected_chromedriver!(No symbol) [0xe1a9da]
	undetected_chromedriver!(No symbol) [0xe1ac7b]
	undetected_chromedriver!(No symbol) [0xe5d162]
	undetected_chromedriver!(No symbol) [0xe3d8b4]
	undetected_chromedriver!(No symbol) [0xe5aa36]
	undetected_chromedriver!(No symbol) [0xe3d606]
	undetected_chromedriver!(No symbol) [0xe10039]
	undetected_chromedriver!(No symbol) [0xe10df4]
	undetected_chromedriver!GetHandleVerifier [0x124ddb4+292f94]
	undetected_chromedriver!GetHandleVerifier [0x124937d+28e55d]
	undetected_chromedriver!GetHandleVerifier [0x1268215+2ad3f5]
	undetected_chromedriver!GetHandleVerifier [0xfe4c18+29df8]
	undetected_chromedriver!GetHandleVerifier [0xfec6fd+318dd]
	undetected_chromedriver!GetHandleVerifier [0xfd3c78+18e58]
	undetected_chromedriver!GetHandleVerifier [0xfd3e42+19022]
	undetected_chromedriver!GetHandleVerifier [0xfbd45f+263f]
	KERNEL32!BaseThreadInitThunk [0x77365d49+19]
	ntdll!RtlInitializeExceptionChain [0x776ed83b+6b]
	ntdll!RtlGetAppContainerNamedObjectPath [0x776ed7c1+231]

[2026-05-05 08:14:17.747] [DEBUG   ] [bot.scanner] Error escaneando tile 'Roulette Italia Tricolore': Message: no such element: Unable to locate element: {"method":"css selector","selector":"[id="v1c52fgw7yy02upz-223"]"}
  (Session info: chrome=147.0.7727.138); For documentation on this error, please visit: https://www.selenium.dev/documentation/webdriver/troubleshooting/errors#nosuchelementexception
Stacktrace:
	undetected_chromedriver!GetHandleVerifier [0xfcb373+10553]
	undetected_chromedriver!GetHandleVerifier [0xfcb4a4+10684]
	undetected_chromedriver!(No symbol) [0xdd1e10]
	undetected_chromedriver!(No symbol) [0xe1a9da]
	undetected_chromedriver!(No symbol) [0xe1ac7b]
	undetected_chromedriver!(No symbol) [0xe5d162]
	undetected_chromedriver!(No symbol) [0xe3d8b4]
	undetected_chromedriver!(No symbol) [0xe5aa36]
	undetected_chromedriver!(No symbol) [0xe3d606]
	undetected_chromedriver!(No symbol) [0xe10039]
	undetected_chromedriver!(No symbol) [0xe10df4]
	undetected_chromedriver!GetHandleVerifier [0x124ddb4+292f94]
	undetected_chromedriver!GetHandleVerifier [0x124937d+28e55d]
	undetected_chromedriver!GetHandleVerifier [0x1268215+2ad3f5]
	undetected_chromedriver!GetHandleVerifier [0xfe4c18+29df8]
	undetected_chromedriver!GetHandleVerifier [0xfec6fd+318dd]
	undetected_chromedriver!GetHandleVerifier [0xfd3c78+18e58]
	undetected_chromedriver!GetHandleVerifier [0xfd3e42+19022]
	undetected_chromedriver!GetHandleVerifier [0xfbd45f+263f]
	KERNEL32!BaseThreadInitThunk [0x77365d49+19]
	ntdll!RtlInitializeExceptionChain [0x776ed83b+6b]
	ntdll!RtlGetAppContainerNamedObjectPath [0x776ed7c1+231]

[2026-05-05 08:14:17.757] [DEBUG   ] [bot.scanner] Error escaneando tile 'Russian Roulette': Message: no such element: Unable to locate element: {"method":"css selector","selector":"[id="t4jzencinod6iqwi-221"]"}
  (Session info: chrome=147.0.7727.138); For documentation on this error, please visit: https://www.selenium.dev/documentation/webdriver/troubleshooting/errors#nosuchelementexception
Stacktrace:
	undetected_chromedriver!GetHandleVerifier [0xfcb373+10553]
	undetected_chromedriver!GetHandleVerifier [0xfcb4a4+10684]
	undetected_chromedriver!(No symbol) [0xdd1e10]
	undetected_chromedriver!(No symbol) [0xe1a9da]
	undetected_chromedriver!(No symbol) [0xe1ac7b]
	undetected_chromedriver!(No symbol) [0xe5d162]
	undetected_chromedriver!(No symbol) [0xe3d8b4]
	undetected_chromedriver!(No symbol) [0xe5aa36]
	undetected_chromedriver!(No symbol) [0xe3d606]
	undetected_chromedriver!(No symbol) [0xe10039]
	undetected_chromedriver!(No symbol) [0xe10df4]
	undetected_chromedriver!GetHandleVerifier [0x124ddb4+292f94]
	undetected_chromedriver!GetHandleVerifier [0x124937d+28e55d]
	undetected_chromedriver!GetHandleVerifier [0x1268215+2ad3f5]
	undetected_chromedriver!GetHandleVerifier [0xfe4c18+29df8]
	undetected_chromedriver!GetHandleVerifier [0xfec6fd+318dd]
	undetected_chromedriver!GetHandleVerifier [0xfd3c78+18e58]
	undetected_chromedriver!GetHandleVerifier [0xfd3e42+19022]
	undetected_chromedriver!GetHandleVerifier [0xfbd45f+263f]
	KERNEL32!BaseThreadInitThunk [0x77365d49+19]
	ntdll!RtlInitializeExceptionChain [0x776ed83b+6b]
	ntdll!RtlGetAppContainerNamedObjectPath [0x776ed7c1+231]

[2026-05-05 08:14:17.764] [DEBUG   ] [bot.scanner] Error escaneando tile 'Dutch Roulette': Message: no such element: Unable to locate element: {"method":"css selector","selector":"[id="dutchrw235rwl293-235"]"}
  (Session info: chrome=147.0.7727.138); For documentation on this error, please visit: https://www.selenium.dev/documentation/webdriver/troubleshooting/errors#nosuchelementexception
Stacktrace:
	undetected_chromedriver!GetHandleVerifier [0xfcb373+10553]
	undetected_chromedriver!GetHandleVerifier [0xfcb4a4+10684]
	undetected_chromedriver!(No symbol) [0xdd1e10]
	undetected_chromedriver!(No symbol) [0xe1a9da]
	undetected_chromedriver!(No symbol) [0xe1ac7b]
	undetected_chromedriver!(No symbol) [0xe5d162]
	undetected_chromedriver!(No symbol) [0xe3d8b4]
	undetected_chromedriver!(No symbol) [0xe5aa36]
	undetected_chromedriver!(No symbol) [0xe3d606]
	undetected_chromedriver!(No symbol) [0xe10039]
	undetected_chromedriver!(No symbol) [0xe10df4]
	undetected_chromedriver!GetHandleVerifier [0x124ddb4+292f94]
	undetected_chromedriver!GetHandleVerifier [0x124937d+28e55d]
	undetected_chromedriver!GetHandleVerifier [0x1268215+2ad3f5]
	undetected_chromedriver!GetHandleVerifier [0xfe4c18+29df8]
	undetected_chromedriver!GetHandleVerifier [0xfec6fd+318dd]
	undetected_chromedriver!GetHandleVerifier [0xfd3c78+18e58]
	undetected_chromedriver!GetHandleVerifier [0xfd3e42+19022]
	undetected_chromedriver!GetHandleVerifier [0xfbd45f+263f]
	KERNEL32!BaseThreadInitThunk [0x77365d49+19]
	ntdll!RtlInitializeExceptionChain [0x776ed83b+6b]
	ntdll!RtlGetAppContainerNamedObjectPath [0x776ed7c1+231]

[2026-05-05 08:14:17.793] [WARNING ] [bot.scanner] ⏰ Sesión expirada por inactividad. Reiniciando sesión...
[2026-05-05 08:14:17.793] [WARNING ] [bot.scanner] ⏰ SESIÓN EXPIRADA: Reinicio automático
[2026-05-05 08:14:17.793] [INFO    ] [bot.scanner] 🔄 Preparando reinicio rápido de sesión (Cloudflare se mantiene activo)...
[2026-05-05 08:14:17.793] [INFO    ] [bot.scanner] 🛑 Cerrando navegador...
[2026-05-05 08:14:18.253] [INFO    ] [bot.scanner] 🔄 Reiniciando sesión en 5 segundos... (el link del dashboard sigue activo)
[2026-05-05 08:14:23.254] [INFO    ] [bot.scanner] 🔄 Iniciando sesión #2...
[2026-05-05 08:14:23.254] [INFO    ] [bot.scanner] 🚀 Iniciando nueva sesión del bot...
[2026-05-05 08:14:23.254] [INFO    ] [bot.driver] ⚙️ Configurando WebDriver (headless=True)...
[2026-05-05 08:14:23.255] [INFO    ] [bot.driver] 👻 Modo Headless (ventana fuera de pantalla)...
[2026-05-05 08:14:23.255] [INFO    ] [bot.driver] 🚀 Iniciando Chrome con undetected_chromedriver...
[2026-05-05 08:14:23.268] [INFO    ] [bot.driver] 🌐 Chrome detectado: v147.0.7727.138
[2026-05-05 08:14:23.269] [INFO    ] [bot.driver]    Usando version_main=147
[2026-05-05 08:14:30.553] [INFO    ] [bot.driver] 🛡️ Parches Anti-Detección Avanzados (CDP) aplicados.
[2026-05-05 08:14:30.554] [INFO    ] [bot.driver] ✅ Chrome iniciado correctamente
[2026-05-05 08:14:32.578] [INFO    ] [bot.driver] 🛡️ Chrome oculto de la barra de tareas y movido fuera de pantalla
[2026-05-05 08:14:32.591] [INFO    ] [bot.driver] 🛡️ Watchdog anti-minimización activo
[2026-05-05 08:14:32.591] [INFO    ] [bot.driver] 🔗 Navegando a Stake...
[2026-05-05 08:14:43.065] [INFO    ] [bot.driver] 🧹 Limpiando cookies y almacenamiento local...
[2026-05-05 08:14:43.279] [INFO    ] [bot.driver] 🔑 Iniciando sesión...
[2026-05-05 08:14:43.537] [DEBUG   ] [bot.driver]    Botón 'Iniciar sesión' clickeado
[2026-05-05 08:14:47.567] [DEBUG   ] [bot.driver]    Email ingresado
[2026-05-05 08:14:49.842] [DEBUG   ] [bot.driver]    Password ingresado
[2026-05-05 08:14:49.981] [INFO    ] [bot.driver] ✅ Login enviado. Esperando confirmación de inicio de sesión...
[2026-05-05 08:14:51.647] [INFO    ] [bot.driver] 🎉 Login exitoso confirmado!
[2026-05-05 08:14:54.649] [INFO    ] [bot.lobby] 🔄 Navegando al Lobby... (from_anti_afk=False)
[2026-05-05 08:15:01.722] [INFO    ] [bot.lobby]    👉 Click en 'Juego real' ...
[2026-05-05 08:15:01.750] [INFO    ] [bot.lobby]    ⏳ Esperando recarga del iframe tras 'Juego real'...
[2026-05-05 08:15:13.764] [DEBUG   ] [bot.iframe]    ⏳ Esperando iframe principal (max 15s)...
[2026-05-05 08:15:13.840] [INFO    ] [bot.iframe]    ✅ Cambio a iframe #0 (class='game')
[2026-05-05 08:15:13.840] [DEBUG   ] [bot.iframe]    ⏳ Esperando iframe anidado o elementos del juego (max 15s)...
[2026-05-05 08:15:13.859] [INFO    ] [bot.iframe]    ✅ Elementos del juego encontrados en el iframe principal. No requiere anidado.
[2026-05-05 08:15:13.859] [INFO    ] [bot.lobby] ✅ Contexto cambiado al iframe del juego.
[2026-05-05 08:15:13.859] [INFO    ] [bot.lobby]    ⏳ Esperando a que el lobby termine de cargar...
[2026-05-05 08:15:16.914] [INFO    ] [bot.lobby]    ✅ Lobby cargado! 31 tiles encontrados (3s)
[2026-05-05 08:15:16.915] [INFO    ] [bot.iframe] 🛡️ Verificando modales bloquantes...
[2026-05-05 08:15:18.021] [INFO    ] [bot.scanner] 👀 MODO ESPÍA ACTIVADO: Escaneando miniaturas...
[2026-05-05 08:15:18.023] [DEBUG   ] [bot.iframe]    ⏳ Esperando iframe principal (max 15s)...
[2026-05-05 08:15:18.072] [INFO    ] [bot.iframe]    ✅ Cambio a iframe #0 (class='game')
[2026-05-05 08:15:18.072] [DEBUG   ] [bot.iframe]    ⏳ Esperando iframe anidado o elementos del juego (max 15s)...
[2026-05-05 08:15:18.099] [INFO    ] [bot.iframe]    ✅ Elementos del juego encontrados en el iframe principal. No requiere anidado.
[2026-05-05 08:15:20.100] [INFO    ] [bot.lobby] 🗺️  Escaneando IDs de mesas dinámicamente (modo robusto)...
[2026-05-05 08:15:20.110] [DEBUG   ] [bot.iframe]    ⏳ Esperando iframe principal (max 15s)...
[2026-05-05 08:15:20.174] [INFO    ] [bot.iframe]    ✅ Cambio a iframe #0 (class='game')
[2026-05-05 08:15:20.175] [DEBUG   ] [bot.iframe]    ⏳ Esperando iframe anidado o elementos del juego (max 15s)...
[2026-05-05 08:15:20.209] [INFO    ] [bot.iframe]    ✅ Elementos del juego encontrados en el iframe principal. No requiere anidado.
[2026-05-05 08:15:20.209] [DEBUG   ] [bot.lobby]    Bajando scroll en contenedor interno...
[2026-05-05 08:15:24.865] [INFO    ] [bot.lobby]    Encontrados 31 tiles totales. Escaneando uno por uno...
[2026-05-05 08:15:51.957] [INFO    ] [bot.lobby] 
   ID                             | TÍTULO
[2026-05-05 08:15:51.957] [INFO    ] [bot.lobby]    ------------------------------------------------------------
[2026-05-05 08:15:51.957] [INFO    ] [bot.lobby]    gatesofolympus01-2244          | Gates of Olympus Roulette
[2026-05-05 08:15:51.957] [INFO    ] [bot.lobby]    crystalroul00001-2501          | Crystal Roulette
[2026-05-05 08:15:51.958] [INFO    ] [bot.lobby]    rw321stakerws321-236           | Stake Roulette
[2026-05-05 08:15:51.958] [INFO    ] [bot.lobby]    roulerw234rwl292-234           | Ruleta Latina
[2026-05-05 08:15:51.958] [INFO    ] [bot.lobby]    g03y1t9vvuhrfytl-227           | Roulette 1
[2026-05-05 08:15:51.958] [INFO    ] [bot.lobby]    1hl65ce1lxuqdrkr-204           | Mega Roulette
[2026-05-05 08:15:51.958] [INFO    ] [bot.lobby]    1hl323e1lxuqdrkr-210           | Auto Mega Roulette
[2026-05-05 08:15:51.958] [INFO    ] [bot.lobby]    fl9knouu0yjez2wi-203           | Speed Roulette 1
[2026-05-05 08:15:51.958] [INFO    ] [bot.lobby]    lucky6roulettea3-211a1         | Lucky 6 Roulette
[2026-05-05 08:15:51.959] [INFO    ] [bot.lobby]    powruprw1qm3xc25-240           | PowerUP Roulette
[2026-05-05 08:15:51.959] [INFO    ] [bot.lobby]    autorwra311autor-226           | Speed Auto Roulette
[2026-05-05 08:15:51.959] [INFO    ] [bot.lobby]    5bzl2835s5ruvweg-225           | Auto Roulette
[2026-05-05 08:15:51.959] [INFO    ] [bot.lobby]    megaroulette3k01-2901          | Mega Roulette 3000
[2026-05-05 08:15:51.959] [INFO    ] [bot.lobby]    chroma229rwltr22-230           | Roulette 3
[2026-05-05 08:15:51.959] [INFO    ] [bot.lobby]    rwbrzportrwa16rg-237           | Brazilian Roulette
[2026-05-05 08:15:51.960] [INFO    ] [bot.lobby]    yqpz3ichst2xg439-206           | Roulette Macao
[2026-05-05 08:15:51.960] [INFO    ] [bot.lobby]    5kvxlw4c1qm3xcyn-201           | Roulette 2 Extra Time
[2026-05-05 08:15:51.960] [INFO    ] [bot.lobby]    p8l1j84prrmxzyic-224           | Turkish Roulette
[2026-05-05 08:15:51.960] [INFO    ] [bot.lobby]    r20speedrtwo201s-205           | Speed Roulette 2
[2026-05-05 08:15:51.960] [INFO    ] [bot.lobby]    geogamingh2rw545-545           | VIP Roulette
[2026-05-05 08:15:51.961] [INFO    ] [bot.lobby]    mrbras531mrbr532-287           | Brazilian Mega Roulette
[2026-05-05 08:15:51.961] [INFO    ] [bot.lobby]    t4jzencinod6iqwi-221           | Russian Roulette
[2026-05-05 08:15:51.962] [INFO    ] [bot.lobby]    v1c52fgw7yy02upz-223           | Roulette Italia Tricolore
[2026-05-05 08:15:51.962] [INFO    ] [bot.lobby]    s2x6b4jdeqza2ge2-222           | German Roulette
[2026-05-05 08:15:51.962] [INFO    ] [bot.lobby]    romania233rwl291-233           | Romanian Roulette
[2026-05-05 08:15:51.962] [INFO    ] [bot.lobby]    ar25vipautorw251-266           | VIP Auto Roulette
[2026-05-05 08:15:51.963] [INFO    ] [bot.lobby]    megar0ul3tt3trk1-208           | Turkish Mega Roulette
[2026-05-05 08:15:51.963] [INFO    ] [bot.lobby]    dutchrw235rwl293-235           | Dutch Roulette
[2026-05-05 08:15:51.963] [INFO    ] [bot.lobby]    greekchr11genric-297           | Greek Roulette
[2026-05-05 08:15:51.963] [INFO    ] [bot.lobby]    privroudeluxgt01-28301         | Privé Lounge Roulette Deluxe
[2026-05-05 08:15:51.963] [INFO    ] [bot.lobby]    privroulettegt01-28201         | Privé Lounge Roulette
[2026-05-05 08:15:51.964] [INFO    ] [bot.lobby]    ------------------------------------------------------------
[2026-05-05 08:15:51.964] [INFO    ] [bot.lobby]    ✅ Ruleta Latina: ID confirmado (roulerw234rwl292-234)
[2026-05-05 08:15:51.964] [INFO    ] [bot.lobby]    ✅ Mega Roulette: ID confirmado (1hl65ce1lxuqdrkr-204)
[2026-05-05 08:15:51.964] [INFO    ] [bot.lobby]    ✅ Brazilian Roulette: ID confirmado (rwbrzportrwa16rg-237)
[2026-05-05 08:15:51.964] [INFO    ] [bot.lobby]    ✅ Roulette 1: ID confirmado (g03y1t9vvuhrfytl-227)
[2026-05-05 08:15:51.964] [INFO    ] [bot.lobby]    ✅ Roulette 3: ID confirmado (chroma229rwltr22-230)
[2026-05-05 08:15:51.965] [INFO    ] [bot.lobby]    ✅ Roulette Macao: ID confirmado (yqpz3ichst2xg439-206)
[2026-05-05 08:15:51.986] [INFO    ] [bot.lobby]    ✅ Roulette 2 Extra Time: ID confirmado (5kvxlw4c1qm3xcyn-201)
[2026-05-05 08:15:51.986] [INFO    ] [bot.lobby]    ✅ Brazilian Mega Roulette: ID confirmado (mrbras531mrbr532-287)
[2026-05-05 08:15:51.986] [INFO    ] [bot.lobby]    ✅ Lucky 6 Roulette: ID confirmado (lucky6roulettea3-211a1)
[2026-05-05 08:15:51.986] [INFO    ] [bot.lobby]    ✅ Auto Roulette: ID confirmado (5bzl2835s5ruvweg-225)
[2026-05-05 08:15:51.986] [INFO    ] [bot.lobby]    ✅ Stake Roulette: ID confirmado (rw321stakerws321-236)
[2026-05-05 08:15:51.986] [INFO    ] [bot.lobby]    ✅ Turkish Roulette: ID confirmado (p8l1j84prrmxzyic-224)
[2026-05-05 08:15:51.987] [INFO    ] [bot.lobby]    ✅ German Roulette: ID confirmado (s2x6b4jdeqza2ge2-222)
[2026-05-05 08:15:51.987] [INFO    ] [bot.lobby]    ✅ Romanian Roulette: ID confirmado (romania233rwl291-233)
[2026-05-05 08:15:51.987] [INFO    ] [bot.lobby]    ✅ Roulette Italia Tricolore: ID confirmado (v1c52fgw7yy02upz-223)
[2026-05-05 08:15:51.987] [INFO    ] [bot.lobby]    ✅ Russian Roulette: ID confirmado (t4jzencinod6iqwi-221)
[2026-05-05 08:15:51.987] [INFO    ] [bot.lobby]    ✅ Dutch Roulette: ID confirmado (dutchrw235rwl293-235)
[2026-05-05 08:15:51.987] [INFO    ] [bot.lobby] 
✅ Mapeo completado. 17/17 mesas emparejadas.
[2026-05-05 08:15:52.119] [DEBUG   ] [bot.scanner] 🔊 Audio keep-alive activado
[2026-05-05 08:15:52.119] [INFO    ] [bot.scanner] 📡 Comienza escaneo continuo...
[2026-05-05 08:15:52.661] [INFO    ] [bot.scanner] 🔥 Ruleta Latina: Nuevos -> [32, 24, 31]
[2026-05-05 08:15:52.703] [DEBUG   ] [bot.scanner] TG check: Ruleta Latina Delays={'docena_1': 5, 'docena_2': 1, 'docena_3': 0, 'columna_1': 0, 'columna_2': 2, 'columna_3': 1}
[2026-05-05 08:15:53.265] [INFO    ] [bot.scanner] 🔥 Mega Roulette: Nuevos -> [4, 14]
[2026-05-05 08:15:53.300] [DEBUG   ] [bot.scanner] TG check: Mega Roulette Delays={'docena_1': 1, 'docena_2': 0, 'docena_3': 4, 'columna_1': 1, 'columna_2': 0, 'columna_3': 2}
[2026-05-05 08:15:53.833] [INFO    ] [bot.scanner] 🔥 Brazilian Roulette: Nuevos -> [2, 36]
[2026-05-05 08:15:53.864] [DEBUG   ] [bot.scanner] TG check: Brazilian Roulette Delays={'docena_1': 1, 'docena_2': 2, 'docena_3': 0, 'columna_1': 2, 'columna_2': 1, 'columna_3': 0}
[2026-05-05 08:15:54.418] [INFO    ] [bot.scanner] 🔥 Roulette 1: Nuevos -> [21, 28]
[2026-05-05 08:15:54.458] [DEBUG   ] [bot.scanner] TG check: Roulette 1 Delays={'docena_1': 5, 'docena_2': 1, 'docena_3': 0, 'columna_1': 0, 'columna_2': 7, 'columna_3': 1}
[2026-05-05 08:15:55.035] [INFO    ] [bot.scanner] 🔥 Roulette 3: Nuevos -> [13, 27, 15]
[2026-05-05 08:15:55.075] [DEBUG   ] [bot.scanner] TG check: Roulette 3 Delays={'docena_1': 4, 'docena_2': 0, 'docena_3': 1, 'columna_1': 2, 'columna_2': 8, 'columna_3': 0}
[2026-05-05 08:15:55.635] [INFO    ] [bot.scanner] 🔥 Roulette Macao: Nuevos -> [20, 12, 34]
[2026-05-05 08:15:55.692] [DEBUG   ] [bot.scanner] TG check: Roulette Macao Delays={'docena_1': 1, 'docena_2': 2, 'docena_3': 0, 'columna_1': 0, 'columna_2': 2, 'columna_3': 1}
[2026-05-05 08:15:56.301] [INFO    ] [bot.scanner] 🔥 Roulette 2 Extra Time: Nuevos -> [26, 13, 21]
[2026-05-05 08:15:56.353] [DEBUG   ] [bot.scanner] TG check: Roulette 2 Extra Time Delays={'docena_1': 3, 'docena_2': 0, 'docena_3': 2, 'columna_1': 1, 'columna_2': 2, 'columna_3': 0}
[2026-05-05 08:15:57.005] [INFO    ] [bot.scanner] 🔥 Brazilian Mega Roulette: Nuevos -> [14, 13]
[2026-05-05 08:15:57.034] [DEBUG   ] [bot.scanner] TG check: Brazilian Mega Roulette Delays={'docena_1': 2, 'docena_2': 0, 'docena_3': 6, 'columna_1': 0, 'columna_2': 1, 'columna_3': 6}
[2026-05-05 08:15:57.561] [INFO    ] [bot.scanner] 🔥 Lucky 6 Roulette: Nuevos -> [33, 36, 1]
[2026-05-05 08:15:57.595] [DEBUG   ] [bot.scanner] TG check: Lucky 6 Roulette Delays={'docena_1': 0, 'docena_2': 3, 'docena_3': 1, 'columna_1': 0, 'columna_2': 3, 'columna_3': 1}
[2026-05-05 08:15:58.127] [INFO    ] [bot.scanner] 🔥 Auto Roulette: Nuevos -> [17, 32, 12]
[2026-05-05 08:15:58.158] [DEBUG   ] [bot.scanner] TG check: Auto Roulette Delays={'docena_1': 0, 'docena_2': 2, 'docena_3': 1, 'columna_1': 3, 'columna_2': 1, 'columna_3': 0}
[2026-05-05 08:15:58.707] [INFO    ] [bot.scanner] 🔥 Stake Roulette: Nuevos -> [36, 18, 31]
[2026-05-05 08:15:58.766] [DEBUG   ] [bot.scanner] TG check: Stake Roulette Delays={'docena_1': 4, 'docena_2': 1, 'docena_3': 0, 'columna_1': 0, 'columna_2': 9, 'columna_3': 1}
[2026-05-05 08:15:59.299] [INFO    ] [bot.scanner] 🔥 Turkish Roulette: Nuevos -> [33, 4]
[2026-05-05 08:15:59.328] [DEBUG   ] [bot.scanner] TG check: Turkish Roulette Delays={'docena_1': 0, 'docena_2': 3, 'docena_3': 1, 'columna_1': 0, 'columna_2': 3, 'columna_3': 1}
[2026-05-05 08:15:59.858] [INFO    ] [bot.scanner] 🔥 German Roulette: Nuevos -> [33, 8, 3]
[2026-05-05 08:15:59.896] [DEBUG   ] [bot.scanner] TG check: German Roulette Delays={'docena_1': 0, 'docena_2': 3, 'docena_3': 2, 'columna_1': 3, 'columna_2': 1, 'columna_3': 0}
[2026-05-05 08:16:00.431] [INFO    ] [bot.scanner] 🔥 Romanian Roulette: Nuevos -> [30, 25, 28]
[2026-05-05 08:16:00.477] [DEBUG   ] [bot.scanner] TG check: Romanian Roulette Delays={'docena_1': 6, 'docena_2': 3, 'docena_3': 0, 'columna_1': 0, 'columna_2': 5, 'columna_3': 2}
[2026-05-05 08:16:01.017] [INFO    ] [bot.scanner] 🔥 Roulette Italia Tricolore: Nuevos -> [34, 24]
[2026-05-05 08:16:01.042] [DEBUG   ] [bot.scanner] TG check: Roulette Italia Tricolore Delays={'docena_1': 2, 'docena_2': 0, 'docena_3': 1, 'columna_1': 1, 'columna_2': 2, 'columna_3': 0}
[2026-05-05 08:16:01.573] [INFO    ] [bot.scanner] 🔥 Russian Roulette: Nuevos -> [28, 2, 30, 8]
[2026-05-05 08:16:01.631] [DEBUG   ] [bot.scanner] TG check: Russian Roulette Delays={'docena_1': 0, 'docena_2': 7, 'docena_3': 1, 'columna_1': 3, 'columna_2': 0, 'columna_3': 1}
[2026-05-05 08:16:02.163] [INFO    ] [bot.scanner] 🔥 Dutch Roulette: Nuevos -> [15, 17, 11]
[2026-05-05 08:16:02.204] [DEBUG   ] [bot.scanner] TG check: Dutch Roulette Delays={'docena_1': 0, 'docena_2': 1, 'docena_3': 7, 'columna_1': 5, 'columna_2': 0, 'columna_3': 2}
[2026-05-05 08:16:03.246] [INFO    ] [bot.scanner] 🔥 Ruleta Latina: Nuevos -> [5]
[2026-05-05 08:16:03.258] [DEBUG   ] [bot.scanner] TG check: Ruleta Latina Delays={'docena_1': 0, 'docena_2': 2, 'docena_3': 1, 'columna_1': 1, 'columna_2': 0, 'columna_3': 2}
[2026-05-05 08:16:03.789] [INFO    ] [bot.scanner] 🔥 Mega Roulette: Nuevos -> [30]
[2026-05-05 08:16:03.814] [DEBUG   ] [bot.scanner] TG check: Mega Roulette Delays={'docena_1': 2, 'docena_2': 1, 'docena_3': 0, 'columna_1': 2, 'columna_2': 1, 'columna_3': 0}
[2026-05-05 08:16:04.911] [INFO    ] [bot.scanner] 🔥 Roulette 1: Nuevos -> [29]
[2026-05-05 08:16:04.930] [DEBUG   ] [bot.scanner] TG check: Roulette 1 Delays={'docena_1': 6, 'docena_2': 2, 'docena_3': 0, 'columna_1': 1, 'columna_2': 0, 'columna_3': 2}
[2026-05-05 08:16:07.054] [INFO    ] [bot.scanner] 🔥 Brazilian Mega Roulette: Nuevos -> [11]
[2026-05-05 08:16:07.066] [DEBUG   ] [bot.scanner] TG check: Brazilian Mega Roulette Delays={'docena_1': 0, 'docena_2': 1, 'docena_3': 7, 'columna_1': 1, 'columna_2': 0, 'columna_3': 7}
[2026-05-05 08:16:09.176] [INFO    ] [bot.scanner] 🔥 Turkish Roulette: Nuevos -> [27]
[2026-05-05 08:16:09.197] [DEBUG   ] [bot.scanner] TG check: Turkish Roulette Delays={'docena_1': 1, 'docena_2': 4, 'docena_3': 0, 'columna_1': 1, 'columna_2': 4, 'columna_3': 0}
[2026-05-05 08:16:10.887] [INFO    ] [bot.scanner] 🔥 Roulette Italia Tricolore: Nuevos -> [23]
[2026-05-05 08:16:10.907] [DEBUG   ] [bot.scanner] TG check: Roulette Italia Tricolore Delays={'docena_1': 3, 'docena_2': 0, 'docena_3': 2, 'columna_1': 2, 'columna_2': 0, 'columna_3': 1}
[2026-05-05 08:16:18.002] [INFO    ] [bot.scanner] 🔥 Auto Roulette: Nuevos -> [14]
[2026-05-05 08:16:18.017] [DEBUG   ] [bot.scanner] TG check: Auto Roulette Delays={'docena_1': 1, 'docena_2': 0, 'docena_3': 2, 'columna_1': 4, 'columna_2': 0, 'columna_3': 1}
[2026-05-05 08:16:21.865] [INFO    ] [bot.scanner] 🔥 Dutch Roulette: Nuevos -> [36]
[2026-05-05 08:16:21.888] [DEBUG   ] [bot.scanner] TG check: Dutch Roulette Delays={'docena_1': 1, 'docena_2': 2, 'docena_3': 0, 'columna_1': 6, 'columna_2': 1, 'columna_3': 0}
[2026-05-05 08:16:25.130] [INFO    ] [bot.scanner] 🔥 Roulette 3: Nuevos -> [14]
[2026-05-05 08:16:25.149] [DEBUG   ] [bot.scanner] TG check: Roulette 3 Delays={'docena_1': 5, 'docena_2': 0, 'docena_3': 2, 'columna_1': 3, 'columna_2': 0, 'columna_3': 1}
[2026-05-05 08:16:25.700] [INFO    ] [bot.scanner] 🔥 Roulette Macao: Nuevos -> [23]
[2026-05-05 08:16:25.725] [DEBUG   ] [bot.scanner] TG check: Roulette Macao Delays={'docena_1': 2, 'docena_2': 0, 'docena_3': 1, 'columna_1': 1, 'columna_2': 0, 'columna_3': 2}
[2026-05-05 08:16:27.391] [INFO    ] [bot.scanner] 🔥 Lucky 6 Roulette: Nuevos -> [32]
[2026-05-05 08:16:27.416] [DEBUG   ] [bot.scanner] TG check: Lucky 6 Roulette Delays={'docena_1': 1, 'docena_2': 4, 'docena_3': 0, 'columna_1': 1, 'columna_2': 0, 'columna_3': 2}
[2026-05-05 08:16:28.565] [INFO    ] [bot.scanner] 🔥 Stake Roulette: Nuevos -> [36]
[2026-05-05 08:16:31.390] [DEBUG   ] [bot.scanner] TG check: Stake Roulette Delays={'docena_1': 5, 'docena_2': 2, 'docena_3': 0, 'columna_1': 1, 'columna_2': 10, 'columna_3': 0}
[2026-05-05 08:16:32.472] [INFO    ] [bot.scanner] 🔥 German Roulette: Nuevos -> [0]
[2026-05-05 08:16:32.488] [DEBUG   ] [bot.scanner] TG check: German Roulette Delays={'docena_1': 1, 'docena_2': 4, 'docena_3': 3, 'columna_1': 4, 'columna_2': 2, 'columna_3': 1}
[2026-05-05 08:16:33.032] [INFO    ] [bot.scanner] 🔥 Romanian Roulette: Nuevos -> [11]
[2026-05-05 08:16:33.055] [DEBUG   ] [bot.scanner] TG check: Romanian Roulette Delays={'docena_1': 0, 'docena_2': 4, 'docena_3': 1, 'columna_1': 1, 'columna_2': 0, 'columna_3': 3}
[2026-05-05 08:16:36.876] [INFO    ] [bot.scanner] 🔥 Brazilian Roulette: Nuevos -> [7]
[2026-05-05 08:16:36.894] [DEBUG   ] [bot.scanner] TG check: Brazilian Roulette Delays={'docena_1': 0, 'docena_2': 3, 'docena_3': 1, 'columna_1': 0, 'columna_2': 2, 'columna_3': 1}
[2026-05-05 08:16:39.203] [INFO    ] [bot.scanner] 🔥 Roulette 2 Extra Time: Nuevos -> [27]
[2026-05-05 08:16:39.222] [DEBUG   ] [bot.scanner] TG check: Roulette 2 Extra Time Delays={'docena_1': 4, 'docena_2': 1, 'docena_3': 0, 'columna_1': 2, 'columna_2': 3, 'columna_3': 0}
[2026-05-05 08:16:44.117] [INFO    ] [bot.scanner] 🔥 Russian Roulette: Nuevos -> [34]
[2026-05-05 08:16:44.136] [DEBUG   ] [bot.scanner] TG check: Russian Roulette Delays={'docena_1': 1, 'docena_2': 8, 'docena_3': 0, 'columna_1': 0, 'columna_2': 1, 'columna_3': 2}
[2026-05-05 08:16:45.718] [INFO    ] [bot.scanner] 🔥 Ruleta Latina: Nuevos -> [24]
[2026-05-05 08:16:45.733] [DEBUG   ] [bot.scanner] TG check: Ruleta Latina Delays={'docena_1': 1, 'docena_2': 0, 'docena_3': 2, 'columna_1': 2, 'columna_2': 1, 'columna_3': 0}
[2026-05-05 08:16:46.260] [INFO    ] [bot.scanner] 🔥 Mega Roulette: Nuevos -> [36]
[2026-05-05 08:16:46.283] [DEBUG   ] [bot.scanner] TG check: Mega Roulette Delays={'docena_1': 3, 'docena_2': 2, 'docena_3': 0, 'columna_1': 3, 'columna_2': 2, 'columna_3': 0}
[2026-05-05 08:16:47.352] [INFO    ] [bot.scanner] 🔥 Roulette 1: Nuevos -> [9]
[2026-05-05 08:16:47.369] [DEBUG   ] [bot.scanner] TG check: Roulette 1 Delays={'docena_1': 0, 'docena_2': 3, 'docena_3': 1, 'columna_1': 2, 'columna_2': 1, 'columna_3': 0}
[2026-05-05 08:16:49.554] [INFO    ] [bot.scanner] 🔥 Brazilian Mega Roulette: Nuevos -> [19]
[2026-05-05 08:16:49.572] [DEBUG   ] [bot.scanner] TG check: Brazilian Mega Roulette Delays={'docena_1': 1, 'docena_2': 0, 'docena_3': 8, 'columna_1': 0, 'columna_2': 1, 'columna_3': 8}
[2026-05-05 08:16:51.734] [INFO    ] [bot.scanner] 🔥 Turkish Roulette: Nuevos -> [16]
[2026-05-05 08:16:51.751] [DEBUG   ] [bot.scanner] TG check: Turkish Roulette Delays={'docena_1': 2, 'docena_2': 0, 'docena_3': 1, 'columna_1': 0, 'columna_2': 5, 'columna_3': 1}
[2026-05-05 08:16:53.385] [INFO    ] [bot.scanner] 🔥 Roulette Italia Tricolore: Nuevos -> [7]
[2026-05-05 08:16:53.405] [DEBUG   ] [bot.scanner] TG check: Roulette Italia Tricolore Delays={'docena_1': 0, 'docena_2': 1, 'docena_3': 3, 'columna_1': 0, 'columna_2': 1, 'columna_3': 2}
[2026-05-05 08:16:54.722] [INFO    ] [bot.scanner] 🔥 Dutch Roulette: Nuevos -> [32]
[2026-05-05 08:16:54.747] [DEBUG   ] [bot.scanner] TG check: Dutch Roulette Delays={'docena_1': 2, 'docena_2': 3, 'docena_3': 0, 'columna_1': 7, 'columna_2': 0, 'columna_3': 1}
[2026-05-05 08:16:58.086] [INFO    ] [bot.scanner] 🔥 Roulette 3: Nuevos -> [29]
[2026-05-05 08:16:58.108] [DEBUG   ] [bot.scanner] TG check: Roulette 3 Delays={'docena_1': 6, 'docena_2': 1, 'docena_3': 0, 'columna_1': 4, 'columna_2': 0, 'columna_3': 2}
[2026-05-05 08:16:58.638] [INFO    ] [bot.scanner] 🔥 Roulette Macao: Nuevos -> [16]
[2026-05-05 08:16:58.657] [DEBUG   ] [bot.scanner] TG check: Roulette Macao Delays={'docena_1': 3, 'docena_2': 0, 'docena_3': 2, 'columna_1': 0, 'columna_2': 1, 'columna_3': 3}
[2026-05-05 08:17:00.793] [INFO    ] [bot.scanner] 🔥 Auto Roulette: Nuevos -> [29]
[2026-05-05 08:17:00.813] [DEBUG   ] [bot.scanner] TG check: Auto Roulette Delays={'docena_1': 2, 'docena_2': 1, 'docena_3': 0, 'columna_1': 5, 'columna_2': 0, 'columna_3': 2}
[2026-05-05 08:17:09.921] [INFO    ] [bot.scanner] 🔥 Lucky 6 Roulette: Nuevos -> [29]
[2026-05-05 08:17:09.938] [DEBUG   ] [bot.scanner] TG check: Lucky 6 Roulette Delays={'docena_1': 2, 'docena_2': 5, 'docena_3': 0, 'columna_1': 2, 'columna_2': 0, 'columna_3': 3}
[2026-05-05 08:17:10.990] [INFO    ] [bot.scanner] 🔥 Stake Roulette: Nuevos -> [5]
[2026-05-05 08:17:11.010] [DEBUG   ] [bot.scanner] TG check: Stake Roulette Delays={'docena_1': 0, 'docena_2': 3, 'docena_3': 1, 'columna_1': 2, 'columna_2': 0, 'columna_3': 1}
[2026-05-05 08:17:12.135] [INFO    ] [bot.scanner] 🔥 German Roulette: Nuevos -> [11]
[2026-05-05 08:17:12.151] [DEBUG   ] [bot.scanner] TG check: German Roulette Delays={'docena_1': 0, 'docena_2': 5, 'docena_3': 4, 'columna_1': 5, 'columna_2': 0, 'columna_3': 2}
[2026-05-05 08:17:12.695] [INFO    ] [bot.scanner] 🔥 Romanian Roulette: Nuevos -> [22]
[2026-05-05 08:17:12.712] [DEBUG   ] [bot.scanner] TG check: Romanian Roulette Delays={'docena_1': 1, 'docena_2': 0, 'docena_3': 2, 'columna_1': 0, 'columna_2': 1, 'columna_3': 4}
[2026-05-05 08:17:16.550] [INFO    ] [bot.scanner] 🔥 Brazilian Roulette: Nuevos -> [31]
[2026-05-05 08:17:16.566] [DEBUG   ] [bot.scanner] TG check: Brazilian Roulette Delays={'docena_1': 1, 'docena_2': 4, 'docena_3': 0, 'columna_1': 0, 'columna_2': 3, 'columna_3': 2}
[2026-05-05 08:17:17.152] [INFO    ] [bot.scanner] 🔥 Roulette 1: Nuevos -> [36]
[2026-05-05 08:17:17.168] [DEBUG   ] [bot.scanner] TG check: Roulette 1 Delays={'docena_1': 1, 'docena_2': 4, 'docena_3': 0, 'columna_1': 3, 'columna_2': 2, 'columna_3': 0}
[2026-05-05 08:17:18.799] [INFO    ] [bot.scanner] 🔥 Roulette 2 Extra Time: Nuevos -> [21]
[2026-05-05 08:17:18.815] [DEBUG   ] [bot.scanner] TG check: Roulette 2 Extra Time Delays={'docena_1': 5, 'docena_2': 0, 'docena_3': 1, 'columna_1': 3, 'columna_2': 4, 'columna_3': 0}
[2026-05-05 08:17:23.081] [INFO    ] [bot.scanner] 🔥 Roulette Italia Tricolore: Nuevos -> [33]
[2026-05-05 08:17:23.097] [DEBUG   ] [bot.scanner] TG check: Roulette Italia Tricolore Delays={'docena_1': 1, 'docena_2': 2, 'docena_3': 0, 'columna_1': 1, 'columna_2': 2, 'columna_3': 0}
[2026-05-05 08:17:23.622] [INFO    ] [bot.scanner] 🔥 Russian Roulette: Nuevos -> [16]
[2026-05-05 08:17:23.638] [DEBUG   ] [bot.scanner] TG check: Russian Roulette Delays={'docena_1': 2, 'docena_2': 0, 'docena_3': 1, 'columna_1': 0, 'columna_2': 2, 'columna_3': 3}
[2026-05-05 08:17:24.175] [INFO    ] [bot.scanner] 🔥 Dutch Roulette: Nuevos -> [27]
[2026-05-05 08:17:24.195] [DEBUG   ] [bot.scanner] TG check: Dutch Roulette Delays={'docena_1': 3, 'docena_2': 4, 'docena_3': 0, 'columna_1': 8, 'columna_2': 1, 'columna_3': 0}
[2026-05-05 08:17:25.259] [INFO    ] [bot.scanner] 🔥 Ruleta Latina: Nuevos -> [5]
[2026-05-05 08:17:25.273] [DEBUG   ] [bot.scanner] TG check: Ruleta Latina Delays={'docena_1': 0, 'docena_2': 1, 'docena_3': 3, 'columna_1': 3, 'columna_2': 0, 'columna_3': 1}
[2026-05-05 08:17:25.808] [INFO    ] [bot.scanner] 🔥 Mega Roulette: Nuevos -> [28]
[2026-05-05 08:17:25.824] [DEBUG   ] [bot.scanner] TG check: Mega Roulette Delays={'docena_1': 4, 'docena_2': 3, 'docena_3': 0, 'columna_1': 0, 'columna_2': 3, 'columna_3': 1}
[2026-05-05 08:17:29.116] [INFO    ] [bot.scanner] 🔥 Brazilian Mega Roulette: Nuevos -> [21]
[2026-05-05 08:17:29.128] [DEBUG   ] [bot.scanner] TG check: Brazilian Mega Roulette Delays={'docena_1': 2, 'docena_2': 0, 'docena_3': 9, 'columna_1': 1, 'columna_2': 2, 'columna_3': 0}
[2026-05-05 08:17:31.347] [INFO    ] [bot.scanner] 🔥 Turkish Roulette: Nuevos -> [32]
[2026-05-05 08:17:31.364] [DEBUG   ] [bot.scanner] TG check: Turkish Roulette Delays={'docena_1': 3, 'docena_2': 1, 'docena_3': 0, 'columna_1': 1, 'columna_2': 0, 'columna_3': 2}
[2026-05-05 08:17:37.970] [INFO    ] [bot.scanner] 🔥 Roulette Macao: Nuevos -> [34]
[2026-05-05 08:17:37.994] [DEBUG   ] [bot.scanner] TG check: Roulette Macao Delays={'docena_1': 4, 'docena_2': 1, 'docena_3': 0, 'columna_1': 0, 'columna_2': 2, 'columna_3': 4}
[2026-05-05 08:17:40.134] [INFO    ] [bot.scanner] 🔥 Auto Roulette: Nuevos -> [34]
[2026-05-05 08:17:40.151] [DEBUG   ] [bot.scanner] TG check: Auto Roulette Delays={'docena_1': 3, 'docena_2': 2, 'docena_3': 0, 'columna_1': 0, 'columna_2': 1, 'columna_3': 3}
[2026-05-05 08:17:42.398] [INFO    ] [bot.scanner] 🔥 Romanian Roulette: Nuevos -> [5]
[2026-05-05 08:17:42.426] [DEBUG   ] [bot.scanner] TG check: Romanian Roulette Delays={'docena_1': 0, 'docena_2': 1, 'docena_3': 3, 'columna_1': 1, 'columna_2': 0, 'columna_3': 5}
[2026-05-05 08:17:47.225] [INFO    ] [bot.scanner] 🔥 Roulette 3: Nuevos -> [21]
[2026-05-05 08:17:47.242] [DEBUG   ] [bot.scanner] TG check: Roulette 3 Delays={'docena_1': 7, 'docena_2': 0, 'docena_3': 1, 'columna_1': 5, 'columna_2': 1, 'columna_3': 0}
[2026-05-05 08:17:49.879] [INFO    ] [bot.scanner] 🔥 Lucky 6 Roulette: Nuevos -> [34]
[2026-05-05 08:17:49.924] [DEBUG   ] [bot.scanner] TG check: Lucky 6 Roulette Delays={'docena_1': 3, 'docena_2': 6, 'docena_3': 0, 'columna_1': 0, 'columna_2': 1, 'columna_3': 4}
[2026-05-05 08:17:51.064] [INFO    ] [bot.scanner] 🔥 Stake Roulette: Nuevos -> [32]
[2026-05-05 08:17:51.081] [DEBUG   ] [bot.scanner] TG check: Stake Roulette Delays={'docena_1': 1, 'docena_2': 4, 'docena_3': 0, 'columna_1': 3, 'columna_2': 0, 'columna_3': 2}
[2026-05-05 08:17:53.787] [INFO    ] [bot.scanner] 🔥 Russian Roulette: Nuevos -> [8]
[2026-05-05 08:17:53.821] [DEBUG   ] [bot.scanner] TG check: Russian Roulette Delays={'docena_1': 0, 'docena_2': 1, 'docena_3': 2, 'columna_1': 1, 'columna_2': 0, 'columna_3': 4}
[2026-05-05 08:17:55.433] [INFO    ] [bot.scanner] 🔥 Ruleta Latina: Nuevos -> [35]
[2026-05-05 08:17:55.454] [DEBUG   ] [bot.scanner] TG check: Ruleta Latina Delays={'docena_1': 1, 'docena_2': 2, 'docena_3': 0, 'columna_1': 4, 'columna_2': 0, 'columna_3': 2}
[2026-05-05 08:17:56.544] [INFO    ] [bot.scanner] 🔥 Brazilian Roulette: Nuevos -> [34]
[2026-05-05 08:17:56.561] [DEBUG   ] [bot.scanner] TG check: Brazilian Roulette Delays={'docena_1': 2, 'docena_2': 5, 'docena_3': 0, 'columna_1': 0, 'columna_2': 4, 'columna_3': 3}
[2026-05-05 08:17:57.092] [INFO    ] [bot.scanner] 🔥 Roulette 1: Nuevos -> [21]
[2026-05-05 08:17:57.110] [DEBUG   ] [bot.scanner] TG check: Roulette 1 Delays={'docena_1': 2, 'docena_2': 0, 'docena_3': 1, 'columna_1': 4, 'columna_2': 3, 'columna_3': 0}
[2026-05-05 08:18:02.107] [INFO    ] [bot.scanner] 🔥 German Roulette: Nuevos -> [18]
[2026-05-05 08:18:02.128] [DEBUG   ] [bot.scanner] TG check: German Roulette Delays={'docena_1': 1, 'docena_2': 0, 'docena_3': 5, 'columna_1': 6, 'columna_2': 1, 'columna_3': 0}
[2026-05-05 08:18:03.208] [INFO    ] [bot.scanner] 🔥 Roulette Italia Tricolore: Nuevos -> [6]
[2026-05-05 08:18:03.221] [DEBUG   ] [bot.scanner] TG check: Roulette Italia Tricolore Delays={'docena_1': 0, 'docena_2': 3, 'docena_3': 1, 'columna_1': 2, 'columna_2': 3, 'columna_3': 0}
[2026-05-05 08:18:04.279] [INFO    ] [bot.scanner] 🔥 Dutch Roulette: Nuevos -> [10]
[2026-05-05 08:18:04.293] [DEBUG   ] [bot.scanner] TG check: Dutch Roulette Delays={'docena_1': 0, 'docena_2': 5, 'docena_3': 1, 'columna_1': 0, 'columna_2': 2, 'columna_3': 1}
[2026-05-05 08:18:08.697] [INFO    ] [bot.scanner] 🔥 Roulette 2 Extra Time: Nuevos -> [27]
[2026-05-05 08:18:08.713] [DEBUG   ] [bot.scanner] TG check: Roulette 2 Extra Time Delays={'docena_1': 6, 'docena_2': 1, 'docena_3': 0, 'columna_1': 4, 'columna_2': 5, 'columna_3': 0}
[2026-05-05 08:18:09.266] [INFO    ] [bot.scanner] 🔥 Brazilian Mega Roulette: Nuevos -> [24]
[2026-05-05 08:18:11.044] [DEBUG   ] [bot.scanner] TG check: Brazilian Mega Roulette Delays={'docena_1': 3, 'docena_2': 0, 'docena_3': 10, 'columna_1': 2, 'columna_2': 3, 'columna_3': 0}
[2026-05-05 08:18:12.108] [INFO    ] [bot.scanner] 🔥 Auto Roulette: Nuevos -> [18]
[2026-05-05 08:18:12.130] [DEBUG   ] [bot.scanner] TG check: Auto Roulette Delays={'docena_1': 4, 'docena_2': 0, 'docena_3': 1, 'columna_1': 1, 'columna_2': 2, 'columna_3': 0}
[2026-05-05 08:18:13.180] [INFO    ] [bot.scanner] 🔥 Turkish Roulette: Nuevos -> [26]
[2026-05-05 08:18:13.198] [DEBUG   ] [bot.scanner] TG check: Turkish Roulette Delays={'docena_1': 4, 'docena_2': 2, 'docena_3': 0, 'columna_1': 2, 'columna_2': 0, 'columna_3': 3}
[2026-05-05 08:18:17.682] [INFO    ] [bot.scanner] 🔥 Mega Roulette: Nuevos -> [16]
[2026-05-05 08:18:17.700] [DEBUG   ] [bot.scanner] TG check: Mega Roulette Delays={'docena_1': 5, 'docena_2': 0, 'docena_3': 1, 'columna_1': 0, 'columna_2': 4, 'columna_3': 2}
[2026-05-05 08:18:19.294] [INFO    ] [bot.scanner] 🔥 Roulette 3: Nuevos -> [14]
[2026-05-05 08:18:19.311] [DEBUG   ] [bot.scanner] TG check: Roulette 3 Delays={'docena_1': 8, 'docena_2': 0, 'docena_3': 2, 'columna_1': 6, 'columna_2': 0, 'columna_3': 1}
[2026-05-05 08:18:19.841] [INFO    ] [bot.scanner] 🔥 Roulette Macao: Nuevos -> [10]
[2026-05-05 08:18:19.853] [DEBUG   ] [bot.scanner] TG check: Roulette Macao Delays={'docena_1': 0, 'docena_2': 2, 'docena_3': 1, 'columna_1': 0, 'columna_2': 3, 'columna_3': 5}
[2026-05-05 08:18:22.528] [INFO    ] [bot.scanner] 🔥 Stake Roulette: Nuevos -> [28]
[2026-05-05 08:18:22.541] [DEBUG   ] [bot.scanner] TG check: Stake Roulette Delays={'docena_1': 2, 'docena_2': 5, 'docena_3': 0, 'columna_1': 0, 'columna_2': 1, 'columna_3': 3}
[2026-05-05 08:18:24.136] [INFO    ] [bot.scanner] 🔥 Romanian Roulette: Nuevos -> [3]
[2026-05-05 08:18:24.152] [DEBUG   ] [bot.scanner] TG check: Romanian Roulette Delays={'docena_1': 0, 'docena_2': 2, 'docena_3': 4, 'columna_1': 2, 'columna_2': 1, 'columna_3': 0}
[2026-05-05 08:18:31.194] [INFO    ] [bot.scanner] 🔥 Lucky 6 Roulette: Nuevos -> [2]
[2026-05-05 08:18:31.210] [DEBUG   ] [bot.scanner] TG check: Lucky 6 Roulette Delays={'docena_1': 0, 'docena_2': 7, 'docena_3': 1, 'columna_1': 1, 'columna_2': 0, 'columna_3': 5}
[2026-05-05 08:18:35.295] [INFO    ] [bot.scanner] 🔥 Russian Roulette: Nuevos -> [1]
[2026-05-05 08:18:35.316] [DEBUG   ] [bot.scanner] TG check: Russian Roulette Delays={'docena_1': 0, 'docena_2': 2, 'docena_3': 3, 'columna_1': 0, 'columna_2': 1, 'columna_3': 5}
[2026-05-05 08:18:36.245] [INFO    ] [bot.scanner] 🔥 Dutch Roulette: Nuevos -> [0]
[2026-05-05 08:18:36.260] [DEBUG   ] [bot.scanner] TG check: Dutch Roulette Delays={'docena_1': 1, 'docena_2': 6, 'docena_3': 2, 'columna_1': 1, 'columna_2': 3, 'columna_3': 2}
[2026-05-05 08:18:37.305] [INFO    ] [bot.scanner] 🔥 Ruleta Latina: Nuevos -> [4]
[2026-05-05 08:18:37.327] [DEBUG   ] [bot.scanner] TG check: Ruleta Latina Delays={'docena_1': 0, 'docena_2': 3, 'docena_3': 1, 'columna_1': 0, 'columna_2': 1, 'columna_3': 3}
[2026-05-05 08:18:38.422] [INFO    ] [bot.scanner] 🔥 Brazilian Roulette: Nuevos -> [12]
[2026-05-05 08:18:38.447] [DEBUG   ] [bot.scanner] TG check: Brazilian Roulette Delays={'docena_1': 0, 'docena_2': 6, 'docena_3': 1, 'columna_1': 1, 'columna_2': 5, 'columna_3': 0}
[2026-05-05 08:18:38.984] [INFO    ] [bot.scanner] 🔥 Roulette 1: Nuevos -> [5]
[2026-05-05 08:18:39.003] [DEBUG   ] [bot.scanner] TG check: Roulette 1 Delays={'docena_1': 0, 'docena_2': 1, 'docena_3': 2, 'columna_1': 5, 'columna_2': 0, 'columna_3': 1}
[2026-05-05 08:18:41.399] [INFO    ] [bot.scanner] 🔥 Brazilian Mega Roulette: Nuevos -> [18]
[2026-05-05 08:18:41.416] [DEBUG   ] [bot.scanner] TG check: Brazilian Mega Roulette Delays={'docena_1': 4, 'docena_2': 0, 'docena_3': 11, 'columna_1': 3, 'columna_2': 4, 'columna_3': 0}
[2026-05-05 08:18:43.585] [INFO    ] [bot.scanner] 🔥 Turkish Roulette: Nuevos -> [29]
[2026-05-05 08:18:43.610] [DEBUG   ] [bot.scanner] TG check: Turkish Roulette Delays={'docena_1': 5, 'docena_2': 3, 'docena_3': 0, 'columna_1': 3, 'columna_2': 0, 'columna_3': 4}
[2026-05-05 08:18:44.142] [INFO    ] [bot.scanner] 🔥 German Roulette: Nuevos -> [18]
[2026-05-05 08:18:44.156] [DEBUG   ] [bot.scanner] TG check: German Roulette Delays={'docena_1': 2, 'docena_2': 0, 'docena_3': 6, 'columna_1': 7, 'columna_2': 2, 'columna_3': 0}
[2026-05-05 08:18:45.276] [INFO    ] [bot.scanner] 🔥 Roulette Italia Tricolore: Nuevos -> [20]
[2026-05-05 08:18:45.297] [DEBUG   ] [bot.scanner] TG check: Roulette Italia Tricolore Delays={'docena_1': 1, 'docena_2': 0, 'docena_3': 2, 'columna_1': 3, 'columna_2': 0, 'columna_3': 1}
[2026-05-05 08:18:51.014] [INFO    ] [bot.scanner] 🔥 Roulette 2 Extra Time: Nuevos -> [12]
[2026-05-05 08:18:51.030] [DEBUG   ] [bot.scanner] TG check: Roulette 2 Extra Time Delays={'docena_1': 0, 'docena_2': 2, 'docena_3': 1, 'columna_1': 5, 'columna_2': 6, 'columna_3': 0}
[2026-05-05 08:18:52.627] [INFO    ] [bot.scanner] 🔥 Auto Roulette: Nuevos -> [29]
[2026-05-05 08:18:52.641] [DEBUG   ] [bot.scanner] TG check: Auto Roulette Delays={'docena_1': 5, 'docena_2': 1, 'docena_3': 0, 'columna_1': 2, 'columna_2': 0, 'columna_3': 1}
[2026-05-05 08:18:54.762] [INFO    ] [bot.scanner] 🔥 Romanian Roulette: Nuevos -> [15]
[2026-05-05 08:18:54.795] [DEBUG   ] [bot.scanner] TG check: Romanian Roulette Delays={'docena_1': 1, 'docena_2': 0, 'docena_3': 5, 'columna_1': 3, 'columna_2': 2, 'columna_3': 0}
[2026-05-05 08:18:58.051] [INFO    ] [bot.scanner] 🔥 Mega Roulette: Nuevos -> [8]
[2026-05-05 08:18:58.067] [DEBUG   ] [bot.scanner] TG check: Mega Roulette Delays={'docena_1': 0, 'docena_2': 1, 'docena_3': 2, 'columna_1': 1, 'columna_2': 0, 'columna_3': 3}
[2026-05-05 08:18:59.724] [INFO    ] [bot.scanner] 🔥 Roulette 3: Nuevos -> [20]
[2026-05-05 08:18:59.746] [DEBUG   ] [bot.scanner] TG check: Roulette 3 Delays={'docena_1': 9, 'docena_2': 0, 'docena_3': 3, 'columna_1': 7, 'columna_2': 0, 'columna_3': 2}
[2026-05-05 08:19:00.287] [INFO    ] [bot.scanner] 🔥 Roulette Macao: Nuevos -> [28]
[2026-05-05 08:19:00.307] [DEBUG   ] [bot.scanner] TG check: Roulette Macao Delays={'docena_1': 1, 'docena_2': 3, 'docena_3': 0, 'columna_1': 0, 'columna_2': 4, 'columna_3': 6}
[2026-05-05 08:19:01.945] [INFO    ] [bot.scanner] 🔥 Lucky 6 Roulette: Nuevos -> [11]
[2026-05-05 08:19:01.964] [DEBUG   ] [bot.scanner] TG check: Lucky 6 Roulette Delays={'docena_1': 0, 'docena_2': 8, 'docena_3': 2, 'columna_1': 2, 'columna_2': 0, 'columna_3': 6}
[2026-05-05 08:19:03.077] [INFO    ] [bot.scanner] 🔥 Stake Roulette: Nuevos -> [13]
[2026-05-05 08:19:03.095] [DEBUG   ] [bot.scanner] TG check: Stake Roulette Delays={'docena_1': 3, 'docena_2': 0, 'docena_3': 1, 'columna_1': 0, 'columna_2': 2, 'columna_3': 4}
[2026-05-05 08:19:05.814] [INFO    ] [bot.scanner] 🔥 Russian Roulette: Nuevos -> [12]
[2026-05-05 08:19:05.836] [DEBUG   ] [bot.scanner] TG check: Russian Roulette Delays={'docena_1': 0, 'docena_2': 3, 'docena_3': 4, 'columna_1': 1, 'columna_2': 2, 'columna_3': 0}
[2026-05-05 08:19:07.459] [INFO    ] [bot.scanner] 🔥 Ruleta Latina: Nuevos -> [15]
[2026-05-05 08:19:07.473] [DEBUG   ] [bot.scanner] TG check: Ruleta Latina Delays={'docena_1': 1, 'docena_2': 0, 'docena_3': 2, 'columna_1': 1, 'columna_2': 2, 'columna_3': 0}
[2026-05-05 08:19:16.315] [INFO    ] [bot.scanner] 🔥 Dutch Roulette: Nuevos -> [2]
[2026-05-05 08:19:16.342] [DEBUG   ] [bot.scanner] TG check: Dutch Roulette Delays={'docena_1': 0, 'docena_2': 7, 'docena_3': 3, 'columna_1': 2, 'columna_2': 0, 'columna_3': 3}
[2026-05-05 08:19:18.553] [INFO    ] [bot.scanner] 🔥 Brazilian Roulette: Nuevos -> [29]
[2026-05-05 08:19:18.575] [DEBUG   ] [bot.scanner] TG check: Brazilian Roulette Delays={'docena_1': 1, 'docena_2': 7, 'docena_3': 0, 'columna_1': 2, 'columna_2': 0, 'columna_3': 1}
[2026-05-05 08:19:19.112] [INFO    ] [bot.scanner] 🔥 Roulette 1: Nuevos -> [33]
[2026-05-05 08:19:19.130] [DEBUG   ] [bot.scanner] TG check: Roulette 1 Delays={'docena_1': 1, 'docena_2': 2, 'docena_3': 0, 'columna_1': 6, 'columna_2': 1, 'columna_3': 0}
[2026-05-05 08:19:22.443] [INFO    ] [bot.scanner] 🔥 Auto Roulette: Nuevos -> [2]
[2026-05-05 08:19:22.462] [DEBUG   ] [bot.scanner] TG check: Auto Roulette Delays={'docena_1': 0, 'docena_2': 2, 'docena_3': 1, 'columna_1': 3, 'columna_2': 0, 'columna_3': 2}
[2026-05-05 08:19:23.656] [INFO    ] [bot.scanner] 🔥 Turkish Roulette: Nuevos -> [12]
[2026-05-05 08:19:23.674] [DEBUG   ] [bot.scanner] TG check: Turkish Roulette Delays={'docena_1': 0, 'docena_2': 4, 'docena_3': 1, 'columna_1': 4, 'columna_2': 1, 'columna_3': 0}
[2026-05-05 08:19:24.222] [INFO    ] [bot.scanner] 🔥 German Roulette: Nuevos -> [16]
[2026-05-05 08:19:24.242] [DEBUG   ] [bot.scanner] TG check: German Roulette Delays={'docena_1': 3, 'docena_2': 0, 'docena_3': 7, 'columna_1': 0, 'columna_2': 3, 'columna_3': 1}
[2026-05-05 08:19:25.370] [INFO    ] [bot.scanner] 🔥 Roulette Italia Tricolore: Nuevos -> [8]
[2026-05-05 08:19:25.383] [DEBUG   ] [bot.scanner] TG check: Roulette Italia Tricolore Delays={'docena_1': 0, 'docena_2': 1, 'docena_3': 3, 'columna_1': 4, 'columna_2': 0, 'columna_3': 2}
[2026-05-05 08:19:30.763] [INFO    ] [bot.scanner] 🔥 Roulette 2 Extra Time: Nuevos -> [19]
[2026-05-05 08:19:30.779] [DEBUG   ] [bot.scanner] TG check: Roulette 2 Extra Time Delays={'docena_1': 1, 'docena_2': 0, 'docena_3': 2, 'columna_1': 0, 'columna_2': 7, 'columna_3': 1}
[2026-05-05 08:19:31.343] [INFO    ] [bot.scanner] 🔥 Brazilian Mega Roulette: Nuevos -> [34]
[2026-05-05 08:19:31.364] [DEBUG   ] [bot.scanner] TG check: Brazilian Mega Roulette Delays={'docena_1': 5, 'docena_2': 1, 'docena_3': 0, 'columna_1': 0, 'columna_2': 5, 'columna_3': 1}
[2026-05-05 08:19:34.608] [INFO    ] [bot.scanner] 🔥 Romanian Roulette: Nuevos -> [16]
[2026-05-05 08:19:34.626] [DEBUG   ] [bot.scanner] TG check: Romanian Roulette Delays={'docena_1': 2, 'docena_2': 0, 'docena_3': 6, 'columna_1': 0, 'columna_2': 3, 'columna_3': 1}
[2026-05-05 08:19:37.840] [INFO    ] [bot.scanner] 🔥 Mega Roulette: Nuevos -> [31]
[2026-05-05 08:19:37.857] [DEBUG   ] [bot.scanner] TG check: Mega Roulette Delays={'docena_1': 1, 'docena_2': 2, 'docena_3': 0, 'columna_1': 0, 'columna_2': 1, 'columna_3': 4}
[2026-05-05 08:19:39.483] [INFO    ] [bot.scanner] 🔥 Roulette 3: Nuevos -> [18]
[2026-05-05 08:19:42.022] [DEBUG   ] [bot.scanner] TG check: Roulette 3 Delays={'docena_1': 10, 'docena_2': 0, 'docena_3': 4, 'columna_1': 8, 'columna_2': 1, 'columna_3': 0}
[2026-05-05 08:19:42.574] [INFO    ] [bot.scanner] 🔥 Roulette Macao: Nuevos -> [32]
[2026-05-05 08:19:42.594] [DEBUG   ] [bot.scanner] TG check: Roulette Macao Delays={'docena_1': 2, 'docena_2': 4, 'docena_3': 0, 'columna_1': 1, 'columna_2': 0, 'columna_3': 7}
[2026-05-05 08:19:44.208] [INFO    ] [bot.scanner] 🔥 Lucky 6 Roulette: Nuevos -> [12]
[2026-05-05 08:19:44.223] [DEBUG   ] [bot.scanner] TG check: Lucky 6 Roulette Delays={'docena_1': 0, 'docena_2': 9, 'docena_3': 3, 'columna_1': 3, 'columna_2': 1, 'columna_3': 0}
[2026-05-05 08:19:45.356] [INFO    ] [bot.scanner] 🔥 Stake Roulette: Nuevos -> [2]
[2026-05-05 08:19:45.385] [DEBUG   ] [bot.scanner] TG check: Stake Roulette Delays={'docena_1': 0, 'docena_2': 1, 'docena_3': 2, 'columna_1': 1, 'columna_2': 0, 'columna_3': 5}
[2026-05-05 08:19:48.112] [INFO    ] [bot.scanner] 🔥 Russian Roulette: Nuevos -> [6]
[2026-05-05 08:19:48.126] [DEBUG   ] [bot.scanner] TG check: Russian Roulette Delays={'docena_1': 0, 'docena_2': 4, 'docena_3': 5, 'columna_1': 2, 'columna_2': 3, 'columna_3': 0}
[2026-05-05 08:19:48.673] [INFO    ] [bot.scanner] 🔥 Dutch Roulette: Nuevos -> [3]
[2026-05-05 08:19:48.689] [DEBUG   ] [bot.scanner] TG check: Dutch Roulette Delays={'docena_1': 0, 'docena_2': 8, 'docena_3': 4, 'columna_1': 3, 'columna_2': 1, 'columna_3': 0}
[2026-05-05 08:19:49.759] [INFO    ] [bot.scanner] 🔥 Ruleta Latina: Nuevos -> [15]
[2026-05-05 08:19:49.775] [DEBUG   ] [bot.scanner] TG check: Ruleta Latina Delays={'docena_1': 2, 'docena_2': 0, 'docena_3': 3, 'columna_1': 2, 'columna_2': 3, 'columna_3': 0}
[2026-05-05 08:19:51.418] [INFO    ] [bot.scanner] 🔥 Roulette 1: Nuevos -> [35]
[2026-05-05 08:19:51.438] [DEBUG   ] [bot.scanner] TG check: Roulette 1 Delays={'docena_1': 2, 'docena_2': 3, 'docena_3': 0, 'columna_1': 7, 'columna_2': 0, 'columna_3': 1}
[2026-05-05 08:19:57.412] [INFO    ] [bot.scanner] 🔥 Roulette Italia Tricolore: Nuevos -> [31]
[2026-05-05 08:19:57.434] [DEBUG   ] [bot.scanner] TG check: Roulette Italia Tricolore Delays={'docena_1': 1, 'docena_2': 2, 'docena_3': 0, 'columna_1': 0, 'columna_2': 1, 'columna_3': 3}
[2026-05-05 08:20:03.481] [INFO    ] [bot.scanner] 🔥 Brazilian Mega Roulette: Nuevos -> [33]
[2026-05-05 08:20:03.502] [DEBUG   ] [bot.scanner] TG check: Brazilian Mega Roulette Delays={'docena_1': 6, 'docena_2': 2, 'docena_3': 0, 'columna_1': 1, 'columna_2': 6, 'columna_3': 0}
[2026-05-05 08:20:04.607] [INFO    ] [bot.scanner] 🔥 Auto Roulette: Nuevos -> [30]
[2026-05-05 08:20:04.621] [DEBUG   ] [bot.scanner] TG check: Auto Roulette Delays={'docena_1': 1, 'docena_2': 3, 'docena_3': 0, 'columna_1': 4, 'columna_2': 1, 'columna_3': 0}
[2026-05-05 08:20:05.714] [INFO    ] [bot.scanner] 🔥 Turkish Roulette: Nuevos -> [26]
[2026-05-05 08:20:05.728] [DEBUG   ] [bot.scanner] TG check: Turkish Roulette Delays={'docena_1': 1, 'docena_2': 5, 'docena_3': 0, 'columna_1': 5, 'columna_2': 0, 'columna_3': 1}
[2026-05-05 08:20:06.254] [INFO    ] [bot.scanner] 🔥 German Roulette: Nuevos -> [5]
[2026-05-05 08:20:06.267] [DEBUG   ] [bot.scanner] TG check: German Roulette Delays={'docena_1': 0, 'docena_2': 1, 'docena_3': 8, 'columna_1': 1, 'columna_2': 0, 'columna_3': 2}
[2026-05-05 08:20:12.579] [INFO    ] [bot.scanner] 🔥 Roulette Macao: Nuevos -> [14]
[2026-05-05 08:20:12.598] [DEBUG   ] [bot.scanner] TG check: Roulette Macao Delays={'docena_1': 3, 'docena_2': 0, 'docena_3': 1, 'columna_1': 2, 'columna_2': 0, 'columna_3': 8}
[2026-05-05 08:20:13.138] [INFO    ] [bot.scanner] 🔥 Roulette 2 Extra Time: Nuevos -> [27]
[2026-05-05 08:20:13.159] [DEBUG   ] [bot.scanner] TG check: Roulette 2 Extra Time Delays={'docena_1': 2, 'docena_2': 1, 'docena_3': 0, 'columna_1': 1, 'columna_2': 8, 'columna_3': 0}
[2026-05-05 08:20:16.999] [INFO    ] [bot.scanner] 🔥 Romanian Roulette: Nuevos -> [5]
[2026-05-05 08:20:17.022] [DEBUG   ] [bot.scanner] TG check: Romanian Roulette Delays={'docena_1': 0, 'docena_2': 1, 'docena_3': 7, 'columna_1': 1, 'columna_2': 0, 'columna_3': 2}
[2026-05-05 08:20:18.115] [INFO    ] [bot.scanner] 🔥 Russian Roulette: Nuevos -> [27]
[2026-05-05 08:20:18.136] [DEBUG   ] [bot.scanner] TG check: Russian Roulette Delays={'docena_1': 1, 'docena_2': 5, 'docena_3': 0, 'columna_1': 3, 'columna_2': 4, 'columna_3': 0}
[2026-05-05 08:20:18.670] [INFO    ] [bot.scanner] 🔥 Dutch Roulette: Nuevos -> [26]
[2026-05-05 08:20:18.689] [DEBUG   ] [bot.scanner] TG check: Dutch Roulette Delays={'docena_1': 1, 'docena_2': 9, 'docena_3': 0, 'columna_1': 4, 'columna_2': 0, 'columna_3': 1}
[2026-05-05 08:20:20.270] [INFO    ] [bot.scanner] 🔥 Mega Roulette: Nuevos -> [16]
[2026-05-05 08:20:20.290] [DEBUG   ] [bot.scanner] TG check: Mega Roulette Delays={'docena_1': 2, 'docena_2': 0, 'docena_3': 1, 'columna_1': 0, 'columna_2': 2, 'columna_3': 5}
[2026-05-05 08:20:21.922] [INFO    ] [bot.scanner] 🔥 Roulette 3: Nuevos -> [4]
[2026-05-05 08:20:21.940] [DEBUG   ] [bot.scanner] TG check: Roulette 3 Delays={'docena_1': 0, 'docena_2': 1, 'docena_3': 5, 'columna_1': 0, 'columna_2': 2, 'columna_3': 1}
[2026-05-05 08:20:24.109] [INFO    ] [bot.scanner] 🔥 Lucky 6 Roulette: Nuevos -> [11]
[2026-05-05 08:20:25.645] [DEBUG   ] [bot.scanner] TG check: Lucky 6 Roulette Delays={'docena_1': 0, 'docena_2': 10, 'docena_3': 4, 'columna_1': 4, 'columna_2': 0, 'columna_3': 1}
[2026-05-05 08:20:26.719] [INFO    ] [bot.scanner] 🔥 Stake Roulette: Nuevos -> [10]
[2026-05-05 08:20:26.740] [DEBUG   ] [bot.scanner] TG check: Stake Roulette Delays={'docena_1': 0, 'docena_2': 2, 'docena_3': 3, 'columna_1': 0, 'columna_2': 1, 'columna_3': 6}
[2026-05-05 08:20:31.055] [INFO    ] [bot.scanner] 🔥 Ruleta Latina: Nuevos -> [3]
[2026-05-05 08:20:31.070] [DEBUG   ] [bot.scanner] TG check: Ruleta Latina Delays={'docena_1': 0, 'docena_2': 1, 'docena_3': 4, 'columna_1': 3, 'columna_2': 4, 'columna_3': 0}
[2026-05-05 08:20:32.180] [INFO    ] [bot.scanner] 🔥 Brazilian Roulette: Nuevos -> [22]
[2026-05-05 08:20:32.209] [DEBUG   ] [bot.scanner] TG check: Brazilian Roulette Delays={'docena_1': 2, 'docena_2': 0, 'docena_3': 1, 'columna_1': 0, 'columna_2': 1, 'columna_3': 2}
[2026-05-05 08:20:32.766] [INFO    ] [bot.scanner] 🔥 Roulette 1: Nuevos -> [5]
[2026-05-05 08:20:32.789] [DEBUG   ] [bot.scanner] TG check: Roulette 1 Delays={'docena_1': 0, 'docena_2': 4, 'docena_3': 1, 'columna_1': 8, 'columna_2': 0, 'columna_3': 2}
[2026-05-05 08:20:38.757] [INFO    ] [bot.scanner] 🔥 Roulette Italia Tricolore: Nuevos -> [10]
[2026-05-05 08:20:38.777] [DEBUG   ] [bot.scanner] TG check: Roulette Italia Tricolore Delays={'docena_1': 0, 'docena_2': 3, 'docena_3': 1, 'columna_1': 0, 'columna_2': 2, 'columna_3': 4}
[2026-05-05 08:20:44.790] [INFO    ] [bot.scanner] 🔥 Brazilian Mega Roulette: Nuevos -> [14]
[2026-05-05 08:20:44.805] [DEBUG   ] [bot.scanner] TG check: Brazilian Mega Roulette Delays={'docena_1': 7, 'docena_2': 0, 'docena_3': 1, 'columna_1': 2, 'columna_2': 0, 'columna_3': 1}
[2026-05-05 08:20:45.868] [INFO    ] [bot.scanner] 🔥 Auto Roulette: Nuevos -> [5]
[2026-05-05 08:20:45.892] [DEBUG   ] [bot.scanner] TG check: Auto Roulette Delays={'docena_1': 0, 'docena_2': 4, 'docena_3': 1, 'columna_1': 5, 'columna_2': 0, 'columna_3': 1}
[2026-05-05 08:20:47.073] [INFO    ] [bot.scanner] 🔥 Turkish Roulette: Nuevos -> [7]
[2026-05-05 08:20:47.087] [DEBUG   ] [bot.scanner] TG check: Turkish Roulette Delays={'docena_1': 0, 'docena_2': 6, 'docena_3': 1, 'columna_1': 0, 'columna_2': 1, 'columna_3': 2}
[2026-05-05 08:20:47.648] [INFO    ] [bot.scanner] 🔥 German Roulette: Nuevos -> [1]
[2026-05-05 08:20:47.670] [DEBUG   ] [bot.scanner] TG check: German Roulette Delays={'docena_1': 0, 'docena_2': 2, 'docena_3': 9, 'columna_1': 0, 'columna_2': 1, 'columna_3': 3}
[2026-05-05 08:20:48.205] [INFO    ] [bot.scanner] 🔥 Romanian Roulette: Nuevos -> [15]
[2026-05-05 08:20:48.227] [DEBUG   ] [bot.scanner] TG check: Romanian Roulette Delays={'docena_1': 1, 'docena_2': 0, 'docena_3': 8, 'columna_1': 2, 'columna_2': 1, 'columna_3': 0}
[2026-05-05 08:20:50.425] [DEBUG   ] [bot.iframe]    ⏳ Esperando iframe principal (max 15s)...
[2026-05-05 08:20:50.523] [INFO    ] [bot.iframe]    ✅ Cambio a iframe #0 (class='game')
[2026-05-05 08:20:50.523] [DEBUG   ] [bot.iframe]    ⏳ Esperando iframe anidado o elementos del juego (max 15s)...
[2026-05-05 08:20:50.592] [INFO    ] [bot.iframe]    ✅ Elementos del juego encontrados en el iframe principal. No requiere anidado.
[2026-05-05 08:20:53.878] [INFO    ] [bot.scanner] 🔥 Roulette Macao: Nuevos -> [2]
[2026-05-05 08:20:53.903] [DEBUG   ] [bot.scanner] TG check: Roulette Macao Delays={'docena_1': 0, 'docena_2': 1, 'docena_3': 2, 'columna_1': 3, 'columna_2': 0, 'columna_3': 9}
[2026-05-05 08:20:59.294] [INFO    ] [bot.scanner] 🔥 Russian Roulette: Nuevos -> [16]
[2026-05-05 08:20:59.311] [DEBUG   ] [bot.scanner] TG check: Russian Roulette Delays={'docena_1': 2, 'docena_2': 0, 'docena_3': 1, 'columna_1': 0, 'columna_2': 5, 'columna_3': 1}
[2026-05-05 08:20:59.849] [INFO    ] [bot.scanner] 🔥 Dutch Roulette: Nuevos -> [29]
[2026-05-05 08:21:01.141] [DEBUG   ] [bot.scanner] TG check: Dutch Roulette Delays={'docena_1': 2, 'docena_2': 10, 'docena_3': 0, 'columna_1': 5, 'columna_2': 0, 'columna_3': 2}
[2026-05-05 08:21:02.192] [INFO    ] [bot.scanner] 🔥 Ruleta Latina: Nuevos -> [26]
[2026-05-05 08:21:02.216] [DEBUG   ] [bot.scanner] TG check: Ruleta Latina Delays={'docena_1': 1, 'docena_2': 2, 'docena_3': 0, 'columna_1': 4, 'columna_2': 0, 'columna_3': 1}
[2026-05-05 08:21:02.827] [INFO    ] [bot.scanner] 🔥 Mega Roulette: Nuevos -> [15]
[2026-05-05 08:21:02.848] [DEBUG   ] [bot.scanner] TG check: Mega Roulette Delays={'docena_1': 3, 'docena_2': 0, 'docena_3': 2, 'columna_1': 1, 'columna_2': 3, 'columna_3': 0}
[2026-05-05 08:21:04.674] [INFO    ] [bot.scanner] 🔥 Roulette 3: Nuevos -> [35]
[2026-05-05 08:21:04.690] [DEBUG   ] [bot.scanner] TG check: Roulette 3 Delays={'docena_1': 1, 'docena_2': 2, 'docena_3': 0, 'columna_1': 1, 'columna_2': 0, 'columna_3': 2}
[2026-05-05 08:21:05.824] [INFO    ] [bot.scanner] 🔥 Roulette 2 Extra Time: Nuevos -> [24]
[2026-05-05 08:21:05.842] [DEBUG   ] [bot.scanner] TG check: Roulette 2 Extra Time Delays={'docena_1': 3, 'docena_2': 0, 'docena_3': 1, 'columna_1': 2, 'columna_2': 9, 'columna_3': 0}
[2026-05-05 08:21:06.931] [INFO    ] [bot.scanner] 🔥 Lucky 6 Roulette: Nuevos -> [18]
[2026-05-05 08:21:06.948] [DEBUG   ] [bot.scanner] TG check: Lucky 6 Roulette Delays={'docena_1': 1, 'docena_2': 0, 'docena_3': 5, 'columna_1': 5, 'columna_2': 1, 'columna_3': 0}
[2026-05-05 08:21:08.017] [INFO    ] [bot.scanner] 🔥 Stake Roulette: Nuevos -> [25]
[2026-05-05 08:21:08.030] [DEBUG   ] [bot.scanner] TG check: Stake Roulette Delays={'docena_1': 1, 'docena_2': 3, 'docena_3': 0, 'columna_1': 0, 'columna_2': 2, 'columna_3': 7}
[2026-05-05 08:21:13.475] [INFO    ] [bot.scanner] 🔥 Brazilian Roulette: Nuevos -> [14]
[2026-05-05 08:21:13.516] [DEBUG   ] [bot.scanner] TG check: Brazilian Roulette Delays={'docena_1': 3, 'docena_2': 0, 'docena_3': 2, 'columna_1': 1, 'columna_2': 0, 'columna_3': 3}
[2026-05-05 08:21:14.048] [INFO    ] [bot.scanner] 🔥 Roulette 1: Nuevos -> [0]
[2026-05-05 08:21:14.064] [DEBUG   ] [bot.scanner] TG check: Roulette 1 Delays={'docena_1': 1, 'docena_2': 5, 'docena_3': 2, 'columna_1': 9, 'columna_2': 1, 'columna_3': 3}
[2026-05-05 08:21:17.307] [INFO    ] [bot.scanner] 🔥 Auto Roulette: Nuevos -> [33]
[2026-05-05 08:21:17.324] [DEBUG   ] [bot.scanner] TG check: Auto Roulette Delays={'docena_1': 1, 'docena_2': 5, 'docena_3': 0, 'columna_1': 6, 'columna_2': 1, 'columna_3': 0}
[2026-05-05 08:21:19.518] [INFO    ] [bot.scanner] 🔥 Romanian Roulette: Nuevos -> [34]
[2026-05-05 08:21:19.575] [DEBUG   ] [bot.scanner] TG check: Romanian Roulette Delays={'docena_1': 2, 'docena_2': 1, 'docena_3': 0, 'columna_1': 0, 'columna_2': 2, 'columna_3': 1}
[2026-05-05 08:21:20.303] [INFO    ] [bot.scanner] 🔥 Roulette Italia Tricolore: Nuevos -> [36]
[2026-05-05 08:21:20.324] [DEBUG   ] [bot.scanner] TG check: Roulette Italia Tricolore Delays={'docena_1': 1, 'docena_2': 4, 'docena_3': 0, 'columna_1': 1, 'columna_2': 3, 'columna_3': 0}
[2026-05-05 08:21:26.281] [INFO    ] [bot.scanner] 🔥 Brazilian Mega Roulette: Nuevos -> [23]
[2026-05-05 08:21:26.300] [DEBUG   ] [bot.scanner] TG check: Brazilian Mega Roulette Delays={'docena_1': 8, 'docena_2': 0, 'docena_3': 2, 'columna_1': 3, 'columna_2': 0, 'columna_3': 2}
[2026-05-05 08:21:28.557] [INFO    ] [bot.scanner] 🔥 Turkish Roulette: Nuevos -> [29]
[2026-05-05 08:21:28.569] [DEBUG   ] [bot.scanner] TG check: Turkish Roulette Delays={'docena_1': 1, 'docena_2': 7, 'docena_3': 0, 'columna_1': 1, 'columna_2': 0, 'columna_3': 3}
[2026-05-05 08:21:29.094] [INFO    ] [bot.scanner] 🔥 German Roulette: Nuevos -> [1]
[2026-05-05 08:21:31.066] [DEBUG   ] [bot.scanner] TG check: German Roulette Delays={'docena_1': 0, 'docena_2': 3, 'docena_3': 10, 'columna_1': 0, 'columna_2': 2, 'columna_3': 4}
[2026-05-05 08:21:32.680] [INFO    ] [bot.scanner] 🔥 Russian Roulette: Nuevos -> [2]
[2026-05-05 08:21:32.696] [DEBUG   ] [bot.scanner] TG check: Russian Roulette Delays={'docena_1': 0, 'docena_2': 1, 'docena_3': 2, 'columna_1': 1, 'columna_2': 0, 'columna_3': 2}
[2026-05-05 08:21:33.232] [INFO    ] [bot.scanner] 🔥 Dutch Roulette: Nuevos -> [22]
[2026-05-05 08:21:33.249] [DEBUG   ] [bot.scanner] TG check: Dutch Roulette Delays={'docena_1': 3, 'docena_2': 0, 'docena_3': 1, 'columna_1': 0, 'columna_2': 1, 'columna_3': 3}
[2026-05-05 08:21:37.013] [INFO    ] [bot.scanner] 🔥 Roulette Macao: Nuevos -> [35]
[2026-05-05 08:21:38.309] [DEBUG   ] [bot.scanner] TG check: Roulette Macao Delays={'docena_1': 1, 'docena_2': 2, 'docena_3': 0, 'columna_1': 4, 'columna_2': 0, 'columna_3': 10}
[2026-05-05 08:21:41.090] [INFO    ] [bot.scanner] 🔥 Stake Roulette: Nuevos -> [17]
[2026-05-05 08:21:41.116] [DEBUG   ] [bot.scanner] TG check: Stake Roulette Delays={'docena_1': 2, 'docena_2': 0, 'docena_3': 1, 'columna_1': 1, 'columna_2': 0, 'columna_3': 8}
[2026-05-05 08:21:45.473] [INFO    ] [bot.scanner] 🔥 Ruleta Latina: Nuevos -> [15]
[2026-05-05 08:21:45.488] [DEBUG   ] [bot.scanner] TG check: Ruleta Latina Delays={'docena_1': 2, 'docena_2': 0, 'docena_3': 1, 'columna_1': 5, 'columna_2': 1, 'columna_3': 0}
[2026-05-05 08:21:46.023] [INFO    ] [bot.scanner] 🔥 Mega Roulette: Nuevos -> [22]
[2026-05-05 08:21:46.038] [DEBUG   ] [bot.scanner] TG check: Mega Roulette Delays={'docena_1': 4, 'docena_2': 0, 'docena_3': 3, 'columna_1': 0, 'columna_2': 4, 'columna_3': 1}
[2026-05-05 08:21:47.145] [INFO    ] [bot.scanner] 🔥 Roulette 1: Nuevos -> [16]
[2026-05-05 08:21:47.157] [DEBUG   ] [bot.scanner] TG check: Roulette 1 Delays={'docena_1': 2, 'docena_2': 0, 'docena_3': 3, 'columna_1': 0, 'columna_2': 2, 'columna_3': 4}
[2026-05-05 08:21:47.688] [INFO    ] [bot.scanner] 🔥 Roulette 3: Nuevos -> [4]
[2026-05-05 08:21:47.708] [DEBUG   ] [bot.scanner] TG check: Roulette 3 Delays={'docena_1': 0, 'docena_2': 3, 'docena_3': 1, 'columna_1': 0, 'columna_2': 1, 'columna_3': 3}
[2026-05-05 08:21:48.805] [INFO    ] [bot.scanner] 🔥 Roulette 2 Extra Time: Nuevos -> [0]
[2026-05-05 08:21:50.584] [DEBUG   ] [bot.scanner] TG check: Roulette 2 Extra Time Delays={'docena_1': 4, 'docena_2': 1, 'docena_3': 2, 'columna_1': 3, 'columna_2': 10, 'columna_3': 1}
[2026-05-05 08:21:51.745] [INFO    ] [bot.scanner] 🔥 Lucky 6 Roulette: Nuevos -> [5]
[2026-05-05 08:21:51.775] [DEBUG   ] [bot.scanner] TG check: Lucky 6 Roulette Delays={'docena_1': 0, 'docena_2': 1, 'docena_3': 6, 'columna_1': 6, 'columna_2': 0, 'columna_3': 1}
[2026-05-05 08:21:54.591] [INFO    ] [bot.scanner] 🔥 Romanian Roulette: Nuevos -> [9]
[2026-05-05 08:21:54.615] [DEBUG   ] [bot.scanner] TG check: Romanian Roulette Delays={'docena_1': 0, 'docena_2': 2, 'docena_3': 1, 'columna_1': 1, 'columna_2': 3, 'columna_3': 0}
[2026-05-05 08:21:55.158] [INFO    ] [bot.scanner] 🔥 Roulette Italia Tricolore: Nuevos -> [8]
[2026-05-05 08:21:55.178] [DEBUG   ] [bot.scanner] TG check: Roulette Italia Tricolore Delays={'docena_1': 0, 'docena_2': 5, 'docena_3': 1, 'columna_1': 2, 'columna_2': 0, 'columna_3': 1}
[2026-05-05 08:21:58.365] [INFO    ] [bot.scanner] 🔥 Brazilian Roulette: Nuevos -> [9]
[2026-05-05 08:21:58.390] [DEBUG   ] [bot.scanner] TG check: Brazilian Roulette Delays={'docena_1': 0, 'docena_2': 1, 'docena_3': 3, 'columna_1': 2, 'columna_2': 1, 'columna_3': 0}
[2026-05-05 08:22:02.479] [INFO    ] [bot.scanner] 🔥 Auto Roulette: Nuevos -> [8]
[2026-05-05 08:22:02.496] [DEBUG   ] [bot.scanner] TG check: Auto Roulette Delays={'docena_1': 0, 'docena_2': 6, 'docena_3': 1, 'columna_1': 7, 'columna_2': 0, 'columna_3': 1}
[2026-05-05 08:22:03.565] [INFO    ] [bot.scanner] 🔥 Turkish Roulette: Nuevos -> [17]
[2026-05-05 08:22:03.579] [DEBUG   ] [bot.scanner] TG check: Turkish Roulette Delays={'docena_1': 2, 'docena_2': 0, 'docena_3': 1, 'columna_1': 2, 'columna_2': 0, 'columna_3': 4}
[2026-05-05 08:22:04.132] [INFO    ] [bot.scanner] 🔥 German Roulette: Nuevos -> [15]
[2026-05-05 08:22:04.154] [DEBUG   ] [bot.scanner] TG check: German Roulette Delays={'docena_1': 1, 'docena_2': 0, 'docena_3': 11, 'columna_1': 1, 'columna_2': 3, 'columna_3': 0}
[2026-05-05 08:22:05.782] [INFO    ] [bot.scanner] 🔥 Russian Roulette: Nuevos -> [31]
[2026-05-05 08:22:05.810] [DEBUG   ] [bot.scanner] TG check: Russian Roulette Delays={'docena_1': 1, 'docena_2': 2, 'docena_3': 0, 'columna_1': 0, 'columna_2': 1, 'columna_3': 3}
[2026-05-05 08:22:06.366] [INFO    ] [bot.scanner] 🔥 Dutch Roulette: Nuevos -> [21]
[2026-05-05 08:22:06.393] [DEBUG   ] [bot.scanner] TG check: Dutch Roulette Delays={'docena_1': 4, 'docena_2': 0, 'docena_3': 2, 'columna_1': 1, 'columna_2': 2, 'columna_3': 0}
[2026-05-05 08:22:10.234] [INFO    ] [bot.scanner] 🔥 Roulette Macao: Nuevos -> [33]
[2026-05-05 08:22:10.263] [DEBUG   ] [bot.scanner] TG check: Roulette Macao Delays={'docena_1': 2, 'docena_2': 3, 'docena_3': 0, 'columna_1': 5, 'columna_2': 1, 'columna_3': 0}
[2026-05-05 08:22:11.364] [INFO    ] [bot.scanner] 🔥 Brazilian Mega Roulette: Nuevos -> [34]
[2026-05-05 08:22:11.388] [DEBUG   ] [bot.scanner] TG check: Brazilian Mega Roulette Delays={'docena_1': 9, 'docena_2': 1, 'docena_3': 0, 'columna_1': 0, 'columna_2': 1, 'columna_3': 3}
[2026-05-05 08:22:13.084] [INFO    ] [bot.scanner] 🔥 Stake Roulette: Nuevos -> [21]
[2026-05-05 08:22:13.103] [DEBUG   ] [bot.scanner] TG check: Stake Roulette Delays={'docena_1': 3, 'docena_2': 0, 'docena_3': 2, 'columna_1': 2, 'columna_2': 1, 'columna_3': 0}
[2026-05-05 08:22:17.428] [INFO    ] [bot.scanner] 🔥 Ruleta Latina: Nuevos -> [16]
[2026-05-05 08:22:17.447] [DEBUG   ] [bot.scanner] TG check: Ruleta Latina Delays={'docena_1': 3, 'docena_2': 0, 'docena_3': 2, 'columna_1': 0, 'columna_2': 2, 'columna_3': 1}
[2026-05-05 08:22:19.609] [INFO    ] [bot.scanner] 🔥 Roulette 3: Nuevos -> [32]
[2026-05-05 08:22:19.629] [DEBUG   ] [bot.scanner] TG check: Roulette 3 Delays={'docena_1': 1, 'docena_2': 4, 'docena_3': 0, 'columna_1': 1, 'columna_2': 0, 'columna_3': 4}
[2026-05-05 08:22:21.746] [INFO    ] [bot.scanner] 🔥 Lucky 6 Roulette: Nuevos -> [35]
[2026-05-05 08:22:21.763] [DEBUG   ] [bot.scanner] TG check: Lucky 6 Roulette Delays={'docena_1': 1, 'docena_2': 2, 'docena_3': 0, 'columna_1': 7, 'columna_2': 0, 'columna_3': 2}
[2026-05-05 08:22:28.811] [INFO    ] [bot.scanner] 🔥 Roulette 1: Nuevos -> [36]
[2026-05-05 08:22:28.831] [DEBUG   ] [bot.scanner] TG check: Roulette 1 Delays={'docena_1': 3, 'docena_2': 1, 'docena_3': 0, 'columna_1': 1, 'columna_2': 3, 'columna_3': 0}
[2026-05-05 08:22:30.438] [INFO    ] [bot.scanner] 🔥 Roulette 2 Extra Time: Nuevos -> [15]
[2026-05-05 08:22:30.457] [DEBUG   ] [bot.scanner] TG check: Roulette 2 Extra Time Delays={'docena_1': 5, 'docena_2': 0, 'docena_3': 3, 'columna_1': 4, 'columna_2': 11, 'columna_3': 0}
[2026-05-05 08:22:34.277] [INFO    ] [bot.scanner] 🔥 Romanian Roulette: Nuevos -> [6]
[2026-05-05 08:22:34.306] [DEBUG   ] [bot.scanner] TG check: Romanian Roulette Delays={'docena_1': 0, 'docena_2': 3, 'docena_3': 2, 'columna_1': 2, 'columna_2': 4, 'columna_3': 0}
[2026-05-05 08:22:34.840] [INFO    ] [bot.scanner] 🔥 Roulette Italia Tricolore: Nuevos -> [16]
[2026-05-05 08:22:34.855] [DEBUG   ] [bot.scanner] TG check: Roulette Italia Tricolore Delays={'docena_1': 1, 'docena_2': 0, 'docena_3': 2, 'columna_1': 0, 'columna_2': 1, 'columna_3': 2}
[2026-05-05 08:22:37.667] [INFO    ] [bot.scanner] 🔥 Mega Roulette: Nuevos -> [5]
[2026-05-05 08:22:37.684] [DEBUG   ] [bot.scanner] TG check: Mega Roulette Delays={'docena_1': 0, 'docena_2': 1, 'docena_3': 4, 'columna_1': 1, 'columna_2': 0, 'columna_3': 2}
[2026-05-05 08:22:38.231] [INFO    ] [bot.scanner] 🔥 Brazilian Roulette: Nuevos -> [30]
[2026-05-05 08:22:38.248] [DEBUG   ] [bot.scanner] TG check: Brazilian Roulette Delays={'docena_1': 1, 'docena_2': 2, 'docena_3': 0, 'columna_1': 3, 'columna_2': 2, 'columna_3': 0}
[2026-05-05 08:22:42.158] [INFO    ] [bot.scanner] 🔥 Auto Roulette: Nuevos -> [34]
[2026-05-05 08:22:42.179] [DEBUG   ] [bot.scanner] TG check: Auto Roulette Delays={'docena_1': 1, 'docena_2': 7, 'docena_3': 0, 'columna_1': 0, 'columna_2': 1, 'columna_3': 2}
[2026-05-05 08:22:43.233] [INFO    ] [bot.scanner] 🔥 Turkish Roulette: Nuevos -> [4]
[2026-05-05 08:22:43.246] [DEBUG   ] [bot.scanner] TG check: Turkish Roulette Delays={'docena_1': 0, 'docena_2': 1, 'docena_3': 2, 'columna_1': 0, 'columna_2': 1, 'columna_3': 5}
[2026-05-05 08:22:45.424] [INFO    ] [bot.scanner] 🔥 Russian Roulette: Nuevos -> [36]
[2026-05-05 08:22:45.439] [DEBUG   ] [bot.scanner] TG check: Russian Roulette Delays={'docena_1': 2, 'docena_2': 3, 'docena_3': 0, 'columna_1': 1, 'columna_2': 2, 'columna_3': 0}
[2026-05-05 08:22:45.984] [INFO    ] [bot.scanner] 🔥 Dutch Roulette: Nuevos -> [21]
[2026-05-05 08:22:45.999] [DEBUG   ] [bot.scanner] TG check: Dutch Roulette Delays={'docena_1': 5, 'docena_2': 0, 'docena_3': 3, 'columna_1': 2, 'columna_2': 3, 'columna_3': 0}
[2026-05-05 08:22:49.809] [INFO    ] [bot.scanner] 🔥 Roulette Macao: Nuevos -> [12]
[2026-05-05 08:22:49.825] [DEBUG   ] [bot.scanner] TG check: Roulette Macao Delays={'docena_1': 0, 'docena_2': 4, 'docena_3': 1, 'columna_1': 6, 'columna_2': 2, 'columna_3': 0}
[2026-05-05 08:22:50.883] [INFO    ] [bot.scanner] 🔥 Brazilian Mega Roulette: Nuevos -> [33]
[2026-05-05 08:22:52.511] [DEBUG   ] [bot.scanner] TG check: Brazilian Mega Roulette Delays={'docena_1': 10, 'docena_2': 2, 'docena_3': 0, 'columna_1': 1, 'columna_2': 2, 'columna_3': 0}
[2026-05-05 08:22:54.140] [INFO    ] [bot.scanner] 🔥 Stake Roulette: Nuevos -> [1]
[2026-05-05 08:22:54.155] [DEBUG   ] [bot.scanner] TG check: Stake Roulette Delays={'docena_1': 0, 'docena_2': 1, 'docena_3': 3, 'columna_1': 0, 'columna_2': 2, 'columna_3': 1}
[2026-05-05 08:22:55.216] [INFO    ] [bot.scanner] 🔥 German Roulette: Nuevos -> [1]
[2026-05-05 08:22:55.237] [DEBUG   ] [bot.scanner] TG check: German Roulette Delays={'docena_1': 0, 'docena_2': 1, 'docena_3': 12, 'columna_1': 0, 'columna_2': 4, 'columna_3': 1}
[2026-05-05 08:22:58.592] [INFO    ] [bot.scanner] 🔥 Ruleta Latina: Nuevos -> [21]
[2026-05-05 08:22:58.612] [DEBUG   ] [bot.scanner] TG check: Ruleta Latina Delays={'docena_1': 4, 'docena_2': 0, 'docena_3': 3, 'columna_1': 1, 'columna_2': 3, 'columna_3': 0}
[2026-05-05 08:23:00.961] [INFO    ] [bot.scanner] 🔥 Roulette 3: Nuevos -> [31]
[2026-05-05 08:23:00.980] [DEBUG   ] [bot.scanner] TG check: Roulette 3 Delays={'docena_1': 2, 'docena_2': 5, 'docena_3': 0, 'columna_1': 0, 'columna_2': 1, 'columna_3': 5}
[2026-05-05 08:23:03.099] [INFO    ] [bot.scanner] 🔥 Lucky 6 Roulette: Nuevos -> [15]
[2026-05-05 08:23:03.117] [DEBUG   ] [bot.scanner] TG check: Lucky 6 Roulette Delays={'docena_1': 2, 'docena_2': 0, 'docena_3': 1, 'columna_1': 8, 'columna_2': 1, 'columna_3': 0}
[2026-05-05 08:23:05.851] [INFO    ] [bot.scanner] 🔥 Romanian Roulette: Nuevos -> [14]
[2026-05-05 08:23:05.877] [DEBUG   ] [bot.scanner] TG check: Romanian Roulette Delays={'docena_1': 1, 'docena_2': 0, 'docena_3': 3, 'columna_1': 3, 'columna_2': 0, 'columna_3': 1}
[2026-05-05 08:23:09.755] [INFO    ] [bot.scanner] 🔥 Brazilian Roulette: Nuevos -> [15]
[2026-05-05 08:23:09.781] [DEBUG   ] [bot.scanner] TG check: Brazilian Roulette Delays={'docena_1': 2, 'docena_2': 0, 'docena_3': 1, 'columna_1': 4, 'columna_2': 3, 'columna_3': 0}
[2026-05-05 08:23:10.305] [INFO    ] [bot.scanner] 🔥 Roulette 1: Nuevos -> [5]
[2026-05-05 08:23:10.324] [DEBUG   ] [bot.scanner] TG check: Roulette 1 Delays={'docena_1': 0, 'docena_2': 2, 'docena_3': 1, 'columna_1': 2, 'columna_2': 0, 'columna_3': 1}
[2026-05-05 08:23:17.213] [INFO    ] [bot.scanner] 🔥 Roulette Italia Tricolore: Nuevos -> [6]
[2026-05-05 08:23:17.235] [DEBUG   ] [bot.scanner] TG check: Roulette Italia Tricolore Delays={'docena_1': 0, 'docena_2': 1, 'docena_3': 3, 'columna_1': 1, 'columna_2': 2, 'columna_3': 0}
[2026-05-05 08:23:18.017] [INFO    ] [bot.scanner] 🔥 Russian Roulette: Nuevos -> [6]
[2026-05-05 08:23:18.045] [DEBUG   ] [bot.scanner] TG check: Russian Roulette Delays={'docena_1': 0, 'docena_2': 4, 'docena_3': 1, 'columna_1': 2, 'columna_2': 3, 'columna_3': 0}
[2026-05-05 08:23:19.119] [INFO    ] [bot.scanner] 🔥 Dutch Roulette: Nuevos -> [28]
[2026-05-05 08:23:19.138] [DEBUG   ] [bot.scanner] TG check: Dutch Roulette Delays={'docena_1': 6, 'docena_2': 1, 'docena_3': 0, 'columna_1': 0, 'columna_2': 4, 'columna_3': 1}
[2026-05-05 08:23:20.879] [INFO    ] [bot.scanner] 🔥 Mega Roulette: Nuevos -> [25]
[2026-05-05 08:23:20.897] [DEBUG   ] [bot.scanner] TG check: Mega Roulette Delays={'docena_1': 1, 'docena_2': 2, 'docena_3': 0, 'columna_1': 0, 'columna_2': 1, 'columna_3': 3}
[2026-05-05 08:23:23.959] [INFO    ] [bot.scanner] 🔥 Roulette 2 Extra Time: Nuevos -> [33]
[2026-05-05 08:23:23.975] [DEBUG   ] [bot.scanner] TG check: Roulette 2 Extra Time Delays={'docena_1': 6, 'docena_2': 1, 'docena_3': 0, 'columna_1': 5, 'columna_2': 12, 'columna_3': 0}
[2026-05-05 08:23:25.576] [INFO    ] [bot.scanner] 🔥 Auto Roulette: Nuevos -> [4]
[2026-05-05 08:23:25.589] [DEBUG   ] [bot.scanner] TG check: Auto Roulette Delays={'docena_1': 0, 'docena_2': 8, 'docena_3': 1, 'columna_1': 0, 'columna_2': 2, 'columna_3': 3}
[2026-05-05 08:23:26.761] [INFO    ] [bot.scanner] 🔥 Turkish Roulette: Nuevos -> [6]
[2026-05-05 08:23:26.778] [DEBUG   ] [bot.scanner] TG check: Turkish Roulette Delays={'docena_1': 0, 'docena_2': 2, 'docena_3': 3, 'columna_1': 1, 'columna_2': 2, 'columna_3': 0}
[2026-05-05 08:23:27.316] [INFO    ] [bot.scanner] 🔥 German Roulette: Nuevos -> [18]
[2026-05-05 08:23:27.334] [DEBUG   ] [bot.scanner] TG check: German Roulette Delays={'docena_1': 1, 'docena_2': 0, 'docena_3': 13, 'columna_1': 1, 'columna_2': 5, 'columna_3': 0}
[2026-05-05 08:23:30.714] [INFO    ] [bot.scanner] 🔥 Ruleta Latina: Nuevos -> [27]
[2026-05-05 08:23:30.741] [DEBUG   ] [bot.scanner] TG check: Ruleta Latina Delays={'docena_1': 5, 'docena_2': 1, 'docena_3': 0, 'columna_1': 2, 'columna_2': 4, 'columna_3': 0}
[2026-05-05 08:23:33.415] [INFO    ] [bot.scanner] 🔥 Roulette Macao: Nuevos -> [22]
[2026-05-05 08:23:33.434] [DEBUG   ] [bot.scanner] TG check: Roulette Macao Delays={'docena_1': 1, 'docena_2': 0, 'docena_3': 2, 'columna_1': 0, 'columna_2': 3, 'columna_3': 1}
[2026-05-05 08:23:34.483] [INFO    ] [bot.scanner] 🔥 Brazilian Mega Roulette: Nuevos -> [13]
[2026-05-05 08:23:34.498] [DEBUG   ] [bot.scanner] TG check: Brazilian Mega Roulette Delays={'docena_1': 11, 'docena_2': 0, 'docena_3': 1, 'columna_1': 0, 'columna_2': 3, 'columna_3': 1}
[2026-05-05 08:23:36.883] [INFO    ] [bot.scanner] 🔥 Stake Roulette: Nuevos -> [19]
[2026-05-05 08:23:36.898] [DEBUG   ] [bot.scanner] TG check: Stake Roulette Delays={'docena_1': 1, 'docena_2': 0, 'docena_3': 4, 'columna_1': 0, 'columna_2': 3, 'columna_3': 2}
[2026-05-05 08:23:39.114] [INFO    ] [bot.scanner] 🔥 Romanian Roulette: Nuevos -> [31]
[2026-05-05 08:23:39.145] [DEBUG   ] [bot.scanner] TG check: Romanian Roulette Delays={'docena_1': 2, 'docena_2': 1, 'docena_3': 0, 'columna_1': 0, 'columna_2': 1, 'columna_3': 2}
[2026-05-05 08:23:43.875] [INFO    ] [bot.scanner] 🔥 Roulette 1: Nuevos -> [32]
[2026-05-05 08:23:43.892] [DEBUG   ] [bot.scanner] TG check: Roulette 1 Delays={'docena_1': 1, 'docena_2': 3, 'docena_3': 0, 'columna_1': 3, 'columna_2': 0, 'columna_3': 2}
[2026-05-05 08:23:44.447] [INFO    ] [bot.scanner] 🔥 Roulette 3: Nuevos -> [4]
[2026-05-05 08:23:44.466] [DEBUG   ] [bot.scanner] TG check: Roulette 3 Delays={'docena_1': 0, 'docena_2': 6, 'docena_3': 1, 'columna_1': 0, 'columna_2': 2, 'columna_3': 6}
[2026-05-05 08:23:46.641] [INFO    ] [bot.scanner] 🔥 Lucky 6 Roulette: Nuevos -> [23]
[2026-05-05 08:23:46.662] [DEBUG   ] [bot.scanner] TG check: Lucky 6 Roulette Delays={'docena_1': 3, 'docena_2': 0, 'docena_3': 2, 'columna_1': 9, 'columna_2': 0, 'columna_3': 1}
[2026-05-05 08:23:50.484] [INFO    ] [bot.scanner] 🔥 Russian Roulette: Nuevos -> [15]
[2026-05-05 08:23:50.503] [DEBUG   ] [bot.scanner] TG check: Russian Roulette Delays={'docena_1': 1, 'docena_2': 0, 'docena_3': 2, 'columna_1': 3, 'columna_2': 4, 'columna_3': 0}
[2026-05-05 08:23:51.036] [INFO    ] [bot.scanner] 🔥 Dutch Roulette: Nuevos -> [28]
[2026-05-05 08:23:51.055] [DEBUG   ] [bot.scanner] TG check: Dutch Roulette Delays={'docena_1': 7, 'docena_2': 2, 'docena_3': 0, 'columna_1': 0, 'columna_2': 5, 'columna_3': 2}
[2026-05-05 08:23:52.698] [INFO    ] [bot.scanner] 🔥 Mega Roulette: Nuevos -> [23]
[2026-05-05 08:23:52.713] [DEBUG   ] [bot.scanner] TG check: Mega Roulette Delays={'docena_1': 2, 'docena_2': 0, 'docena_3': 1, 'columna_1': 1, 'columna_2': 0, 'columna_3': 4}
[2026-05-05 08:23:53.260] [INFO    ] [bot.scanner] 🔥 Brazilian Roulette: Nuevos -> [14]
[2026-05-05 08:23:53.277] [DEBUG   ] [bot.scanner] TG check: Brazilian Roulette Delays={'docena_1': 3, 'docena_2': 0, 'docena_3': 2, 'columna_1': 5, 'columna_2': 0, 'columna_3': 1}
[2026-05-05 08:23:57.037] [INFO    ] [bot.scanner] 🔥 Auto Roulette: Nuevos -> [36]
[2026-05-05 08:23:57.055] [DEBUG   ] [bot.scanner] TG check: Auto Roulette Delays={'docena_1': 1, 'docena_2': 9, 'docena_3': 0, 'columna_1': 1, 'columna_2': 3, 'columna_3': 0}
[2026-05-05 08:23:59.779] [INFO    ] [bot.scanner] 🔥 Roulette Italia Tricolore: Nuevos -> [22]
[2026-05-05 08:23:59.797] [DEBUG   ] [bot.scanner] TG check: Roulette Italia Tricolore Delays={'docena_1': 1, 'docena_2': 0, 'docena_3': 4, 'columna_1': 0, 'columna_2': 3, 'columna_3': 1}
[2026-05-05 08:24:04.585] [INFO    ] [bot.scanner] 🔥 Roulette Macao: Nuevos -> [31]
[2026-05-05 08:24:04.617] [DEBUG   ] [bot.scanner] TG check: Roulette Macao Delays={'docena_1': 2, 'docena_2': 1, 'docena_3': 0, 'columna_1': 0, 'columna_2': 4, 'columna_3': 2}
[2026-05-05 08:24:05.158] [INFO    ] [bot.scanner] 🔥 Roulette 2 Extra Time: Nuevos -> [33]
[2026-05-05 08:24:05.176] [DEBUG   ] [bot.scanner] TG check: Roulette 2 Extra Time Delays={'docena_1': 7, 'docena_2': 2, 'docena_3': 0, 'columna_1': 6, 'columna_2': 13, 'columna_3': 0}
[2026-05-05 08:24:05.725] [INFO    ] [bot.scanner] 🔥 Brazilian Mega Roulette: Nuevos -> [12]
[2026-05-05 08:24:05.743] [DEBUG   ] [bot.scanner] TG check: Brazilian Mega Roulette Delays={'docena_1': 0, 'docena_2': 1, 'docena_3': 2, 'columna_1': 1, 'columna_2': 4, 'columna_3': 0}
[2026-05-05 08:24:07.878] [INFO    ] [bot.scanner] 🔥 Turkish Roulette: Nuevos -> [20]
[2026-05-05 08:24:07.891] [DEBUG   ] [bot.scanner] TG check: Turkish Roulette Delays={'docena_1': 1, 'docena_2': 0, 'docena_3': 4, 'columna_1': 2, 'columna_2': 0, 'columna_3': 1}
[2026-05-05 08:24:08.447] [INFO    ] [bot.scanner] 🔥 German Roulette: Nuevos -> [9]
[2026-05-05 08:24:08.461] [DEBUG   ] [bot.scanner] TG check: German Roulette Delays={'docena_1': 0, 'docena_2': 1, 'docena_3': 14, 'columna_1': 2, 'columna_2': 6, 'columna_3': 0}
[2026-05-05 08:24:11.661] [INFO    ] [bot.scanner] 🔥 Ruleta Latina: Nuevos -> [11]
[2026-05-05 08:24:11.675] [DEBUG   ] [bot.scanner] TG check: Ruleta Latina Delays={'docena_1': 0, 'docena_2': 2, 'docena_3': 1, 'columna_1': 3, 'columna_2': 0, 'columna_3': 1}
[2026-05-05 08:24:17.024] [INFO    ] [bot.scanner] 🔥 Stake Roulette: Nuevos -> [33]
[2026-05-05 08:24:17.045] [DEBUG   ] [bot.scanner] TG check: Stake Roulette Delays={'docena_1': 2, 'docena_2': 1, 'docena_3': 0, 'columna_1': 1, 'columna_2': 4, 'columna_3': 0}
[2026-05-05 08:24:18.680] [INFO    ] [bot.scanner] 🔥 Romanian Roulette: Nuevos -> [8]
[2026-05-05 08:24:18.701] [DEBUG   ] [bot.scanner] TG check: Romanian Roulette Delays={'docena_1': 0, 'docena_2': 2, 'docena_3': 1, 'columna_1': 1, 'columna_2': 0, 'columna_3': 3}
[2026-05-05 08:24:23.012] [INFO    ] [bot.scanner] 🔥 Roulette 1: Nuevos -> [3]
[2026-05-05 08:24:23.029] [DEBUG   ] [bot.scanner] TG check: Roulette 1 Delays={'docena_1': 0, 'docena_2': 4, 'docena_3': 1, 'columna_1': 4, 'columna_2': 1, 'columna_3': 0}
[2026-05-05 08:24:23.577] [INFO    ] [bot.scanner] 🔥 Roulette 3: Nuevos -> [16]
[2026-05-05 08:24:23.592] [DEBUG   ] [bot.scanner] TG check: Roulette 3 Delays={'docena_1': 1, 'docena_2': 0, 'docena_3': 2, 'columna_1': 0, 'columna_2': 3, 'columna_3': 7}
[2026-05-05 08:24:25.850] [INFO    ] [bot.scanner] 🔥 Lucky 6 Roulette: Nuevos -> [18]
[2026-05-05 08:24:27.637] [DEBUG   ] [bot.scanner] TG check: Lucky 6 Roulette Delays={'docena_1': 4, 'docena_2': 0, 'docena_3': 3, 'columna_1': 10, 'columna_2': 1, 'columna_3': 0}
[2026-05-05 08:24:30.909] [INFO    ] [bot.scanner] 🔥 Roulette Italia Tricolore: Nuevos -> [35]
[2026-05-05 08:24:30.926] [DEBUG   ] [bot.scanner] TG check: Roulette Italia Tricolore Delays={'docena_1': 2, 'docena_2': 1, 'docena_3': 0, 'columna_1': 1, 'columna_2': 0, 'columna_3': 2}
[2026-05-05 08:24:31.455] [INFO    ] [bot.scanner] 🔥 Russian Roulette: Nuevos -> [24]
[2026-05-05 08:24:31.472] [DEBUG   ] [bot.scanner] TG check: Russian Roulette Delays={'docena_1': 2, 'docena_2': 0, 'docena_3': 3, 'columna_1': 4, 'columna_2': 5, 'columna_3': 0}
[2026-05-05 08:24:32.000] [INFO    ] [bot.scanner] 🔥 Dutch Roulette: Nuevos -> [28]
[2026-05-05 08:24:32.015] [DEBUG   ] [bot.scanner] TG check: Dutch Roulette Delays={'docena_1': 8, 'docena_2': 3, 'docena_3': 0, 'columna_1': 0, 'columna_2': 6, 'columna_3': 3}
[2026-05-05 08:24:33.632] [INFO    ] [bot.scanner] 🔥 Mega Roulette: Nuevos -> [35]
[2026-05-05 08:24:33.652] [DEBUG   ] [bot.scanner] TG check: Mega Roulette Delays={'docena_1': 3, 'docena_2': 1, 'docena_3': 0, 'columna_1': 2, 'columna_2': 0, 'columna_3': 5}
[2026-05-05 08:24:34.196] [INFO    ] [bot.scanner] 🔥 Brazilian Roulette: Nuevos -> [34]
[2026-05-05 08:24:34.213] [DEBUG   ] [bot.scanner] TG check: Brazilian Roulette Delays={'docena_1': 4, 'docena_2': 1, 'docena_3': 0, 'columna_1': 0, 'columna_2': 1, 'columna_3': 2}
[2026-05-05 08:24:37.922] [INFO    ] [bot.scanner] 🔥 Auto Roulette: Nuevos -> [4]
[2026-05-05 08:24:39.216] [DEBUG   ] [bot.scanner] TG check: Auto Roulette Delays={'docena_1': 0, 'docena_2': 10, 'docena_3': 1, 'columna_1': 0, 'columna_2': 4, 'columna_3': 1}
[2026-05-05 08:24:44.173] [INFO    ] [bot.scanner] 🔥 Ruleta Latina: Nuevos -> [12]
[2026-05-05 08:24:44.191] [DEBUG   ] [bot.scanner] TG check: Ruleta Latina Delays={'docena_1': 0, 'docena_2': 3, 'docena_3': 2, 'columna_1': 4, 'columna_2': 1, 'columna_3': 0}
[2026-05-05 08:24:46.985] [INFO    ] [bot.scanner] 🔥 Roulette Macao: Nuevos -> [27]
[2026-05-05 08:24:46.999] [DEBUG   ] [bot.scanner] TG check: Roulette Macao Delays={'docena_1': 3, 'docena_2': 2, 'docena_3': 0, 'columna_1': 1, 'columna_2': 5, 'columna_3': 0}
[2026-05-05 08:24:47.548] [INFO    ] [bot.scanner] 🔥 Roulette 2 Extra Time: Nuevos -> [34]
[2026-05-05 08:24:47.565] [DEBUG   ] [bot.scanner] TG check: Roulette 2 Extra Time Delays={'docena_1': 8, 'docena_2': 3, 'docena_3': 0, 'columna_1': 0, 'columna_2': 14, 'columna_3': 1}
[2026-05-05 08:24:48.092] [INFO    ] [bot.scanner] 🔥 Brazilian Mega Roulette: Nuevos -> [22]
[2026-05-05 08:24:48.108] [DEBUG   ] [bot.scanner] TG check: Brazilian Mega Roulette Delays={'docena_1': 1, 'docena_2': 0, 'docena_3': 3, 'columna_1': 0, 'columna_2': 5, 'columna_3': 1}
[2026-05-05 08:24:49.700] [INFO    ] [bot.scanner] 🔥 Stake Roulette: Nuevos -> [31]
[2026-05-05 08:24:49.719] [DEBUG   ] [bot.scanner] TG check: Stake Roulette Delays={'docena_1': 3, 'docena_2': 2, 'docena_3': 0, 'columna_1': 0, 'columna_2': 5, 'columna_3': 1}
[2026-05-05 08:24:50.246] [INFO    ] [bot.scanner] 🔥 Turkish Roulette: Nuevos -> [6]
[2026-05-05 08:24:50.262] [DEBUG   ] [bot.scanner] TG check: Turkish Roulette Delays={'docena_1': 0, 'docena_2': 1, 'docena_3': 5, 'columna_1': 3, 'columna_2': 1, 'columna_3': 0}
[2026-05-05 08:24:51.390] [INFO    ] [bot.scanner] 🔥 Romanian Roulette: Nuevos -> [30]
[2026-05-05 08:24:51.407] [DEBUG   ] [bot.scanner] TG check: Romanian Roulette Delays={'docena_1': 1, 'docena_2': 3, 'docena_3': 0, 'columna_1': 2, 'columna_2': 1, 'columna_3': 0}
[2026-05-05 08:24:55.678] [INFO    ] [bot.scanner] 🔥 Roulette 1: Nuevos -> [16]
[2026-05-05 08:24:55.692] [DEBUG   ] [bot.scanner] TG check: Roulette 1 Delays={'docena_1': 1, 'docena_2': 0, 'docena_3': 2, 'columna_1': 0, 'columna_2': 2, 'columna_3': 1}
[2026-05-05 08:24:58.420] [INFO    ] [bot.scanner] 🔥 Lucky 6 Roulette: Nuevos -> [24]
[2026-05-05 08:24:58.437] [DEBUG   ] [bot.scanner] TG check: Lucky 6 Roulette Delays={'docena_1': 5, 'docena_2': 0, 'docena_3': 4, 'columna_1': 11, 'columna_2': 2, 'columna_3': 0}
[2026-05-05 08:25:00.580] [INFO    ] [bot.scanner] 🔥 German Roulette: Nuevos -> [14]
[2026-05-05 08:25:00.610] [DEBUG   ] [bot.scanner] TG check: German Roulette Delays={'docena_1': 1, 'docena_2': 0, 'docena_3': 15, 'columna_1': 3, 'columna_2': 0, 'columna_3': 1}
[2026-05-05 08:25:02.760] [INFO    ] [bot.scanner] 🔥 Dutch Roulette: Nuevos -> [2]
[2026-05-05 08:25:02.773] [DEBUG   ] [bot.scanner] TG check: Dutch Roulette Delays={'docena_1': 0, 'docena_2': 4, 'docena_3': 1, 'columna_1': 1, 'columna_2': 0, 'columna_3': 4}
[2026-05-05 08:25:05.985] [INFO    ] [bot.scanner] 🔥 Roulette 3: Nuevos -> [32]
[2026-05-05 08:25:06.005] [DEBUG   ] [bot.scanner] TG check: Roulette 3 Delays={'docena_1': 2, 'docena_2': 1, 'docena_3': 0, 'columna_1': 1, 'columna_2': 0, 'columna_3': 8}
[2026-05-05 08:25:11.454] [INFO    ] [bot.scanner] 🔥 Roulette Italia Tricolore: Nuevos -> [27]
[2026-05-05 08:25:11.473] [DEBUG   ] [bot.scanner] TG check: Roulette Italia Tricolore Delays={'docena_1': 3, 'docena_2': 2, 'docena_3': 0, 'columna_1': 2, 'columna_2': 1, 'columna_3': 0}
[2026-05-05 08:25:12.003] [INFO    ] [bot.scanner] 🔥 Russian Roulette: Nuevos -> [33]
[2026-05-05 08:25:12.019] [DEBUG   ] [bot.scanner] TG check: Russian Roulette Delays={'docena_1': 3, 'docena_2': 1, 'docena_3': 0, 'columna_1': 5, 'columna_2': 6, 'columna_3': 0}
[2026-05-05 08:25:14.109] [INFO    ] [bot.scanner] 🔥 Mega Roulette: Nuevos -> [32]
[2026-05-05 08:25:14.127] [DEBUG   ] [bot.scanner] TG check: Mega Roulette Delays={'docena_1': 4, 'docena_2': 2, 'docena_3': 0, 'columna_1': 3, 'columna_2': 0, 'columna_3': 6}
[2026-05-05 08:25:14.679] [INFO    ] [bot.scanner] 🔥 Brazilian Roulette: Nuevos -> [21]
[2026-05-05 08:25:14.697] [DEBUG   ] [bot.scanner] TG check: Brazilian Roulette Delays={'docena_1': 5, 'docena_2': 0, 'docena_3': 1, 'columna_1': 1, 'columna_2': 2, 'columna_3': 0}
[2026-05-05 08:25:18.510] [INFO    ] [bot.scanner] 🔥 Auto Roulette: Nuevos -> [8]
[2026-05-05 08:25:18.525] [DEBUG   ] [bot.scanner] TG check: Auto Roulette Delays={'docena_1': 0, 'docena_2': 11, 'docena_3': 2, 'columna_1': 1, 'columna_2': 0, 'columna_3': 2}
[2026-05-05 08:25:23.369] [INFO    ] [bot.scanner] 🔥 Ruleta Latina: Nuevos -> [34]
[2026-05-05 08:25:23.385] [DEBUG   ] [bot.scanner] TG check: Ruleta Latina Delays={'docena_1': 1, 'docena_2': 4, 'docena_3': 0, 'columna_1': 0, 'columna_2': 2, 'columna_3': 1}
[2026-05-05 08:25:26.115] [INFO    ] [bot.scanner] 🔥 Roulette Macao: Nuevos -> [25]
[2026-05-05 08:25:26.133] [DEBUG   ] [bot.scanner] TG check: Roulette Macao Delays={'docena_1': 4, 'docena_2': 3, 'docena_3': 0, 'columna_1': 0, 'columna_2': 6, 'columna_3': 1}
[2026-05-05 08:25:26.659] [INFO    ] [bot.scanner] 🔥 Roulette 2 Extra Time: Nuevos -> [5]
[2026-05-05 08:25:26.675] [DEBUG   ] [bot.scanner] TG check: Roulette 2 Extra Time Delays={'docena_1': 0, 'docena_2': 4, 'docena_3': 1, 'columna_1': 1, 'columna_2': 0, 'columna_3': 2}
[2026-05-05 08:25:27.198] [INFO    ] [bot.scanner] 🔥 Brazilian Mega Roulette: Nuevos -> [28]
[2026-05-05 08:25:27.214] [DEBUG   ] [bot.scanner] TG check: Brazilian Mega Roulette Delays={'docena_1': 2, 'docena_2': 1, 'docena_3': 0, 'columna_1': 0, 'columna_2': 6, 'columna_3': 2}
[2026-05-05 08:25:28.829] [INFO    ] [bot.scanner] 🔥 Stake Roulette: Nuevos -> [35]
[2026-05-05 08:25:28.848] [DEBUG   ] [bot.scanner] TG check: Stake Roulette Delays={'docena_1': 4, 'docena_2': 3, 'docena_3': 0, 'columna_1': 1, 'columna_2': 0, 'columna_3': 2}
[2026-05-05 08:25:29.401] [INFO    ] [bot.scanner] 🔥 Turkish Roulette: Nuevos -> [32]
[2026-05-05 08:25:29.414] [DEBUG   ] [bot.scanner] TG check: Turkish Roulette Delays={'docena_1': 1, 'docena_2': 2, 'docena_3': 0, 'columna_1': 4, 'columna_2': 0, 'columna_3': 1}
[2026-05-05 08:25:30.459] [INFO    ] [bot.scanner] 🔥 Romanian Roulette: Nuevos -> [13]
[2026-05-05 08:25:30.472] [DEBUG   ] [bot.scanner] TG check: Romanian Roulette Delays={'docena_1': 2, 'docena_2': 0, 'docena_3': 1, 'columna_1': 0, 'columna_2': 2, 'columna_3': 1}
[2026-05-05 08:25:32.082] [INFO    ] [bot.scanner] 🔥 Dutch Roulette: Nuevos -> [25]
[2026-05-05 08:25:32.097] [DEBUG   ] [bot.scanner] TG check: Dutch Roulette Delays={'docena_1': 1, 'docena_2': 5, 'docena_3': 0, 'columna_1': 0, 'columna_2': 1, 'columna_3': 5}
[2026-05-05 08:25:34.792] [INFO    ] [bot.scanner] 🔥 Roulette 1: Nuevos -> [16]
[2026-05-05 08:25:34.806] [DEBUG   ] [bot.scanner] TG check: Roulette 1 Delays={'docena_1': 2, 'docena_2': 0, 'docena_3': 3, 'columna_1': 0, 'columna_2': 3, 'columna_3': 2}
[2026-05-05 08:25:37.516] [INFO    ] [bot.scanner] 🔥 Lucky 6 Roulette: Nuevos -> [29]
[2026-05-05 08:25:37.534] [DEBUG   ] [bot.scanner] TG check: Lucky 6 Roulette Delays={'docena_1': 6, 'docena_2': 1, 'docena_3': 0, 'columna_1': 12, 'columna_2': 0, 'columna_3': 1}
[2026-05-05 08:25:39.676] [INFO    ] [bot.scanner] 🔥 German Roulette: Nuevos -> [33]
[2026-05-05 08:25:39.696] [DEBUG   ] [bot.scanner] TG check: German Roulette Delays={'docena_1': 2, 'docena_2': 1, 'docena_3': 0, 'columna_1': 4, 'columna_2': 1, 'columna_3': 0}
[2026-05-05 08:25:41.346] [INFO    ] [bot.scanner] 🔥 Russian Roulette: Nuevos -> [18]
[2026-05-05 08:25:41.364] [DEBUG   ] [bot.scanner] TG check: Russian Roulette Delays={'docena_1': 4, 'docena_2': 0, 'docena_3': 1, 'columna_1': 6, 'columna_2': 7, 'columna_3': 0}
[2026-05-05 08:25:44.011] [INFO    ] [bot.scanner] 🔥 Brazilian Roulette: Nuevos -> [21]
[2026-05-05 08:25:44.027] [DEBUG   ] [bot.scanner] TG check: Brazilian Roulette Delays={'docena_1': 6, 'docena_2': 0, 'docena_3': 2, 'columna_1': 2, 'columna_2': 3, 'columna_3': 0}
[2026-05-05 08:25:45.143] [INFO    ] [bot.scanner] 🔥 Roulette 3: Nuevos -> [23]
[2026-05-05 08:25:45.167] [DEBUG   ] [bot.scanner] TG check: Roulette 3 Delays={'docena_1': 3, 'docena_2': 0, 'docena_3': 1, 'columna_1': 2, 'columna_2': 0, 'columna_3': 9}
[2026-05-05 08:25:50.479] [INFO    ] [bot.scanner] 🔥 Roulette Italia Tricolore: Nuevos -> [23]
[2026-05-05 08:25:50.498] [DEBUG   ] [bot.scanner] TG check: Roulette Italia Tricolore Delays={'docena_1': 4, 'docena_2': 0, 'docena_3': 1, 'columna_1': 3, 'columna_2': 0, 'columna_3': 1}
[2026-05-05 08:25:53.127] [INFO    ] [bot.scanner] 🔥 Mega Roulette: Nuevos -> [15]
[2026-05-05 08:25:53.152] [DEBUG   ] [bot.scanner] TG check: Mega Roulette Delays={'docena_1': 5, 'docena_2': 0, 'docena_3': 1, 'columna_1': 4, 'columna_2': 1, 'columna_3': 0}
[2026-05-05 08:25:57.450] [INFO    ] [bot.scanner] 🔥 Auto Roulette: Nuevos -> [6]
[2026-05-05 08:25:57.466] [DEBUG   ] [bot.scanner] TG check: Auto Roulette Delays={'docena_1': 0, 'docena_2': 12, 'docena_3': 3, 'columna_1': 2, 'columna_2': 1, 'columna_3': 0}
[2026-05-05 08:26:01.742] [DEBUG   ] [bot.iframe]    ⏳ Esperando iframe principal (max 15s)...
[2026-05-05 08:26:01.807] [INFO    ] [bot.iframe]    ✅ Cambio a iframe #0 (class='game')
[2026-05-05 08:26:01.807] [DEBUG   ] [bot.iframe]    ⏳ Esperando iframe anidado o elementos del juego (max 15s)...
[2026-05-05 08:26:01.844] [INFO    ] [bot.iframe]    ✅ Elementos del juego encontrados en el iframe principal. No requiere anidado.
[2026-05-05 08:26:02.383] [INFO    ] [bot.scanner] 🔥 Ruleta Latina: Nuevos -> [0]
[2026-05-05 08:26:02.403] [DEBUG   ] [bot.scanner] TG check: Ruleta Latina Delays={'docena_1': 2, 'docena_2': 5, 'docena_3': 1, 'columna_1': 1, 'columna_2': 3, 'columna_3': 2}
[2026-05-05 08:26:05.081] [INFO    ] [bot.scanner] 🔥 Roulette Macao: Nuevos -> [29]
[2026-05-05 08:26:05.101] [DEBUG   ] [bot.scanner] TG check: Roulette Macao Delays={'docena_1': 5, 'docena_2': 4, 'docena_3': 0, 'columna_1': 1, 'columna_2': 0, 'columna_3': 2}
[2026-05-05 08:26:06.208] [INFO    ] [bot.scanner] 🔥 Brazilian Mega Roulette: Nuevos -> [36]
[2026-05-05 08:26:06.227] [DEBUG   ] [bot.scanner] TG check: Brazilian Mega Roulette Delays={'docena_1': 3, 'docena_2': 2, 'docena_3': 0, 'columna_1': 1, 'columna_2': 7, 'columna_3': 0}
[2026-05-05 08:26:07.829] [INFO    ] [bot.scanner] 🔥 Stake Roulette: Nuevos -> [25]
[2026-05-05 08:26:07.843] [DEBUG   ] [bot.scanner] TG check: Stake Roulette Delays={'docena_1': 5, 'docena_2': 4, 'docena_3': 0, 'columna_1': 0, 'columna_2': 1, 'columna_3': 3}
[2026-05-05 08:26:08.368] [INFO    ] [bot.scanner] 🔥 Turkish Roulette: Nuevos -> [7]
[2026-05-05 08:26:08.383] [DEBUG   ] [bot.scanner] TG check: Turkish Roulette Delays={'docena_1': 0, 'docena_2': 3, 'docena_3': 1, 'columna_1': 0, 'columna_2': 1, 'columna_3': 2}
[2026-05-05 08:26:09.432] [INFO    ] [bot.scanner] 🔥 Romanian Roulette: Nuevos -> [9]
[2026-05-05 08:26:09.446] [DEBUG   ] [bot.scanner] TG check: Romanian Roulette Delays={'docena_1': 0, 'docena_2': 1, 'docena_3': 2, 'columna_1': 1, 'columna_2': 3, 'columna_3': 0}
[2026-05-05 08:26:11.205] [INFO    ] [bot.scanner] 🔥 Dutch Roulette: Nuevos -> [14]
[2026-05-05 08:26:11.222] [DEBUG   ] [bot.scanner] TG check: Dutch Roulette Delays={'docena_1': 2, 'docena_2': 0, 'docena_3': 1, 'columna_1': 1, 'columna_2': 0, 'columna_3': 6}
[2026-05-05 08:26:11.222] [DEBUG   ] [bot.scanner] 💓 Heartbeat: ciclo 60, tiles OK en último escaneo: 17
[2026-05-05 08:26:13.849] [INFO    ] [bot.scanner] 🔥 Roulette 1: Nuevos -> [32]
[2026-05-05 08:26:13.863] [DEBUG   ] [bot.scanner] TG check: Roulette 1 Delays={'docena_1': 3, 'docena_2': 1, 'docena_3': 0, 'columna_1': 1, 'columna_2': 0, 'columna_3': 3}
[2026-05-05 08:26:15.469] [INFO    ] [bot.scanner] 🔥 Roulette 2 Extra Time: Nuevos -> [1]
[2026-05-05 08:26:15.486] [DEBUG   ] [bot.scanner] TG check: Roulette 2 Extra Time Delays={'docena_1': 0, 'docena_2': 5, 'docena_3': 2, 'columna_1': 0, 'columna_2': 1, 'columna_3': 3}
[2026-05-05 08:26:18.671] [INFO    ] [bot.scanner] 🔥 German Roulette: Nuevos -> [10]
[2026-05-05 08:26:18.688] [DEBUG   ] [bot.scanner] TG check: German Roulette Delays={'docena_1': 0, 'docena_2': 2, 'docena_3': 1, 'columna_1': 0, 'columna_2': 2, 'columna_3': 1}
[2026-05-05 08:26:20.263] [INFO    ] [bot.scanner] 🔥 Russian Roulette: Nuevos -> [16]
[2026-05-05 08:26:20.279] [DEBUG   ] [bot.scanner] TG check: Russian Roulette Delays={'docena_1': 5, 'docena_2': 0, 'docena_3': 2, 'columna_1': 0, 'columna_2': 8, 'columna_3': 1}
[2026-05-05 08:26:24.037] [INFO    ] [bot.scanner] 🔥 Roulette 3: Nuevos -> [22]
[2026-05-05 08:26:26.021] [DEBUG   ] [bot.scanner] TG check: Roulette 3 Delays={'docena_1': 4, 'docena_2': 0, 'docena_3': 2, 'columna_1': 0, 'columna_2': 1, 'columna_3': 10}
[2026-05-05 08:26:28.171] [INFO    ] [bot.scanner] 🔥 Lucky 6 Roulette: Nuevos -> [2]
[2026-05-05 08:26:28.185] [DEBUG   ] [bot.scanner] TG check: Lucky 6 Roulette Delays={'docena_1': 0, 'docena_2': 2, 'docena_3': 1, 'columna_1': 13, 'columna_2': 0, 'columna_3': 2}
[2026-05-05 08:26:28.726] [INFO    ] [bot.scanner] 🔥 Auto Roulette: Nuevos -> [24]
[2026-05-05 08:26:28.749] [DEBUG   ] [bot.scanner] TG check: Auto Roulette Delays={'docena_1': 1, 'docena_2': 0, 'docena_3': 4, 'columna_1': 3, 'columna_2': 2, 'columna_3': 0}
[2026-05-05 08:26:31.513] [INFO    ] [bot.scanner] 🔥 Roulette Italia Tricolore: Nuevos -> [1]
[2026-05-05 08:26:31.527] [DEBUG   ] [bot.scanner] TG check: Roulette Italia Tricolore Delays={'docena_1': 0, 'docena_2': 1, 'docena_3': 2, 'columna_1': 0, 'columna_2': 1, 'columna_3': 2}
[2026-05-05 08:26:34.763] [INFO    ] [bot.scanner] 🔥 Brazilian Roulette: Nuevos -> [0]
[2026-05-05 08:26:34.779] [DEBUG   ] [bot.scanner] TG check: Brazilian Roulette Delays={'docena_1': 7, 'docena_2': 1, 'docena_3': 3, 'columna_1': 3, 'columna_2': 4, 'columna_3': 1}
[2026-05-05 08:26:40.868] [INFO    ] [bot.scanner] 🔥 Romanian Roulette: Nuevos -> [21]
[2026-05-05 08:26:40.884] [DEBUG   ] [bot.scanner] TG check: Romanian Roulette Delays={'docena_1': 1, 'docena_2': 0, 'docena_3': 3, 'columna_1': 2, 'columna_2': 4, 'columna_3': 0}
[2026-05-05 08:26:42.545] [INFO    ] [bot.scanner] 🔥 Dutch Roulette: Nuevos -> [34]
[2026-05-05 08:26:42.564] [DEBUG   ] [bot.scanner] TG check: Dutch Roulette Delays={'docena_1': 3, 'docena_2': 1, 'docena_3': 0, 'columna_1': 0, 'columna_2': 1, 'columna_3': 7}
[2026-05-05 08:26:43.605] [INFO    ] [bot.scanner] 🔥 Ruleta Latina: Nuevos -> [27]
[2026-05-05 08:26:43.622] [DEBUG   ] [bot.scanner] TG check: Ruleta Latina Delays={'docena_1': 3, 'docena_2': 6, 'docena_3': 0, 'columna_1': 2, 'columna_2': 4, 'columna_3': 0}
[2026-05-05 08:26:44.146] [INFO    ] [bot.scanner] 🔥 Mega Roulette: Nuevos -> [7]
[2026-05-05 08:26:44.160] [DEBUG   ] [bot.scanner] TG check: Mega Roulette Delays={'docena_1': 0, 'docena_2': 1, 'docena_3': 2, 'columna_1': 0, 'columna_2': 2, 'columna_3': 1}
[2026-05-05 08:26:46.304] [INFO    ] [bot.scanner] 🔥 Roulette Macao: Nuevos -> [5]
[2026-05-05 08:26:46.326] [DEBUG   ] [bot.scanner] TG check: Roulette Macao Delays={'docena_1': 0, 'docena_2': 5, 'docena_3': 1, 'columna_1': 2, 'columna_2': 0, 'columna_3': 3}
[2026-05-05 08:26:47.409] [INFO    ] [bot.scanner] 🔥 Brazilian Mega Roulette: Nuevos -> [31]
[2026-05-05 08:26:47.424] [DEBUG   ] [bot.scanner] TG check: Brazilian Mega Roulette Delays={'docena_1': 4, 'docena_2': 3, 'docena_3': 0, 'columna_1': 0, 'columna_2': 8, 'columna_3': 1}
[2026-05-05 08:26:49.049] [INFO    ] [bot.scanner] 🔥 Stake Roulette: Nuevos -> [31]
[2026-05-05 08:26:49.068] [DEBUG   ] [bot.scanner] TG check: Stake Roulette Delays={'docena_1': 6, 'docena_2': 5, 'docena_3': 0, 'columna_1': 0, 'columna_2': 2, 'columna_3': 4}
[2026-05-05 08:26:49.591] [INFO    ] [bot.scanner] 🔥 Turkish Roulette: Nuevos -> [36]
[2026-05-05 08:26:49.609] [DEBUG   ] [bot.scanner] TG check: Turkish Roulette Delays={'docena_1': 1, 'docena_2': 4, 'docena_3': 0, 'columna_1': 1, 'columna_2': 2, 'columna_3': 0}
[2026-05-05 08:26:54.920] [INFO    ] [bot.scanner] 🔥 Roulette 1: Nuevos -> [12]
[2026-05-05 08:26:54.937] [DEBUG   ] [bot.scanner] TG check: Roulette 1 Delays={'docena_1': 0, 'docena_2': 2, 'docena_3': 1, 'columna_1': 2, 'columna_2': 1, 'columna_3': 0}
[2026-05-05 08:26:56.527] [INFO    ] [bot.scanner] 🔥 Roulette 2 Extra Time: Nuevos -> [8]
[2026-05-05 08:26:56.546] [DEBUG   ] [bot.scanner] TG check: Roulette 2 Extra Time Delays={'docena_1': 0, 'docena_2': 6, 'docena_3': 3, 'columna_1': 1, 'columna_2': 0, 'columna_3': 4}
[2026-05-05 08:26:57.656] [INFO    ] [bot.scanner] 🔥 Lucky 6 Roulette: Nuevos -> [20]
[2026-05-05 08:26:57.669] [DEBUG   ] [bot.scanner] TG check: Lucky 6 Roulette Delays={'docena_1': 1, 'docena_2': 0, 'docena_3': 2, 'columna_1': 14, 'columna_2': 0, 'columna_3': 3}
[2026-05-05 08:27:00.154] [INFO    ] [bot.scanner] 🔥 German Roulette: Nuevos -> [11]
[2026-05-05 08:27:00.177] [DEBUG   ] [bot.scanner] TG check: German Roulette Delays={'docena_1': 0, 'docena_2': 3, 'docena_3': 2, 'columna_1': 1, 'columna_2': 0, 'columna_3': 2}
[2026-05-05 08:27:01.259] [INFO    ] [bot.scanner] 🔥 Roulette Italia Tricolore: Nuevos -> [27]
[2026-05-05 08:27:01.277] [DEBUG   ] [bot.scanner] TG check: Roulette Italia Tricolore Delays={'docena_1': 1, 'docena_2': 2, 'docena_3': 0, 'columna_1': 1, 'columna_2': 2, 'columna_3': 0}
[2026-05-05 08:27:04.562] [INFO    ] [bot.scanner] 🔥 Brazilian Roulette: Nuevos -> [33]
[2026-05-05 08:27:04.578] [DEBUG   ] [bot.scanner] TG check: Brazilian Roulette Delays={'docena_1': 8, 'docena_2': 2, 'docena_3': 0, 'columna_1': 4, 'columna_2': 5, 'columna_3': 0}
[2026-05-05 08:27:05.628] [INFO    ] [bot.scanner] 🔥 Roulette 3: Nuevos -> [33]
[2026-05-05 08:27:05.643] [DEBUG   ] [bot.scanner] TG check: Roulette 3 Delays={'docena_1': 5, 'docena_2': 1, 'docena_3': 0, 'columna_1': 1, 'columna_2': 2, 'columna_3': 0}
[2026-05-05 08:27:08.380] [INFO    ] [bot.scanner] 🔥 Auto Roulette: Nuevos -> [31]
[2026-05-05 08:27:08.397] [DEBUG   ] [bot.scanner] TG check: Auto Roulette Delays={'docena_1': 2, 'docena_2': 1, 'docena_3': 0, 'columna_1': 0, 'columna_2': 3, 'columna_3': 1}
[2026-05-05 08:27:20.323] [INFO    ] [bot.scanner] 🔥 Romanian Roulette: Nuevos -> [30]
[2026-05-05 08:27:20.345] [DEBUG   ] [bot.scanner] TG check: Romanian Roulette Delays={'docena_1': 2, 'docena_2': 1, 'docena_3': 0, 'columna_1': 3, 'columna_2': 5, 'columna_3': 0}
[2026-05-05 08:27:21.997] [INFO    ] [bot.scanner] 🔥 Dutch Roulette: Nuevos -> [11]
[2026-05-05 08:27:22.011] [DEBUG   ] [bot.scanner] TG check: Dutch Roulette Delays={'docena_1': 0, 'docena_2': 2, 'docena_3': 1, 'columna_1': 1, 'columna_2': 0, 'columna_3': 8}
[2026-05-05 08:27:23.045] [INFO    ] [bot.scanner] 🔥 Ruleta Latina: Nuevos -> [35]
[2026-05-05 08:27:23.059] [DEBUG   ] [bot.scanner] TG check: Ruleta Latina Delays={'docena_1': 4, 'docena_2': 7, 'docena_3': 0, 'columna_1': 3, 'columna_2': 0, 'columna_3': 1}
[2026-05-05 08:27:23.598] [INFO    ] [bot.scanner] 🔥 Mega Roulette: Nuevos -> [16]
[2026-05-05 08:27:23.616] [DEBUG   ] [bot.scanner] TG check: Mega Roulette Delays={'docena_1': 1, 'docena_2': 0, 'docena_3': 3, 'columna_1': 0, 'columna_2': 3, 'columna_3': 2}
[2026-05-05 08:27:25.792] [INFO    ] [bot.scanner] 🔥 Roulette Macao: Nuevos -> [6]
[2026-05-05 08:27:25.807] [DEBUG   ] [bot.scanner] TG check: Roulette Macao Delays={'docena_1': 0, 'docena_2': 6, 'docena_3': 2, 'columna_1': 3, 'columna_2': 1, 'columna_3': 0}
[2026-05-05 08:27:26.919] [INFO    ] [bot.scanner] 🔥 Brazilian Mega Roulette: Nuevos -> [6]
[2026-05-05 08:27:26.949] [DEBUG   ] [bot.scanner] TG check: Brazilian Mega Roulette Delays={'docena_1': 0, 'docena_2': 4, 'docena_3': 1, 'columna_1': 1, 'columna_2': 9, 'columna_3': 0}
[2026-05-05 08:27:28.684] [INFO    ] [bot.scanner] 🔥 Stake Roulette: Nuevos -> [23]
[2026-05-05 08:27:28.707] [DEBUG   ] [bot.scanner] TG check: Stake Roulette Delays={'docena_1': 7, 'docena_2': 0, 'docena_3': 1, 'columna_1': 1, 'columna_2': 0, 'columna_3': 5}
[2026-05-05 08:27:29.236] [INFO    ] [bot.scanner] 🔥 Turkish Roulette: Nuevos -> [6]
[2026-05-05 08:27:29.255] [DEBUG   ] [bot.scanner] TG check: Turkish Roulette Delays={'docena_1': 0, 'docena_2': 5, 'docena_3': 1, 'columna_1': 2, 'columna_2': 3, 'columna_3': 0}
[2026-05-05 08:27:34.728] [INFO    ] [bot.scanner] 🔥 Roulette 1: Nuevos -> [4]
[2026-05-05 08:27:34.746] [DEBUG   ] [bot.scanner] TG check: Roulette 1 Delays={'docena_1': 0, 'docena_2': 3, 'docena_3': 2, 'columna_1': 0, 'columna_2': 2, 'columna_3': 1}
[2026-05-05 08:27:37.581] [INFO    ] [bot.scanner] 🔥 Lucky 6 Roulette: Nuevos -> [24]
[2026-05-05 08:27:37.600] [DEBUG   ] [bot.scanner] TG check: Lucky 6 Roulette Delays={'docena_1': 2, 'docena_2': 0, 'docena_3': 3, 'columna_1': 15, 'columna_2': 1, 'columna_3': 0}
[2026-05-05 08:27:39.812] [INFO    ] [bot.scanner] 🔥 German Roulette: Nuevos -> [27]
[2026-05-05 08:27:39.828] [DEBUG   ] [bot.scanner] TG check: German Roulette Delays={'docena_1': 1, 'docena_2': 4, 'docena_3': 0, 'columna_1': 2, 'columna_2': 1, 'columna_3': 0}
[2026-05-05 08:27:40.914] [INFO    ] [bot.scanner] 🔥 Roulette Italia Tricolore: Nuevos -> [9]
[2026-05-05 08:27:40.929] [DEBUG   ] [bot.scanner] TG check: Roulette Italia Tricolore Delays={'docena_1': 0, 'docena_2': 3, 'docena_3': 1, 'columna_1': 2, 'columna_2': 3, 'columna_3': 0}
[2026-05-05 08:27:44.149] [INFO    ] [bot.scanner] 🔥 Brazilian Roulette: Nuevos -> [8]
[2026-05-05 08:27:44.165] [DEBUG   ] [bot.scanner] TG check: Brazilian Roulette Delays={'docena_1': 0, 'docena_2': 3, 'docena_3': 1, 'columna_1': 5, 'columna_2': 0, 'columna_3': 1}
[2026-05-05 08:27:45.238] [INFO    ] [bot.scanner] 🔥 Roulette 3: Nuevos -> [29]
[2026-05-05 08:27:45.256] [DEBUG   ] [bot.scanner] TG check: Roulette 3 Delays={'docena_1': 6, 'docena_2': 2, 'docena_3': 0, 'columna_1': 2, 'columna_2': 0, 'columna_3': 1}
[2026-05-05 08:27:46.340] [INFO    ] [bot.scanner] 🔥 Roulette 2 Extra Time: Nuevos -> [17]
[2026-05-05 08:27:46.365] [DEBUG   ] [bot.scanner] TG check: Roulette 2 Extra Time Delays={'docena_1': 1, 'docena_2': 0, 'docena_3': 4, 'columna_1': 2, 'columna_2': 0, 'columna_3': 5}
[2026-05-05 08:27:47.977] [INFO    ] [bot.scanner] 🔥 Auto Roulette: Nuevos -> [7]
[2026-05-05 08:27:47.995] [DEBUG   ] [bot.scanner] TG check: Auto Roulette Delays={'docena_1': 0, 'docena_2': 2, 'docena_3': 1, 'columna_1': 0, 'columna_2': 4, 'columna_3': 2}
[2026-05-05 08:27:59.747] [INFO    ] [bot.scanner] 🔥 Romanian Roulette: Nuevos -> [30]
[2026-05-05 08:27:59.770] [DEBUG   ] [bot.scanner] TG check: Romanian Roulette Delays={'docena_1': 3, 'docena_2': 2, 'docena_3': 0, 'columna_1': 4, 'columna_2': 6, 'columna_3': 0}
[2026-05-05 08:28:00.857] [INFO    ] [bot.scanner] 🔥 Russian Roulette: Nuevos -> [17]
[2026-05-05 08:28:00.878] [DEBUG   ] [bot.scanner] TG check: Russian Roulette Delays={'docena_1': 6, 'docena_2': 0, 'docena_3': 3, 'columna_1': 1, 'columna_2': 0, 'columna_3': 2}
[2026-05-05 08:28:01.461] [INFO    ] [bot.scanner] 🔥 Dutch Roulette: Nuevos -> [11]
[2026-05-05 08:28:01.474] [DEBUG   ] [bot.scanner] TG check: Dutch Roulette Delays={'docena_1': 0, 'docena_2': 3, 'docena_3': 2, 'columna_1': 2, 'columna_2': 0, 'columna_3': 9}
[2026-05-05 08:28:02.576] [INFO    ] [bot.scanner] 🔥 Ruleta Latina: Nuevos -> [24]
[2026-05-05 08:28:02.596] [DEBUG   ] [bot.scanner] TG check: Ruleta Latina Delays={'docena_1': 5, 'docena_2': 0, 'docena_3': 1, 'columna_1': 4, 'columna_2': 1, 'columna_3': 0}
[2026-05-05 08:28:03.135] [INFO    ] [bot.scanner] 🔥 Mega Roulette: Nuevos -> [25]
[2026-05-05 08:28:03.174] [DEBUG   ] [bot.scanner] TG check: Mega Roulette Delays={'docena_1': 2, 'docena_2': 1, 'docena_3': 0, 'columna_1': 0, 'columna_2': 4, 'columna_3': 3}
[2026-05-05 08:28:05.301] [INFO    ] [bot.scanner] 🔥 Roulette Macao: Nuevos -> [17]
[2026-05-05 08:28:05.325] [DEBUG   ] [bot.scanner] TG check: Roulette Macao Delays={'docena_1': 1, 'docena_2': 0, 'docena_3': 3, 'columna_1': 4, 'columna_2': 0, 'columna_3': 1}
[2026-05-05 08:28:06.376] [INFO    ] [bot.scanner] 🔥 Brazilian Mega Roulette: Nuevos -> [6]
[2026-05-05 08:28:08.188] [DEBUG   ] [bot.scanner] TG check: Brazilian Mega Roulette Delays={'docena_1': 0, 'docena_2': 5, 'docena_3': 2, 'columna_1': 2, 'columna_2': 10, 'columna_3': 0}
[2026-05-05 08:28:09.782] [INFO    ] [bot.scanner] 🔥 Stake Roulette: Nuevos -> [5]
[2026-05-05 08:28:09.799] [DEBUG   ] [bot.scanner] TG check: Stake Roulette Delays={'docena_1': 0, 'docena_2': 1, 'docena_3': 2, 'columna_1': 2, 'columna_2': 0, 'columna_3': 6}
[2026-05-05 08:28:10.338] [INFO    ] [bot.scanner] 🔥 Turkish Roulette: Nuevos -> [8]
[2026-05-05 08:28:10.359] [DEBUG   ] [bot.scanner] TG check: Turkish Roulette Delays={'docena_1': 0, 'docena_2': 6, 'docena_3': 2, 'columna_1': 3, 'columna_2': 0, 'columna_3': 1}
[2026-05-05 08:28:15.766] [INFO    ] [bot.scanner] 🔥 Roulette 1: Nuevos -> [25]
[2026-05-05 08:28:15.786] [DEBUG   ] [bot.scanner] TG check: Roulette 1 Delays={'docena_1': 1, 'docena_2': 4, 'docena_3': 0, 'columna_1': 0, 'columna_2': 3, 'columna_3': 2}
[2026-05-05 08:28:18.886] [INFO    ] [bot.scanner] 🔥 Lucky 6 Roulette: Nuevos -> [21]
[2026-05-05 08:28:18.917] [DEBUG   ] [bot.scanner] TG check: Lucky 6 Roulette Delays={'docena_1': 3, 'docena_2': 0, 'docena_3': 4, 'columna_1': 16, 'columna_2': 2, 'columna_3': 0}
[2026-05-05 08:28:21.104] [INFO    ] [bot.scanner] 🔥 German Roulette: Nuevos -> [30]
[2026-05-05 08:28:21.122] [DEBUG   ] [bot.scanner] TG check: German Roulette Delays={'docena_1': 2, 'docena_2': 5, 'docena_3': 0, 'columna_1': 3, 'columna_2': 2, 'columna_3': 0}
[2026-05-05 08:28:22.200] [INFO    ] [bot.scanner] 🔥 Roulette Italia Tricolore: Nuevos -> [21]
[2026-05-05 08:28:22.223] [DEBUG   ] [bot.scanner] TG check: Roulette Italia Tricolore Delays={'docena_1': 1, 'docena_2': 0, 'docena_3': 2, 'columna_1': 3, 'columna_2': 4, 'columna_3': 0}
[2026-05-05 08:28:25.430] [INFO    ] [bot.scanner] 🔥 Brazilian Roulette: Nuevos -> [15]
[2026-05-05 08:28:25.449] [DEBUG   ] [bot.scanner] TG check: Brazilian Roulette Delays={'docena_1': 1, 'docena_2': 0, 'docena_3': 2, 'columna_1': 6, 'columna_2': 1, 'columna_3': 0}
[2026-05-05 08:28:26.554] [INFO    ] [bot.scanner] 🔥 Roulette 3: Nuevos -> [3]
[2026-05-05 08:28:26.574] [DEBUG   ] [bot.scanner] TG check: Roulette 3 Delays={'docena_1': 0, 'docena_2': 3, 'docena_3': 1, 'columna_1': 3, 'columna_2': 1, 'columna_3': 0}
[2026-05-05 08:28:27.694] [INFO    ] [bot.scanner] 🔥 Roulette 2 Extra Time: Nuevos -> [3]
[2026-05-05 08:28:27.708] [DEBUG   ] [bot.scanner] TG check: Roulette 2 Extra Time Delays={'docena_1': 0, 'docena_2': 1, 'docena_3': 5, 'columna_1': 3, 'columna_2': 1, 'columna_3': 0}
[2026-05-05 08:28:29.321] [INFO    ] [bot.scanner] 🔥 Auto Roulette: Nuevos -> [34]
[2026-05-05 08:28:29.336] [DEBUG   ] [bot.scanner] TG check: Auto Roulette Delays={'docena_1': 1, 'docena_2': 3, 'docena_3': 0, 'columna_1': 0, 'columna_2': 5, 'columna_3': 3}
[2026-05-05 08:28:31.475] [INFO    ] [bot.scanner] 🔥 Romanian Roulette: Nuevos -> [13]
[2026-05-05 08:28:31.491] [DEBUG   ] [bot.scanner] TG check: Romanian Roulette Delays={'docena_1': 4, 'docena_2': 0, 'docena_3': 1, 'columna_1': 0, 'columna_2': 7, 'columna_3': 1}
[2026-05-05 08:28:33.205] [INFO    ] [bot.scanner] 🔥 Dutch Roulette: Nuevos -> [28]
[2026-05-05 08:28:34.660] [DEBUG   ] [bot.scanner] TG check: Dutch Roulette Delays={'docena_1': 1, 'docena_2': 4, 'docena_3': 0, 'columna_1': 0, 'columna_2': 1, 'columna_3': 10}
[2026-05-05 08:28:35.714] [INFO    ] [bot.scanner] 🔥 Ruleta Latina: Nuevos -> [34]
[2026-05-05 08:28:35.736] [DEBUG   ] [bot.scanner] TG check: Ruleta Latina Delays={'docena_1': 6, 'docena_2': 1, 'docena_3': 0, 'columna_1': 0, 'columna_2': 2, 'columna_3': 1}
[2026-05-05 08:28:41.231] [INFO    ] [bot.scanner] 🔥 Stake Roulette: Nuevos -> [28]
[2026-05-05 08:28:41.248] [DEBUG   ] [bot.scanner] TG check: Stake Roulette Delays={'docena_1': 1, 'docena_2': 2, 'docena_3': 0, 'columna_1': 0, 'columna_2': 1, 'columna_3': 7}
[2026-05-05 08:28:41.848] [INFO    ] [bot.scanner] 🔥 Turkish Roulette: Nuevos -> [12]
[2026-05-05 08:28:41.871] [DEBUG   ] [bot.scanner] TG check: Turkish Roulette Delays={'docena_1': 0, 'docena_2': 7, 'docena_3': 3, 'columna_1': 4, 'columna_2': 1, 'columna_3': 0}
[2026-05-05 08:28:44.063] [INFO    ] [bot.scanner] 🔥 Russian Roulette: Nuevos -> [19]
[2026-05-05 08:28:44.078] [DEBUG   ] [bot.scanner] TG check: Russian Roulette Delays={'docena_1': 7, 'docena_2': 0, 'docena_3': 4, 'columna_1': 0, 'columna_2': 1, 'columna_3': 3}
[2026-05-05 08:28:46.258] [INFO    ] [bot.scanner] 🔥 Mega Roulette: Nuevos -> [34]
[2026-05-05 08:28:46.277] [DEBUG   ] [bot.scanner] TG check: Mega Roulette Delays={'docena_1': 3, 'docena_2': 2, 'docena_3': 0, 'columna_1': 0, 'columna_2': 5, 'columna_3': 4}
[2026-05-05 08:28:48.504] [INFO    ] [bot.scanner] 🔥 Roulette Macao: Nuevos -> [7]
[2026-05-05 08:28:48.519] [DEBUG   ] [bot.scanner] TG check: Roulette Macao Delays={'docena_1': 0, 'docena_2': 1, 'docena_3': 4, 'columna_1': 0, 'columna_2': 1, 'columna_3': 2}
[2026-05-05 08:28:49.570] [INFO    ] [bot.scanner] 🔥 Brazilian Mega Roulette: Nuevos -> [26]
[2026-05-05 08:28:49.589] [DEBUG   ] [bot.scanner] TG check: Brazilian Mega Roulette Delays={'docena_1': 1, 'docena_2': 6, 'docena_3': 0, 'columna_1': 3, 'columna_2': 0, 'columna_3': 1}
[2026-05-05 08:28:53.290] [INFO    ] [bot.scanner] 🔥 Roulette Italia Tricolore: Nuevos -> [7]
[2026-05-05 08:28:53.307] [DEBUG   ] [bot.scanner] TG check: Roulette Italia Tricolore Delays={'docena_1': 0, 'docena_2': 1, 'docena_3': 3, 'columna_1': 0, 'columna_2': 5, 'columna_3': 1}
[2026-05-05 08:28:57.039] [INFO    ] [bot.scanner] 🔥 Roulette 1: Nuevos -> [29]
[2026-05-05 08:28:57.055] [DEBUG   ] [bot.scanner] TG check: Roulette 1 Delays={'docena_1': 2, 'docena_2': 5, 'docena_3': 0, 'columna_1': 1, 'columna_2': 0, 'columna_3': 3}
[2026-05-05 08:28:59.729] [INFO    ] [bot.scanner] 🔥 Lucky 6 Roulette: Nuevos -> [14]
[2026-05-05 08:28:59.749] [DEBUG   ] [bot.scanner] TG check: Lucky 6 Roulette Delays={'docena_1': 4, 'docena_2': 0, 'docena_3': 5, 'columna_1': 17, 'columna_2': 0, 'columna_3': 1}
[2026-05-05 08:29:01.880] [INFO    ] [bot.scanner] 🔥 German Roulette: Nuevos -> [12]
[2026-05-05 08:29:01.895] [DEBUG   ] [bot.scanner] TG check: German Roulette Delays={'docena_1': 0, 'docena_2': 6, 'docena_3': 1, 'columna_1': 4, 'columna_2': 3, 'columna_3': 0}
[2026-05-05 08:29:04.080] [INFO    ] [bot.scanner] 🔥 Dutch Roulette: Nuevos -> [3]
[2026-05-05 08:29:04.101] [DEBUG   ] [bot.scanner] TG check: Dutch Roulette Delays={'docena_1': 0, 'docena_2': 5, 'docena_3': 1, 'columna_1': 1, 'columna_2': 2, 'columna_3': 0}
[2026-05-05 08:29:06.245] [INFO    ] [bot.scanner] 🔥 Brazilian Roulette: Nuevos -> [1]
[2026-05-05 08:29:06.262] [DEBUG   ] [bot.scanner] TG check: Brazilian Roulette Delays={'docena_1': 0, 'docena_2': 1, 'docena_3': 3, 'columna_1': 0, 'columna_2': 2, 'columna_3': 1}
[2026-05-05 08:29:07.349] [INFO    ] [bot.scanner] 🔥 Roulette 3: Nuevos -> [3]
[2026-05-05 08:29:07.373] [DEBUG   ] [bot.scanner] TG check: Roulette 3 Delays={'docena_1': 0, 'docena_2': 4, 'docena_3': 2, 'columna_1': 4, 'columna_2': 2, 'columna_3': 0}
[2026-05-05 08:29:10.075] [INFO    ] [bot.scanner] 🔥 Auto Roulette: Nuevos -> [26]
[2026-05-05 08:29:10.091] [DEBUG   ] [bot.scanner] TG check: Auto Roulette Delays={'docena_1': 2, 'docena_2': 4, 'docena_3': 0, 'columna_1': 1, 'columna_2': 0, 'columna_3': 4}
[2026-05-05 08:29:12.225] [INFO    ] [bot.scanner] 🔥 Romanian Roulette: Nuevos -> [36]
[2026-05-05 08:29:12.243] [DEBUG   ] [bot.scanner] TG check: Romanian Roulette Delays={'docena_1': 5, 'docena_2': 1, 'docena_3': 0, 'columna_1': 1, 'columna_2': 8, 'columna_3': 0}
[2026-05-05 08:29:14.917] [INFO    ] [bot.scanner] 🔥 Ruleta Latina: Nuevos -> [22]
[2026-05-05 08:29:14.940] [DEBUG   ] [bot.scanner] TG check: Ruleta Latina Delays={'docena_1': 7, 'docena_2': 0, 'docena_3': 1, 'columna_1': 0, 'columna_2': 3, 'columna_3': 2}
[2026-05-05 08:29:18.345] [INFO    ] [bot.scanner] 🔥 Roulette 2 Extra Time: Nuevos -> [6]
[2026-05-05 08:29:18.370] [DEBUG   ] [bot.scanner] TG check: Roulette 2 Extra Time Delays={'docena_1': 0, 'docena_2': 2, 'docena_3': 6, 'columna_1': 4, 'columna_2': 2, 'columna_3': 0}
[2026-05-05 08:29:20.658] [INFO    ] [bot.scanner] 🔥 Stake Roulette: Nuevos -> [7]
[2026-05-05 08:29:20.680] [DEBUG   ] [bot.scanner] TG check: Stake Roulette Delays={'docena_1': 0, 'docena_2': 3, 'docena_3': 1, 'columna_1': 0, 'columna_2': 2, 'columna_3': 8}
[2026-05-05 08:29:21.205] [INFO    ] [bot.scanner] 🔥 Turkish Roulette: Nuevos -> [12]
[2026-05-05 08:29:21.219] [DEBUG   ] [bot.scanner] TG check: Turkish Roulette Delays={'docena_1': 0, 'docena_2': 8, 'docena_3': 4, 'columna_1': 5, 'columna_2': 2, 'columna_3': 0}
[2026-05-05 08:29:23.370] [INFO    ] [bot.scanner] 🔥 Russian Roulette: Nuevos -> [6]
[2026-05-05 08:29:23.387] [DEBUG   ] [bot.scanner] TG check: Russian Roulette Delays={'docena_1': 0, 'docena_2': 1, 'docena_3': 5, 'columna_1': 1, 'columna_2': 2, 'columna_3': 0}
[2026-05-05 08:29:25.688] [INFO    ] [bot.scanner] 🔥 Mega Roulette: Nuevos -> [4]
[2026-05-05 08:29:25.708] [DEBUG   ] [bot.scanner] TG check: Mega Roulette Delays={'docena_1': 0, 'docena_2': 3, 'docena_3': 1, 'columna_1': 0, 'columna_2': 6, 'columna_3': 5}
[2026-05-05 08:29:26.772] [INFO    ] [bot.scanner] 🔥 Roulette 1: Nuevos -> [12]
[2026-05-05 08:29:26.789] [DEBUG   ] [bot.scanner] TG check: Roulette 1 Delays={'docena_1': 0, 'docena_2': 6, 'docena_3': 1, 'columna_1': 2, 'columna_2': 1, 'columna_3': 0}
[2026-05-05 08:29:27.884] [INFO    ] [bot.scanner] 🔥 Roulette Macao: Nuevos -> [10]
[2026-05-05 08:29:27.903] [DEBUG   ] [bot.scanner] TG check: Roulette Macao Delays={'docena_1': 0, 'docena_2': 2, 'docena_3': 5, 'columna_1': 0, 'columna_2': 2, 'columna_3': 3}
[2026-05-05 08:29:28.980] [INFO    ] [bot.scanner] 🔥 Brazilian Mega Roulette: Nuevos -> [26]
[2026-05-05 08:29:28.996] [DEBUG   ] [bot.scanner] TG check: Brazilian Mega Roulette Delays={'docena_1': 2, 'docena_2': 7, 'docena_3': 0, 'columna_1': 4, 'columna_2': 0, 'columna_3': 2}
[2026-05-05 08:29:32.914] [INFO    ] [bot.scanner] 🔥 Roulette Italia Tricolore: Nuevos -> [2]
[2026-05-05 08:29:32.934] [DEBUG   ] [bot.scanner] TG check: Roulette Italia Tricolore Delays={'docena_1': 0, 'docena_2': 2, 'docena_3': 4, 'columna_1': 1, 'columna_2': 0, 'columna_3': 2}
[2026-05-05 08:29:39.464] [INFO    ] [bot.scanner] 🔥 Lucky 6 Roulette: Nuevos -> [28]
[2026-05-05 08:29:39.479] [DEBUG   ] [bot.scanner] TG check: Lucky 6 Roulette Delays={'docena_1': 5, 'docena_2': 1, 'docena_3': 0, 'columna_1': 0, 'columna_2': 1, 'columna_3': 2}
[2026-05-05 08:29:41.590] [INFO    ] [bot.scanner] 🔥 German Roulette: Nuevos -> [6]
[2026-05-05 08:29:41.608] [DEBUG   ] [bot.scanner] TG check: German Roulette Delays={'docena_1': 0, 'docena_2': 7, 'docena_3': 2, 'columna_1': 5, 'columna_2': 4, 'columna_3': 0}
[2026-05-05 08:29:42.176] [INFO    ] [bot.scanner] 🔥 Romanian Roulette: Nuevos -> [29]
[2026-05-05 08:29:42.198] [DEBUG   ] [bot.scanner] TG check: Romanian Roulette Delays={'docena_1': 6, 'docena_2': 2, 'docena_3': 0, 'columna_1': 2, 'columna_2': 0, 'columna_3': 1}
[2026-05-05 08:29:43.924] [INFO    ] [bot.scanner] 🔥 Dutch Roulette: Nuevos -> [27]
[2026-05-05 08:29:43.944] [DEBUG   ] [bot.scanner] TG check: Dutch Roulette Delays={'docena_1': 1, 'docena_2': 6, 'docena_3': 0, 'columna_1': 2, 'columna_2': 3, 'columna_3': 0}
[2026-05-05 08:29:44.985] [INFO    ] [bot.scanner] 🔥 Ruleta Latina: Nuevos -> [16]
[2026-05-05 08:29:45.001] [DEBUG   ] [bot.scanner] TG check: Ruleta Latina Delays={'docena_1': 8, 'docena_2': 0, 'docena_3': 2, 'columna_1': 0, 'columna_2': 4, 'columna_3': 3}
[2026-05-05 08:29:46.070] [INFO    ] [bot.scanner] 🔥 Brazilian Roulette: Nuevos -> [28]
[2026-05-05 08:29:46.088] [DEBUG   ] [bot.scanner] TG check: Brazilian Roulette Delays={'docena_1': 1, 'docena_2': 2, 'docena_3': 0, 'columna_1': 0, 'columna_2': 3, 'columna_3': 2}
[2026-05-05 08:29:47.183] [INFO    ] [bot.scanner] 🔥 Roulette 3: Nuevos -> [27]
[2026-05-05 08:29:47.199] [DEBUG   ] [bot.scanner] TG check: Roulette 3 Delays={'docena_1': 1, 'docena_2': 5, 'docena_3': 0, 'columna_1': 5, 'columna_2': 3, 'columna_3': 0}
[2026-05-05 08:29:49.888] [INFO    ] [bot.scanner] 🔥 Auto Roulette: Nuevos -> [31]
[2026-05-05 08:29:49.902] [DEBUG   ] [bot.scanner] TG check: Auto Roulette Delays={'docena_1': 3, 'docena_2': 5, 'docena_3': 0, 'columna_1': 0, 'columna_2': 1, 'columna_3': 5}
[2026-05-05 08:29:58.209] [INFO    ] [bot.scanner] 🔥 Roulette 2 Extra Time: Nuevos -> [35]
[2026-05-05 08:29:58.229] [DEBUG   ] [bot.scanner] TG check: Roulette 2 Extra Time Delays={'docena_1': 1, 'docena_2': 3, 'docena_3': 0, 'columna_1': 5, 'columna_2': 0, 'columna_3': 1}
[2026-05-05 08:30:00.396] [INFO    ] [bot.scanner] 🔥 Stake Roulette: Nuevos -> [7]
[2026-05-05 08:30:00.425] [DEBUG   ] [bot.scanner] TG check: Stake Roulette Delays={'docena_1': 0, 'docena_2': 4, 'docena_3': 2, 'columna_1': 0, 'columna_2': 3, 'columna_3': 9}
[2026-05-05 08:30:00.955] [INFO    ] [bot.scanner] 🔥 Turkish Roulette: Nuevos -> [6]
[2026-05-05 08:30:00.971] [DEBUG   ] [bot.scanner] TG check: Turkish Roulette Delays={'docena_1': 0, 'docena_2': 9, 'docena_3': 5, 'columna_1': 6, 'columna_2': 3, 'columna_3': 0}
[2026-05-05 08:30:03.124] [INFO    ] [bot.scanner] 🔥 Russian Roulette: Nuevos -> [10]
[2026-05-05 08:30:03.141] [DEBUG   ] [bot.scanner] TG check: Russian Roulette Delays={'docena_1': 0, 'docena_2': 2, 'docena_3': 6, 'columna_1': 0, 'columna_2': 3, 'columna_3': 1}
[2026-05-05 08:30:06.363] [INFO    ] [bot.scanner] 🔥 Roulette 1: Nuevos -> [2]
[2026-05-05 08:30:06.389] [DEBUG   ] [bot.scanner] TG check: Roulette 1 Delays={'docena_1': 0, 'docena_2': 7, 'docena_3': 2, 'columna_1': 3, 'columna_2': 0, 'columna_3': 1}
[2026-05-05 08:30:07.512] [INFO    ] [bot.scanner] 🔥 Roulette Macao: Nuevos -> [21]
[2026-05-05 08:30:07.526] [DEBUG   ] [bot.scanner] TG check: Roulette Macao Delays={'docena_1': 1, 'docena_2': 0, 'docena_3': 6, 'columna_1': 1, 'columna_2': 3, 'columna_3': 0}
[2026-05-05 08:30:08.581] [INFO    ] [bot.scanner] 🔥 Brazilian Mega Roulette: Nuevos -> [31]
[2026-05-05 08:30:08.598] [DEBUG   ] [bot.scanner] TG check: Brazilian Mega Roulette Delays={'docena_1': 3, 'docena_2': 8, 'docena_3': 0, 'columna_1': 0, 'columna_2': 1, 'columna_3': 3}
[2026-05-05 08:30:12.456] [INFO    ] [bot.scanner] 🔥 Roulette Italia Tricolore: Nuevos -> [4]
[2026-05-05 08:30:12.470] [DEBUG   ] [bot.scanner] TG check: Roulette Italia Tricolore Delays={'docena_1': 0, 'docena_2': 3, 'docena_3': 5, 'columna_1': 0, 'columna_2': 1, 'columna_3': 3}
[2026-05-05 08:30:13.547] [INFO    ] [bot.scanner] 🔥 Dutch Roulette: Nuevos -> [8]
[2026-05-05 08:30:13.562] [DEBUG   ] [bot.scanner] TG check: Dutch Roulette Delays={'docena_1': 0, 'docena_2': 7, 'docena_3': 1, 'columna_1': 3, 'columna_2': 0, 'columna_3': 1}
[2026-05-05 08:30:15.124] [INFO    ] [bot.scanner] 🔥 Mega Roulette: Nuevos -> [32]
[2026-05-05 08:30:15.146] [DEBUG   ] [bot.scanner] TG check: Mega Roulette Delays={'docena_1': 1, 'docena_2': 4, 'docena_3': 0, 'columna_1': 1, 'columna_2': 0, 'columna_3': 6}
[2026-05-05 08:30:19.073] [INFO    ] [bot.scanner] 🔥 Lucky 6 Roulette: Nuevos -> [17]
[2026-05-05 08:30:19.091] [DEBUG   ] [bot.scanner] TG check: Lucky 6 Roulette Delays={'docena_1': 6, 'docena_2': 0, 'docena_3': 1, 'columna_1': 1, 'columna_2': 0, 'columna_3': 3}
[2026-05-05 08:30:21.222] [INFO    ] [bot.scanner] 🔥 German Roulette: Nuevos -> [36]
[2026-05-05 08:30:21.239] [DEBUG   ] [bot.scanner] TG check: German Roulette Delays={'docena_1': 1, 'docena_2': 8, 'docena_3': 0, 'columna_1': 6, 'columna_2': 5, 'columna_3': 0}
[2026-05-05 08:30:21.770] [INFO    ] [bot.scanner] 🔥 Romanian Roulette: Nuevos -> [35]
[2026-05-05 08:30:21.788] [DEBUG   ] [bot.scanner] TG check: Romanian Roulette Delays={'docena_1': 7, 'docena_2': 3, 'docena_3': 0, 'columna_1': 3, 'columna_2': 0, 'columna_3': 2}
[2026-05-05 08:30:24.507] [INFO    ] [bot.scanner] 🔥 Ruleta Latina: Nuevos -> [11]
[2026-05-05 08:30:24.521] [DEBUG   ] [bot.scanner] TG check: Ruleta Latina Delays={'docena_1': 0, 'docena_2': 1, 'docena_3': 3, 'columna_1': 1, 'columna_2': 0, 'columna_3': 4}
[2026-05-05 08:30:25.591] [INFO    ] [bot.scanner] 🔥 Brazilian Roulette: Nuevos -> [0]
[2026-05-05 08:30:25.620] [DEBUG   ] [bot.scanner] TG check: Brazilian Roulette Delays={'docena_1': 2, 'docena_2': 3, 'docena_3': 1, 'columna_1': 1, 'columna_2': 4, 'columna_3': 3}
[2026-05-05 08:30:26.707] [INFO    ] [bot.scanner] 🔥 Roulette 3: Nuevos -> [9]
[2026-05-05 08:30:26.733] [DEBUG   ] [bot.scanner] TG check: Roulette 3 Delays={'docena_1': 0, 'docena_2': 6, 'docena_3': 1, 'columna_1': 6, 'columna_2': 4, 'columna_3': 0}
[2026-05-05 08:30:29.541] [INFO    ] [bot.scanner] 🔥 Auto Roulette: Nuevos -> [13]
[2026-05-05 08:30:29.563] [DEBUG   ] [bot.scanner] TG check: Auto Roulette Delays={'docena_1': 4, 'docena_2': 0, 'docena_3': 1, 'columna_1': 0, 'columna_2': 2, 'columna_3': 6}
[2026-05-05 08:30:40.082] [INFO    ] [bot.scanner] 🔥 Stake Roulette: Nuevos -> [5]
[2026-05-05 08:30:41.481] [DEBUG   ] [bot.scanner] TG check: Stake Roulette Delays={'docena_1': 0, 'docena_2': 5, 'docena_3': 3, 'columna_1': 1, 'columna_2': 0, 'columna_3': 10}
[2026-05-05 08:30:42.041] [INFO    ] [bot.scanner] 🔥 Turkish Roulette: Nuevos -> [15]
[2026-05-05 08:30:42.057] [DEBUG   ] [bot.scanner] TG check: Turkish Roulette Delays={'docena_1': 1, 'docena_2': 0, 'docena_3': 6, 'columna_1': 7, 'columna_2': 4, 'columna_3': 0}
[2026-05-05 08:30:43.742] [INFO    ] [bot.scanner] 🔥 Roulette Italia Tricolore: Nuevos -> [2]
[2026-05-05 08:30:43.764] [DEBUG   ] [bot.scanner] TG check: Roulette Italia Tricolore Delays={'docena_1': 0, 'docena_2': 4, 'docena_3': 6, 'columna_1': 1, 'columna_2': 0, 'columna_3': 4}
[2026-05-05 08:30:44.306] [INFO    ] [bot.scanner] 🔥 Russian Roulette: Nuevos -> [22]
[2026-05-05 08:30:44.324] [DEBUG   ] [bot.scanner] TG check: Russian Roulette Delays={'docena_1': 1, 'docena_2': 0, 'docena_3': 7, 'columna_1': 0, 'columna_2': 4, 'columna_3': 2}
[2026-05-05 08:30:44.894] [INFO    ] [bot.scanner] 🔥 Dutch Roulette: Nuevos -> [20]
[2026-05-05 08:30:44.917] [DEBUG   ] [bot.scanner] TG check: Dutch Roulette Delays={'docena_1': 1, 'docena_2': 0, 'docena_3': 2, 'columna_1': 4, 'columna_2': 0, 'columna_3': 2}
[2026-05-05 08:30:47.621] [INFO    ] [bot.scanner] 🔥 Roulette 1: Nuevos -> [3]
[2026-05-05 08:30:47.636] [DEBUG   ] [bot.scanner] TG check: Roulette 1 Delays={'docena_1': 0, 'docena_2': 8, 'docena_3': 3, 'columna_1': 4, 'columna_2': 1, 'columna_3': 0}
[2026-05-05 08:30:48.743] [INFO    ] [bot.scanner] 🔥 Roulette Macao: Nuevos -> [4]
[2026-05-05 08:30:48.772] [DEBUG   ] [bot.scanner] TG check: Roulette Macao Delays={'docena_1': 0, 'docena_2': 1, 'docena_3': 7, 'columna_1': 0, 'columna_2': 4, 'columna_3': 1}
[2026-05-05 08:30:49.365] [INFO    ] [bot.scanner] 🔥 Roulette 2 Extra Time: Nuevos -> [23]
[2026-05-05 08:30:49.397] [DEBUG   ] [bot.scanner] TG check: Roulette 2 Extra Time Delays={'docena_1': 2, 'docena_2': 0, 'docena_3': 1, 'columna_1': 6, 'columna_2': 0, 'columna_3': 2}
[2026-05-05 08:30:49.933] [INFO    ] [bot.scanner] 🔥 Brazilian Mega Roulette: Nuevos -> [24]
[2026-05-05 08:30:49.952] [DEBUG   ] [bot.scanner] TG check: Brazilian Mega Roulette Delays={'docena_1': 4, 'docena_2': 0, 'docena_3': 1, 'columna_1': 1, 'columna_2': 2, 'columna_3': 0}
[2026-05-05 08:30:53.233] [INFO    ] [bot.scanner] 🔥 Romanian Roulette: Nuevos -> [1]
[2026-05-05 08:30:53.252] [DEBUG   ] [bot.scanner] TG check: Romanian Roulette Delays={'docena_1': 0, 'docena_2': 4, 'docena_3': 1, 'columna_1': 0, 'columna_2': 1, 'columna_3': 3}
[2026-05-05 08:30:56.480] [INFO    ] [bot.scanner] 🔥 Mega Roulette: Nuevos -> [30]
[2026-05-05 08:30:56.505] [DEBUG   ] [bot.scanner] TG check: Mega Roulette Delays={'docena_1': 2, 'docena_2': 5, 'docena_3': 0, 'columna_1': 2, 'columna_2': 1, 'columna_3': 0}
[2026-05-05 08:31:00.321] [INFO    ] [bot.scanner] 🔥 Lucky 6 Roulette: Nuevos -> [25]
[2026-05-05 08:31:00.350] [DEBUG   ] [bot.scanner] TG check: Lucky 6 Roulette Delays={'docena_1': 7, 'docena_2': 1, 'docena_3': 0, 'columna_1': 0, 'columna_2': 1, 'columna_3': 4}
[2026-05-05 08:31:02.532] [INFO    ] [bot.scanner] 🔥 German Roulette: Nuevos -> [11]
[2026-05-05 08:31:02.555] [DEBUG   ] [bot.scanner] TG check: German Roulette Delays={'docena_1': 0, 'docena_2': 9, 'docena_3': 1, 'columna_1': 7, 'columna_2': 0, 'columna_3': 1}
[2026-05-05 08:31:05.322] [DEBUG   ] [bot.iframe]    ⏳ Esperando iframe principal (max 15s)...
[2026-05-05 08:31:05.395] [INFO    ] [bot.iframe]    ✅ Cambio a iframe #0 (class='game')
[2026-05-05 08:31:05.396] [DEBUG   ] [bot.iframe]    ⏳ Esperando iframe anidado o elementos del juego (max 15s)...
[2026-05-05 08:31:05.415] [INFO    ] [bot.iframe]    ✅ Elementos del juego encontrados en el iframe principal. No requiere anidado.
[2026-05-05 08:31:05.945] [INFO    ] [bot.scanner] 🔥 Ruleta Latina: Nuevos -> [10]
[2026-05-05 08:31:05.968] [DEBUG   ] [bot.scanner] TG check: Ruleta Latina Delays={'docena_1': 0, 'docena_2': 2, 'docena_3': 4, 'columna_1': 0, 'columna_2': 1, 'columna_3': 5}
[2026-05-05 08:31:07.096] [INFO    ] [bot.scanner] 🔥 Brazilian Roulette: Nuevos -> [3]
[2026-05-05 08:31:07.115] [DEBUG   ] [bot.scanner] TG check: Brazilian Roulette Delays={'docena_1': 0, 'docena_2': 4, 'docena_3': 2, 'columna_1': 2, 'columna_2': 5, 'columna_3': 0}
[2026-05-05 08:31:08.213] [INFO    ] [bot.scanner] 🔥 Roulette 3: Nuevos -> [36]
[2026-05-05 08:31:08.235] [DEBUG   ] [bot.scanner] TG check: Roulette 3 Delays={'docena_1': 1, 'docena_2': 7, 'docena_3': 0, 'columna_1': 7, 'columna_2': 5, 'columna_3': 0}
[2026-05-05 08:31:10.938] [INFO    ] [bot.scanner] 🔥 Auto Roulette: Nuevos -> [34]
[2026-05-05 08:31:10.956] [DEBUG   ] [bot.scanner] TG check: Auto Roulette Delays={'docena_1': 5, 'docena_2': 1, 'docena_3': 0, 'columna_1': 0, 'columna_2': 3, 'columna_3': 7}
[2026-05-05 08:31:19.264] [INFO    ] [bot.scanner] 🔥 Roulette 2 Extra Time: Nuevos -> [2]
[2026-05-05 08:31:19.285] [DEBUG   ] [bot.scanner] TG check: Roulette 2 Extra Time Delays={'docena_1': 0, 'docena_2': 1, 'docena_3': 2, 'columna_1': 7, 'columna_2': 0, 'columna_3': 3}
[2026-05-05 08:31:21.517] [INFO    ] [bot.scanner] 🔥 Stake Roulette: Nuevos -> [20]
[2026-05-05 08:31:21.533] [DEBUG   ] [bot.scanner] TG check: Stake Roulette Delays={'docena_1': 1, 'docena_2': 0, 'docena_3': 4, 'columna_1': 2, 'columna_2': 0, 'columna_3': 11}
[2026-05-05 08:31:22.063] [INFO    ] [bot.scanner] 🔥 Turkish Roulette: Nuevos -> [26]
[2026-05-05 08:31:22.083] [DEBUG   ] [bot.scanner] TG check: Turkish Roulette Delays={'docena_1': 2, 'docena_2': 1, 'docena_3': 0, 'columna_1': 8, 'columna_2': 0, 'columna_3': 1}
[2026-05-05 08:31:23.700] [INFO    ] [bot.scanner] 🔥 Roulette Italia Tricolore: Nuevos -> [21]
[2026-05-05 08:31:23.719] [DEBUG   ] [bot.scanner] TG check: Roulette Italia Tricolore Delays={'docena_1': 1, 'docena_2': 0, 'docena_3': 7, 'columna_1': 2, 'columna_2': 1, 'columna_3': 0}
[2026-05-05 08:31:24.243] [INFO    ] [bot.scanner] 🔥 Russian Roulette: Nuevos -> [27]
[2026-05-05 08:31:24.264] [DEBUG   ] [bot.scanner] TG check: Russian Roulette Delays={'docena_1': 2, 'docena_2': 1, 'docena_3': 0, 'columna_1': 1, 'columna_2': 5, 'columna_3': 0}
[2026-05-05 08:31:24.794] [INFO    ] [bot.scanner] 🔥 Dutch Roulette: Nuevos -> [11]
[2026-05-05 08:31:24.812] [DEBUG   ] [bot.scanner] TG check: Dutch Roulette Delays={'docena_1': 0, 'docena_2': 1, 'docena_3': 3, 'columna_1': 5, 'columna_2': 0, 'columna_3': 3}
[2026-05-05 08:31:27.484] [INFO    ] [bot.scanner] 🔥 Roulette 1: Nuevos -> [13]
[2026-05-05 08:31:27.516] [DEBUG   ] [bot.scanner] TG check: Roulette 1 Delays={'docena_1': 1, 'docena_2': 0, 'docena_3': 4, 'columna_1': 0, 'columna_2': 2, 'columna_3': 1}
[2026-05-05 08:31:28.639] [INFO    ] [bot.scanner] 🔥 Roulette Macao: Nuevos -> [1]
[2026-05-05 08:31:28.653] [DEBUG   ] [bot.scanner] TG check: Roulette Macao Delays={'docena_1': 0, 'docena_2': 2, 'docena_3': 8, 'columna_1': 0, 'columna_2': 5, 'columna_3': 2}
[2026-05-05 08:31:29.729] [INFO    ] [bot.scanner] 🔥 Brazilian Mega Roulette: Nuevos -> [18]
[2026-05-05 08:31:29.749] [DEBUG   ] [bot.scanner] TG check: Brazilian Mega Roulette Delays={'docena_1': 5, 'docena_2': 0, 'docena_3': 2, 'columna_1': 2, 'columna_2': 3, 'columna_3': 0}
[2026-05-05 08:31:33.067] [INFO    ] [bot.scanner] 🔥 Romanian Roulette: Nuevos -> [2]
[2026-05-05 08:31:33.086] [DEBUG   ] [bot.scanner] TG check: Romanian Roulette Delays={'docena_1': 0, 'docena_2': 5, 'docena_3': 2, 'columna_1': 1, 'columna_2': 0, 'columna_3': 4}
[2026-05-05 08:31:36.319] [INFO    ] [bot.scanner] 🔥 Mega Roulette: Nuevos -> [2]
[2026-05-05 08:31:36.336] [DEBUG   ] [bot.scanner] TG check: Mega Roulette Delays={'docena_1': 0, 'docena_2': 6, 'docena_3': 1, 'columna_1': 3, 'columna_2': 0, 'columna_3': 1}
[2026-05-05 08:31:40.168] [INFO    ] [bot.scanner] 🔥 Lucky 6 Roulette: Nuevos -> [33]
[2026-05-05 08:31:40.187] [DEBUG   ] [bot.scanner] TG check: Lucky 6 Roulette Delays={'docena_1': 8, 'docena_2': 2, 'docena_3': 0, 'columna_1': 1, 'columna_2': 2, 'columna_3': 0}
[2026-05-05 08:31:42.369] [INFO    ] [bot.scanner] 🔥 German Roulette: Nuevos -> [25]
[2026-05-05 08:31:43.798] [DEBUG   ] [bot.scanner] TG check: German Roulette Delays={'docena_1': 1, 'docena_2': 10, 'docena_3': 0, 'columna_1': 0, 'columna_2': 1, 'columna_3': 2}
[2026-05-05 08:31:47.119] [INFO    ] [bot.scanner] 🔥 Ruleta Latina: Nuevos -> [9]
[2026-05-05 08:31:47.135] [DEBUG   ] [bot.scanner] TG check: Ruleta Latina Delays={'docena_1': 0, 'docena_2': 3, 'docena_3': 5, 'columna_1': 1, 'columna_2': 2, 'columna_3': 0}
[2026-05-05 08:31:48.232] [INFO    ] [bot.scanner] 🔥 Brazilian Roulette: Nuevos -> [31]
[2026-05-05 08:31:48.254] [DEBUG   ] [bot.scanner] TG check: Brazilian Roulette Delays={'docena_1': 1, 'docena_2': 5, 'docena_3': 0, 'columna_1': 0, 'columna_2': 6, 'columna_3': 1}
[2026-05-05 08:31:49.376] [INFO    ] [bot.scanner] 🔥 Roulette 3: Nuevos -> [19]
[2026-05-05 08:31:49.399] [DEBUG   ] [bot.scanner] TG check: Roulette 3 Delays={'docena_1': 2, 'docena_2': 0, 'docena_3': 1, 'columna_1': 0, 'columna_2': 6, 'columna_3': 1}
[2026-05-05 08:31:52.106] [INFO    ] [bot.scanner] 🔥 Auto Roulette: Nuevos -> [28]
[2026-05-05 08:31:52.121] [DEBUG   ] [bot.scanner] TG check: Auto Roulette Delays={'docena_1': 6, 'docena_2': 2, 'docena_3': 0, 'columna_1': 0, 'columna_2': 4, 'columna_3': 8}
[2026-05-05 08:31:55.958] [INFO    ] [bot.scanner] 🔥 Russian Roulette: Nuevos -> [9]
[2026-05-05 08:31:55.971] [DEBUG   ] [bot.scanner] TG check: Russian Roulette Delays={'docena_1': 0, 'docena_2': 2, 'docena_3': 1, 'columna_1': 2, 'columna_2': 6, 'columna_3': 0}
[2026-05-05 08:31:59.467] [INFO    ] [bot.scanner] 🔥 Roulette 1: Nuevos -> [11]
[2026-05-05 08:31:59.484] [DEBUG   ] [bot.scanner] TG check: Roulette 1 Delays={'docena_1': 0, 'docena_2': 1, 'docena_3': 5, 'columna_1': 1, 'columna_2': 0, 'columna_3': 2}
[2026-05-05 08:32:01.291] [INFO    ] [bot.scanner] 🔥 Roulette 2 Extra Time: Nuevos -> [35]
[2026-05-05 08:32:01.308] [DEBUG   ] [bot.scanner] TG check: Roulette 2 Extra Time Delays={'docena_1': 1, 'docena_2': 2, 'docena_3': 0, 'columna_1': 8, 'columna_2': 0, 'columna_3': 4}
[2026-05-05 08:32:03.590] [INFO    ] [bot.scanner] 🔥 Stake Roulette: Nuevos -> [20]
[2026-05-05 08:32:03.606] [DEBUG   ] [bot.scanner] TG check: Stake Roulette Delays={'docena_1': 2, 'docena_2': 0, 'docena_3': 5, 'columna_1': 3, 'columna_2': 0, 'columna_3': 12}
[2026-05-05 08:32:04.140] [INFO    ] [bot.scanner] 🔥 Turkish Roulette: Nuevos -> [8]
[2026-05-05 08:32:04.159] [DEBUG   ] [bot.scanner] TG check: Turkish Roulette Delays={'docena_1': 0, 'docena_2': 2, 'docena_3': 1, 'columna_1': 9, 'columna_2': 0, 'columna_3': 2}
[2026-05-05 08:32:05.365] [INFO    ] [bot.scanner] 🔥 Romanian Roulette: Nuevos -> [31]
[2026-05-05 08:32:05.378] [DEBUG   ] [bot.scanner] TG check: Romanian Roulette Delays={'docena_1': 1, 'docena_2': 6, 'docena_3': 0, 'columna_1': 0, 'columna_2': 1, 'columna_3': 5}
[2026-05-05 08:32:05.920] [INFO    ] [bot.scanner] 🔥 Roulette Italia Tricolore: Nuevos -> [18]
[2026-05-05 08:32:05.946] [DEBUG   ] [bot.scanner] TG check: Roulette Italia Tricolore Delays={'docena_1': 2, 'docena_2': 0, 'docena_3': 8, 'columna_1': 3, 'columna_2': 2, 'columna_3': 0}
[2026-05-05 08:32:07.027] [INFO    ] [bot.scanner] 🔥 Dutch Roulette: Nuevos -> [1]
[2026-05-05 08:32:07.060] [DEBUG   ] [bot.scanner] TG check: Dutch Roulette Delays={'docena_1': 0, 'docena_2': 2, 'docena_3': 4, 'columna_1': 0, 'columna_2': 1, 'columna_3': 4}
[2026-05-05 08:32:10.853] [INFO    ] [bot.scanner] 🔥 Roulette Macao: Nuevos -> [32]
[2026-05-05 08:32:10.883] [DEBUG   ] [bot.scanner] TG check: Roulette Macao Delays={'docena_1': 1, 'docena_2': 3, 'docena_3': 0, 'columna_1': 1, 'columna_2': 0, 'columna_3': 3}
[2026-05-05 08:32:11.983] [INFO    ] [bot.scanner] 🔥 Brazilian Mega Roulette: Nuevos -> [30]
[2026-05-05 08:32:12.000] [DEBUG   ] [bot.scanner] TG check: Brazilian Mega Roulette Delays={'docena_1': 6, 'docena_2': 1, 'docena_3': 0, 'columna_1': 3, 'columna_2': 4, 'columna_3': 0}
[2026-05-05 08:32:12.528] [INFO    ] [bot.scanner] 🔥 Lucky 6 Roulette: Nuevos -> [27]
[2026-05-05 08:32:12.543] [DEBUG   ] [bot.scanner] TG check: Lucky 6 Roulette Delays={'docena_1': 9, 'docena_2': 3, 'docena_3': 0, 'columna_1': 2, 'columna_2': 3, 'columna_3': 0}
[2026-05-05 08:32:18.022] [INFO    ] [bot.scanner] 🔥 Ruleta Latina: Nuevos -> [3]
[2026-05-05 08:32:18.043] [DEBUG   ] [bot.scanner] TG check: Ruleta Latina Delays={'docena_1': 0, 'docena_2': 4, 'docena_3': 6, 'columna_1': 2, 'columna_2': 3, 'columna_3': 0}
[2026-05-05 08:32:19.154] [INFO    ] [bot.scanner] 🔥 Brazilian Roulette: Nuevos -> [1]
[2026-05-05 08:32:19.183] [DEBUG   ] [bot.scanner] TG check: Brazilian Roulette Delays={'docena_1': 0, 'docena_2': 6, 'docena_3': 1, 'columna_1': 0, 'columna_2': 7, 'columna_3': 2}
[2026-05-05 08:32:20.272] [INFO    ] [bot.scanner] 🔥 Roulette 3: Nuevos -> [3]
[2026-05-05 08:32:20.285] [DEBUG   ] [bot.scanner] TG check: Roulette 3 Delays={'docena_1': 0, 'docena_2': 1, 'docena_3': 2, 'columna_1': 1, 'columna_2': 7, 'columna_3': 0}
[2026-05-05 08:32:22.932] [INFO    ] [bot.scanner] 🔥 Auto Roulette: Nuevos -> [14]
[2026-05-05 08:32:22.948] [DEBUG   ] [bot.scanner] TG check: Auto Roulette Delays={'docena_1': 7, 'docena_2': 0, 'docena_3': 1, 'columna_1': 1, 'columna_2': 0, 'columna_3': 9}
[2026-05-05 08:32:24.524] [INFO    ] [bot.scanner] 🔥 German Roulette: Nuevos -> [4]
[2026-05-05 08:32:24.539] [DEBUG   ] [bot.scanner] TG check: German Roulette Delays={'docena_1': 0, 'docena_2': 11, 'docena_3': 1, 'columna_1': 0, 'columna_2': 2, 'columna_3': 3}
[2026-05-05 08:32:28.265] [INFO    ] [bot.scanner] 🔥 Mega Roulette: Nuevos -> [35]
[2026-05-05 08:32:28.282] [DEBUG   ] [bot.scanner] TG check: Mega Roulette Delays={'docena_1': 1, 'docena_2': 7, 'docena_3': 0, 'columna_1': 4, 'columna_2': 0, 'columna_3': 2}
[2026-05-05 08:32:33.155] [INFO    ] [bot.scanner] 🔥 Stake Roulette: Nuevos -> [20]
[2026-05-05 08:32:33.180] [DEBUG   ] [bot.scanner] TG check: Stake Roulette Delays={'docena_1': 3, 'docena_2': 0, 'docena_3': 6, 'columna_1': 4, 'columna_2': 0, 'columna_3': 13}
[2026-05-05 08:32:35.394] [INFO    ] [bot.scanner] 🔥 Roulette Italia Tricolore: Nuevos -> [31]
[2026-05-05 08:32:35.412] [DEBUG   ] [bot.scanner] TG check: Roulette Italia Tricolore Delays={'docena_1': 3, 'docena_2': 1, 'docena_3': 0, 'columna_1': 0, 'columna_2': 3, 'columna_3': 1}
[2026-05-05 08:32:35.956] [INFO    ] [bot.scanner] 🔥 Russian Roulette: Nuevos -> [27]
[2026-05-05 08:32:35.979] [DEBUG   ] [bot.scanner] TG check: Russian Roulette Delays={'docena_1': 1, 'docena_2': 3, 'docena_3': 0, 'columna_1': 3, 'columna_2': 7, 'columna_3': 0}
[2026-05-05 08:32:39.203] [INFO    ] [bot.scanner] 🔥 Roulette 1: Nuevos -> [1]
[2026-05-05 08:32:39.219] [DEBUG   ] [bot.scanner] TG check: Roulette 1 Delays={'docena_1': 0, 'docena_2': 2, 'docena_3': 6, 'columna_1': 0, 'columna_2': 1, 'columna_3': 3}
[2026-05-05 08:32:40.877] [INFO    ] [bot.scanner] 🔥 Roulette 2 Extra Time: Nuevos -> [15]
[2026-05-05 08:32:40.902] [DEBUG   ] [bot.scanner] TG check: Roulette 2 Extra Time Delays={'docena_1': 2, 'docena_2': 0, 'docena_3': 1, 'columna_1': 9, 'columna_2': 1, 'columna_3': 0}
[2026-05-05 08:32:43.634] [INFO    ] [bot.scanner] 🔥 Turkish Roulette: Nuevos -> [10]
[2026-05-05 08:32:43.649] [DEBUG   ] [bot.scanner] TG check: Turkish Roulette Delays={'docena_1': 0, 'docena_2': 3, 'docena_3': 2, 'columna_1': 0, 'columna_2': 1, 'columna_3': 3}
[2026-05-05 08:32:44.763] [INFO    ] [bot.scanner] 🔥 Romanian Roulette: Nuevos -> [33]
[2026-05-05 08:32:44.781] [DEBUG   ] [bot.scanner] TG check: Romanian Roulette Delays={'docena_1': 2, 'docena_2': 7, 'docena_3': 0, 'columna_1': 1, 'columna_2': 2, 'columna_3': 0}
[2026-05-05 08:32:46.427] [INFO    ] [bot.scanner] 🔥 Dutch Roulette: Nuevos -> [2]
[2026-05-05 08:32:46.447] [DEBUG   ] [bot.scanner] TG check: Dutch Roulette Delays={'docena_1': 0, 'docena_2': 3, 'docena_3': 5, 'columna_1': 1, 'columna_2': 0, 'columna_3': 5}
[2026-05-05 08:32:47.487] [INFO    ] [bot.scanner] 🔥 Ruleta Latina: Nuevos -> [15]
[2026-05-05 08:32:47.504] [DEBUG   ] [bot.scanner] TG check: Ruleta Latina Delays={'docena_1': 1, 'docena_2': 0, 'docena_3': 7, 'columna_1': 3, 'columna_2': 4, 'columna_3': 0}
[2026-05-05 08:32:50.186] [INFO    ] [bot.scanner] 🔥 Roulette Macao: Nuevos -> [5]
[2026-05-05 08:32:50.216] [DEBUG   ] [bot.scanner] TG check: Roulette Macao Delays={'docena_1': 0, 'docena_2': 4, 'docena_3': 1, 'columna_1': 2, 'columna_2': 0, 'columna_3': 4}
[2026-05-05 08:32:51.332] [INFO    ] [bot.scanner] 🔥 Brazilian Mega Roulette: Nuevos -> [24]
[2026-05-05 08:32:51.348] [DEBUG   ] [bot.scanner] TG check: Brazilian Mega Roulette Delays={'docena_1': 7, 'docena_2': 0, 'docena_3': 1, 'columna_1': 4, 'columna_2': 5, 'columna_3': 0}
[2026-05-05 08:32:51.879] [INFO    ] [bot.scanner] 🔥 Lucky 6 Roulette: Nuevos -> [27]
[2026-05-05 08:32:53.393] [DEBUG   ] [bot.scanner] TG check: Lucky 6 Roulette Delays={'docena_1': 10, 'docena_2': 4, 'docena_3': 0, 'columna_1': 3, 'columna_2': 4, 'columna_3': 0}
[2026-05-05 08:32:59.936] [INFO    ] [bot.scanner] 🔥 Brazilian Roulette: Nuevos -> [0]
[2026-05-05 08:32:59.951] [DEBUG   ] [bot.scanner] TG check: Brazilian Roulette Delays={'docena_1': 1, 'docena_2': 7, 'docena_3': 2, 'columna_1': 1, 'columna_2': 8, 'columna_3': 3}
[2026-05-05 08:33:01.004] [INFO    ] [bot.scanner] 🔥 Roulette 3: Nuevos -> [2]
[2026-05-05 08:33:01.022] [DEBUG   ] [bot.scanner] TG check: Roulette 3 Delays={'docena_1': 0, 'docena_2': 2, 'docena_3': 3, 'columna_1': 2, 'columna_2': 0, 'columna_3': 1}
[2026-05-05 08:33:03.848] [INFO    ] [bot.scanner] 🔥 Auto Roulette: Nuevos -> [31]
[2026-05-05 08:33:05.268] [DEBUG   ] [bot.scanner] TG check: Auto Roulette Delays={'docena_1': 8, 'docena_2': 1, 'docena_3': 0, 'columna_1': 0, 'columna_2': 1, 'columna_3': 10}
[2026-05-05 08:33:06.913] [INFO    ] [bot.scanner] 🔥 German Roulette: Nuevos -> [21]
[2026-05-05 08:33:06.948] [DEBUG   ] [bot.scanner] TG check: German Roulette Delays={'docena_1': 1, 'docena_2': 0, 'docena_3': 2, 'columna_1': 1, 'columna_2': 3, 'columna_3': 0}
[2026-05-05 08:33:08.623] [INFO    ] [bot.scanner] 🔥 Russian Roulette: Nuevos -> [16]
[2026-05-05 08:33:08.644] [DEBUG   ] [bot.scanner] TG check: Russian Roulette Delays={'docena_1': 2, 'docena_2': 0, 'docena_3': 1, 'columna_1': 0, 'columna_2': 8, 'columna_3': 1}
[2026-05-05 08:33:10.771] [INFO    ] [bot.scanner] 🔥 Mega Roulette: Nuevos -> [16]
[2026-05-05 08:33:10.792] [DEBUG   ] [bot.scanner] TG check: Mega Roulette Delays={'docena_1': 2, 'docena_2': 0, 'docena_3': 1, 'columna_1': 0, 'columna_2': 1, 'columna_3': 3}
[2026-05-05 08:33:11.880] [INFO    ] [bot.scanner] 🔥 Roulette 1: Nuevos -> [24]
[2026-05-05 08:33:11.893] [DEBUG   ] [bot.scanner] TG check: Roulette 1 Delays={'docena_1': 1, 'docena_2': 0, 'docena_3': 7, 'columna_1': 1, 'columna_2': 2, 'columna_3': 0}
[2026-05-05 08:33:14.692] [DEBUG   ] [bot.scanner] Error escaneando tile 'Auto Roulette': Message: no such element: Unable to locate element: {"method":"css selector","selector":"[id="5bzl2835s5ruvweg-225"]"}
  (Session info: chrome=147.0.7727.138); For documentation on this error, please visit: https://www.selenium.dev/documentation/webdriver/troubleshooting/errors#nosuchelementexception
Stacktrace:
	undetected_chromedriver!GetHandleVerifier [0x97b373+10553]
	undetected_chromedriver!GetHandleVerifier [0x97b4a4+10684]
	undetected_chromedriver!(No symbol) [0x781e10]
	undetected_chromedriver!(No symbol) [0x7ca9da]
	undetected_chromedriver!(No symbol) [0x7cac7b]
	undetected_chromedriver!(No symbol) [0x80d162]
	undetected_chromedriver!(No symbol) [0x7ed8b4]
	undetected_chromedriver!(No symbol) [0x80aa36]
	undetected_chromedriver!(No symbol) [0x7ed606]
	undetected_chromedriver!(No symbol) [0x7c0039]
	undetected_chromedriver!(No symbol) [0x7c0df4]
	undetected_chromedriver!GetHandleVerifier [0xbfddb4+292f94]
	undetected_chromedriver!GetHandleVerifier [0xbf937d+28e55d]
	undetected_chromedriver!GetHandleVerifier [0xc18215+2ad3f5]
	undetected_chromedriver!GetHandleVerifier [0x994c18+29df8]
	undetected_chromedriver!GetHandleVerifier [0x99c6fd+318dd]
	undetected_chromedriver!GetHandleVerifier [0x983c78+18e58]
	undetected_chromedriver!GetHandleVerifier [0x983e42+19022]
	undetected_chromedriver!GetHandleVerifier [0x96d45f+263f]
	KERNEL32!BaseThreadInitThunk [0x77365d49+19]
	ntdll!RtlInitializeExceptionChain [0x776ed83b+6b]
	ntdll!RtlGetAppContainerNamedObjectPath [0x776ed7c1+231]

[2026-05-05 08:33:14.702] [DEBUG   ] [bot.scanner] Error escaneando tile 'Stake Roulette': Message: no such element: Unable to locate element: {"method":"css selector","selector":"[id="rw321stakerws321-236"]"}
  (Session info: chrome=147.0.7727.138); For documentation on this error, please visit: https://www.selenium.dev/documentation/webdriver/troubleshooting/errors#nosuchelementexception
Stacktrace:
	undetected_chromedriver!GetHandleVerifier [0x97b373+10553]
	undetected_chromedriver!GetHandleVerifier [0x97b4a4+10684]
	undetected_chromedriver!(No symbol) [0x781e10]
	undetected_chromedriver!(No symbol) [0x7ca9da]
	undetected_chromedriver!(No symbol) [0x7cac7b]
	undetected_chromedriver!(No symbol) [0x80d162]
	undetected_chromedriver!(No symbol) [0x7ed8b4]
	undetected_chromedriver!(No symbol) [0x80aa36]
	undetected_chromedriver!(No symbol) [0x7ed606]
	undetected_chromedriver!(No symbol) [0x7c0039]
	undetected_chromedriver!(No symbol) [0x7c0df4]
	undetected_chromedriver!GetHandleVerifier [0xbfddb4+292f94]
	undetected_chromedriver!GetHandleVerifier [0xbf937d+28e55d]
	undetected_chromedriver!GetHandleVerifier [0xc18215+2ad3f5]
	undetected_chromedriver!GetHandleVerifier [0x994c18+29df8]
	undetected_chromedriver!GetHandleVerifier [0x99c6fd+318dd]
	undetected_chromedriver!GetHandleVerifier [0x983c78+18e58]
	undetected_chromedriver!GetHandleVerifier [0x983e42+19022]
	undetected_chromedriver!GetHandleVerifier [0x96d45f+263f]
	KERNEL32!BaseThreadInitThunk [0x77365d49+19]
	ntdll!RtlInitializeExceptionChain [0x776ed83b+6b]
	ntdll!RtlGetAppContainerNamedObjectPath [0x776ed7c1+231]

[2026-05-05 08:33:14.715] [DEBUG   ] [bot.scanner] Error escaneando tile 'Turkish Roulette': Message: no such element: Unable to locate element: {"method":"css selector","selector":"[id="p8l1j84prrmxzyic-224"]"}
  (Session info: chrome=147.0.7727.138); For documentation on this error, please visit: https://www.selenium.dev/documentation/webdriver/troubleshooting/errors#nosuchelementexception
Stacktrace:
	undetected_chromedriver!GetHandleVerifier [0x97b373+10553]
	undetected_chromedriver!GetHandleVerifier [0x97b4a4+10684]
	undetected_chromedriver!(No symbol) [0x781e10]
	undetected_chromedriver!(No symbol) [0x7ca9da]
	undetected_chromedriver!(No symbol) [0x7cac7b]
	undetected_chromedriver!(No symbol) [0x80d162]
	undetected_chromedriver!(No symbol) [0x7ed8b4]
	undetected_chromedriver!(No symbol) [0x80aa36]
	undetected_chromedriver!(No symbol) [0x7ed606]
	undetected_chromedriver!(No symbol) [0x7c0039]
	undetected_chromedriver!(No symbol) [0x7c0df4]
	undetected_chromedriver!GetHandleVerifier [0xbfddb4+292f94]
	undetected_chromedriver!GetHandleVerifier [0xbf937d+28e55d]
	undetected_chromedriver!GetHandleVerifier [0xc18215+2ad3f5]
	undetected_chromedriver!GetHandleVerifier [0x994c18+29df8]
	undetected_chromedriver!GetHandleVerifier [0x99c6fd+318dd]
	undetected_chromedriver!GetHandleVerifier [0x983c78+18e58]
	undetected_chromedriver!GetHandleVerifier [0x983e42+19022]
	undetected_chromedriver!GetHandleVerifier [0x96d45f+263f]
	KERNEL32!BaseThreadInitThunk [0x77365d49+19]
	ntdll!RtlInitializeExceptionChain [0x776ed83b+6b]
	ntdll!RtlGetAppContainerNamedObjectPath [0x776ed7c1+231]

[2026-05-05 08:33:14.727] [DEBUG   ] [bot.scanner] Error escaneando tile 'German Roulette': Message: no such element: Unable to locate element: {"method":"css selector","selector":"[id="s2x6b4jdeqza2ge2-222"]"}
  (Session info: chrome=147.0.7727.138); For documentation on this error, please visit: https://www.selenium.dev/documentation/webdriver/troubleshooting/errors#nosuchelementexception
Stacktrace:
	undetected_chromedriver!GetHandleVerifier [0x97b373+10553]
	undetected_chromedriver!GetHandleVerifier [0x97b4a4+10684]
	undetected_chromedriver!(No symbol) [0x781e10]
	undetected_chromedriver!(No symbol) [0x7ca9da]
	undetected_chromedriver!(No symbol) [0x7cac7b]
	undetected_chromedriver!(No symbol) [0x80d162]
	undetected_chromedriver!(No symbol) [0x7ed8b4]
	undetected_chromedriver!(No symbol) [0x80aa36]
	undetected_chromedriver!(No symbol) [0x7ed606]
	undetected_chromedriver!(No symbol) [0x7c0039]
	undetected_chromedriver!(No symbol) [0x7c0df4]
	undetected_chromedriver!GetHandleVerifier [0xbfddb4+292f94]
	undetected_chromedriver!GetHandleVerifier [0xbf937d+28e55d]
	undetected_chromedriver!GetHandleVerifier [0xc18215+2ad3f5]
	undetected_chromedriver!GetHandleVerifier [0x994c18+29df8]
	undetected_chromedriver!GetHandleVerifier [0x99c6fd+318dd]
	undetected_chromedriver!GetHandleVerifier [0x983c78+18e58]
	undetected_chromedriver!GetHandleVerifier [0x983e42+19022]
	undetected_chromedriver!GetHandleVerifier [0x96d45f+263f]
	KERNEL32!BaseThreadInitThunk [0x77365d49+19]
	ntdll!RtlInitializeExceptionChain [0x776ed83b+6b]
	ntdll!RtlGetAppContainerNamedObjectPath [0x776ed7c1+231]

[2026-05-05 08:33:14.738] [DEBUG   ] [bot.scanner] Error escaneando tile 'Romanian Roulette': Message: no such element: Unable to locate element: {"method":"css selector","selector":"[id="romania233rwl291-233"]"}
  (Session info: chrome=147.0.7727.138); For documentation on this error, please visit: https://www.selenium.dev/documentation/webdriver/troubleshooting/errors#nosuchelementexception
Stacktrace:
	undetected_chromedriver!GetHandleVerifier [0x97b373+10553]
	undetected_chromedriver!GetHandleVerifier [0x97b4a4+10684]
	undetected_chromedriver!(No symbol) [0x781e10]
	undetected_chromedriver!(No symbol) [0x7ca9da]
	undetected_chromedriver!(No symbol) [0x7cac7b]
	undetected_chromedriver!(No symbol) [0x80d162]
	undetected_chromedriver!(No symbol) [0x7ed8b4]
	undetected_chromedriver!(No symbol) [0x80aa36]
	undetected_chromedriver!(No symbol) [0x7ed606]
	undetected_chromedriver!(No symbol) [0x7c0039]
	undetected_chromedriver!(No symbol) [0x7c0df4]
	undetected_chromedriver!GetHandleVerifier [0xbfddb4+292f94]
	undetected_chromedriver!GetHandleVerifier [0xbf937d+28e55d]
	undetected_chromedriver!GetHandleVerifier [0xc18215+2ad3f5]
	undetected_chromedriver!GetHandleVerifier [0x994c18+29df8]
	undetected_chromedriver!GetHandleVerifier [0x99c6fd+318dd]
	undetected_chromedriver!GetHandleVerifier [0x983c78+18e58]
	undetected_chromedriver!GetHandleVerifier [0x983e42+19022]
	undetected_chromedriver!GetHandleVerifier [0x96d45f+263f]
	KERNEL32!BaseThreadInitThunk [0x77365d49+19]
	ntdll!RtlInitializeExceptionChain [0x776ed83b+6b]
	ntdll!RtlGetAppContainerNamedObjectPath [0x776ed7c1+231]

[2026-05-05 08:33:14.748] [DEBUG   ] [bot.scanner] Error escaneando tile 'Roulette Italia Tricolore': Message: no such element: Unable to locate element: {"method":"css selector","selector":"[id="v1c52fgw7yy02upz-223"]"}
  (Session info: chrome=147.0.7727.138); For documentation on this error, please visit: https://www.selenium.dev/documentation/webdriver/troubleshooting/errors#nosuchelementexception
Stacktrace:
	undetected_chromedriver!GetHandleVerifier [0x97b373+10553]
	undetected_chromedriver!GetHandleVerifier [0x97b4a4+10684]
	undetected_chromedriver!(No symbol) [0x781e10]
	undetected_chromedriver!(No symbol) [0x7ca9da]
	undetected_chromedriver!(No symbol) [0x7cac7b]
	undetected_chromedriver!(No symbol) [0x80d162]
	undetected_chromedriver!(No symbol) [0x7ed8b4]
	undetected_chromedriver!(No symbol) [0x80aa36]
	undetected_chromedriver!(No symbol) [0x7ed606]
	undetected_chromedriver!(No symbol) [0x7c0039]
	undetected_chromedriver!(No symbol) [0x7c0df4]
	undetected_chromedriver!GetHandleVerifier [0xbfddb4+292f94]
	undetected_chromedriver!GetHandleVerifier [0xbf937d+28e55d]
	undetected_chromedriver!GetHandleVerifier [0xc18215+2ad3f5]
	undetected_chromedriver!GetHandleVerifier [0x994c18+29df8]
	undetected_chromedriver!GetHandleVerifier [0x99c6fd+318dd]
	undetected_chromedriver!GetHandleVerifier [0x983c78+18e58]
	undetected_chromedriver!GetHandleVerifier [0x983e42+19022]
	undetected_chromedriver!GetHandleVerifier [0x96d45f+263f]
	KERNEL32!BaseThreadInitThunk [0x77365d49+19]
	ntdll!RtlInitializeExceptionChain [0x776ed83b+6b]
	ntdll!RtlGetAppContainerNamedObjectPath [0x776ed7c1+231]

[2026-05-05 08:33:14.760] [DEBUG   ] [bot.scanner] Error escaneando tile 'Russian Roulette': Message: no such element: Unable to locate element: {"method":"css selector","selector":"[id="t4jzencinod6iqwi-221"]"}
  (Session info: chrome=147.0.7727.138); For documentation on this error, please visit: https://www.selenium.dev/documentation/webdriver/troubleshooting/errors#nosuchelementexception
Stacktrace:
	undetected_chromedriver!GetHandleVerifier [0x97b373+10553]
	undetected_chromedriver!GetHandleVerifier [0x97b4a4+10684]
	undetected_chromedriver!(No symbol) [0x781e10]
	undetected_chromedriver!(No symbol) [0x7ca9da]
	undetected_chromedriver!(No symbol) [0x7cac7b]
	undetected_chromedriver!(No symbol) [0x80d162]
	undetected_chromedriver!(No symbol) [0x7ed8b4]
	undetected_chromedriver!(No symbol) [0x80aa36]
	undetected_chromedriver!(No symbol) [0x7ed606]
	undetected_chromedriver!(No symbol) [0x7c0039]
	undetected_chromedriver!(No symbol) [0x7c0df4]
	undetected_chromedriver!GetHandleVerifier [0xbfddb4+292f94]
	undetected_chromedriver!GetHandleVerifier [0xbf937d+28e55d]
	undetected_chromedriver!GetHandleVerifier [0xc18215+2ad3f5]
	undetected_chromedriver!GetHandleVerifier [0x994c18+29df8]
	undetected_chromedriver!GetHandleVerifier [0x99c6fd+318dd]
	undetected_chromedriver!GetHandleVerifier [0x983c78+18e58]
	undetected_chromedriver!GetHandleVerifier [0x983e42+19022]
	undetected_chromedriver!GetHandleVerifier [0x96d45f+263f]
	KERNEL32!BaseThreadInitThunk [0x77365d49+19]
	ntdll!RtlInitializeExceptionChain [0x776ed83b+6b]
	ntdll!RtlGetAppContainerNamedObjectPath [0x776ed7c1+231]

[2026-05-05 08:33:14.773] [DEBUG   ] [bot.scanner] Error escaneando tile 'Dutch Roulette': Message: no such element: Unable to locate element: {"method":"css selector","selector":"[id="dutchrw235rwl293-235"]"}
  (Session info: chrome=147.0.7727.138); For documentation on this error, please visit: https://www.selenium.dev/documentation/webdriver/troubleshooting/errors#nosuchelementexception
Stacktrace:
	undetected_chromedriver!GetHandleVerifier [0x97b373+10553]
	undetected_chromedriver!GetHandleVerifier [0x97b4a4+10684]
	undetected_chromedriver!(No symbol) [0x781e10]
	undetected_chromedriver!(No symbol) [0x7ca9da]
	undetected_chromedriver!(No symbol) [0x7cac7b]
	undetected_chromedriver!(No symbol) [0x80d162]
	undetected_chromedriver!(No symbol) [0x7ed8b4]
	undetected_chromedriver!(No symbol) [0x80aa36]
	undetected_chromedriver!(No symbol) [0x7ed606]
	undetected_chromedriver!(No symbol) [0x7c0039]
	undetected_chromedriver!(No symbol) [0x7c0df4]
	undetected_chromedriver!GetHandleVerifier [0xbfddb4+292f94]
	undetected_chromedriver!GetHandleVerifier [0xbf937d+28e55d]
	undetected_chromedriver!GetHandleVerifier [0xc18215+2ad3f5]
	undetected_chromedriver!GetHandleVerifier [0x994c18+29df8]
	undetected_chromedriver!GetHandleVerifier [0x99c6fd+318dd]
	undetected_chromedriver!GetHandleVerifier [0x983c78+18e58]
	undetected_chromedriver!GetHandleVerifier [0x983e42+19022]
	undetected_chromedriver!GetHandleVerifier [0x96d45f+263f]
	KERNEL32!BaseThreadInitThunk [0x77365d49+19]
	ntdll!RtlInitializeExceptionChain [0x776ed83b+6b]
	ntdll!RtlGetAppContainerNamedObjectPath [0x776ed7c1+231]

[2026-05-05 08:33:15.362] [DEBUG   ] [bot.scanner] Error escaneando tile 'Ruleta Latina': Message: no such element: Unable to locate element: {"method":"css selector","selector":"[id="roulerw234rwl292-234"]"}
  (Session info: chrome=147.0.7727.138); For documentation on this error, please visit: https://www.selenium.dev/documentation/webdriver/troubleshooting/errors#nosuchelementexception
Stacktrace:
	undetected_chromedriver!GetHandleVerifier [0x97b373+10553]
	undetected_chromedriver!GetHandleVerifier [0x97b4a4+10684]
	undetected_chromedriver!(No symbol) [0x781e10]
	undetected_chromedriver!(No symbol) [0x7ca9da]
	undetected_chromedriver!(No symbol) [0x7cac7b]
	undetected_chromedriver!(No symbol) [0x80d162]
	undetected_chromedriver!(No symbol) [0x7ed8b4]
	undetected_chromedriver!(No symbol) [0x80aa36]
	undetected_chromedriver!(No symbol) [0x7ed606]
	undetected_chromedriver!(No symbol) [0x7c0039]
	undetected_chromedriver!(No symbol) [0x7c0df4]
	undetected_chromedriver!GetHandleVerifier [0xbfddb4+292f94]
	undetected_chromedriver!GetHandleVerifier [0xbf937d+28e55d]
	undetected_chromedriver!GetHandleVerifier [0xc18215+2ad3f5]
	undetected_chromedriver!GetHandleVerifier [0x994c18+29df8]
	undetected_chromedriver!GetHandleVerifier [0x99c6fd+318dd]
	undetected_chromedriver!GetHandleVerifier [0x983c78+18e58]
	undetected_chromedriver!GetHandleVerifier [0x983e42+19022]
	undetected_chromedriver!GetHandleVerifier [0x96d45f+263f]
	KERNEL32!BaseThreadInitThunk [0x77365d49+19]
	ntdll!RtlInitializeExceptionChain [0x776ed83b+6b]
	ntdll!RtlGetAppContainerNamedObjectPath [0x776ed7c1+231]

[2026-05-05 08:33:15.379] [DEBUG   ] [bot.scanner] Error escaneando tile 'Mega Roulette': Message: no such element: Unable to locate element: {"method":"css selector","selector":"[id="1hl65ce1lxuqdrkr-204"]"}
  (Session info: chrome=147.0.7727.138); For documentation on this error, please visit: https://www.selenium.dev/documentation/webdriver/troubleshooting/errors#nosuchelementexception
Stacktrace:
	undetected_chromedriver!GetHandleVerifier [0x97b373+10553]
	undetected_chromedriver!GetHandleVerifier [0x97b4a4+10684]
	undetected_chromedriver!(No symbol) [0x781e10]
	undetected_chromedriver!(No symbol) [0x7ca9da]
	undetected_chromedriver!(No symbol) [0x7cac7b]
	undetected_chromedriver!(No symbol) [0x80d162]
	undetected_chromedriver!(No symbol) [0x7ed8b4]
	undetected_chromedriver!(No symbol) [0x80aa36]
	undetected_chromedriver!(No symbol) [0x7ed606]
	undetected_chromedriver!(No symbol) [0x7c0039]
	undetected_chromedriver!(No symbol) [0x7c0df4]
	undetected_chromedriver!GetHandleVerifier [0xbfddb4+292f94]
	undetected_chromedriver!GetHandleVerifier [0xbf937d+28e55d]
	undetected_chromedriver!GetHandleVerifier [0xc18215+2ad3f5]
	undetected_chromedriver!GetHandleVerifier [0x994c18+29df8]
	undetected_chromedriver!GetHandleVerifier [0x99c6fd+318dd]
	undetected_chromedriver!GetHandleVerifier [0x983c78+18e58]
	undetected_chromedriver!GetHandleVerifier [0x983e42+19022]
	undetected_chromedriver!GetHandleVerifier [0x96d45f+263f]
	KERNEL32!BaseThreadInitThunk [0x77365d49+19]
	ntdll!RtlInitializeExceptionChain [0x776ed83b+6b]
	ntdll!RtlGetAppContainerNamedObjectPath [0x776ed7c1+231]

[2026-05-05 08:33:15.402] [DEBUG   ] [bot.scanner] Error escaneando tile 'Brazilian Roulette': Message: no such element: Unable to locate element: {"method":"css selector","selector":"[id="rwbrzportrwa16rg-237"]"}
  (Session info: chrome=147.0.7727.138); For documentation on this error, please visit: https://www.selenium.dev/documentation/webdriver/troubleshooting/errors#nosuchelementexception
Stacktrace:
	undetected_chromedriver!GetHandleVerifier [0x97b373+10553]
	undetected_chromedriver!GetHandleVerifier [0x97b4a4+10684]
	undetected_chromedriver!(No symbol) [0x781e10]
	undetected_chromedriver!(No symbol) [0x7ca9da]
	undetected_chromedriver!(No symbol) [0x7cac7b]
	undetected_chromedriver!(No symbol) [0x80d162]
	undetected_chromedriver!(No symbol) [0x7ed8b4]
	undetected_chromedriver!(No symbol) [0x80aa36]
	undetected_chromedriver!(No symbol) [0x7ed606]
	undetected_chromedriver!(No symbol) [0x7c0039]
	undetected_chromedriver!(No symbol) [0x7c0df4]
	undetected_chromedriver!GetHandleVerifier [0xbfddb4+292f94]
	undetected_chromedriver!GetHandleVerifier [0xbf937d+28e55d]
	undetected_chromedriver!GetHandleVerifier [0xc18215+2ad3f5]
	undetected_chromedriver!GetHandleVerifier [0x994c18+29df8]
	undetected_chromedriver!GetHandleVerifier [0x99c6fd+318dd]
	undetected_chromedriver!GetHandleVerifier [0x983c78+18e58]
	undetected_chromedriver!GetHandleVerifier [0x983e42+19022]
	undetected_chromedriver!GetHandleVerifier [0x96d45f+263f]
	KERNEL32!BaseThreadInitThunk [0x77365d49+19]
	ntdll!RtlInitializeExceptionChain [0x776ed83b+6b]
	ntdll!RtlGetAppContainerNamedObjectPath [0x776ed7c1+231]

[2026-05-05 08:33:15.416] [DEBUG   ] [bot.scanner] Error escaneando tile 'Roulette 1': Message: no such element: Unable to locate element: {"method":"css selector","selector":"[id="g03y1t9vvuhrfytl-227"]"}
  (Session info: chrome=147.0.7727.138); For documentation on this error, please visit: https://www.selenium.dev/documentation/webdriver/troubleshooting/errors#nosuchelementexception
Stacktrace:
	undetected_chromedriver!GetHandleVerifier [0x97b373+10553]
	undetected_chromedriver!GetHandleVerifier [0x97b4a4+10684]
	undetected_chromedriver!(No symbol) [0x781e10]
	undetected_chromedriver!(No symbol) [0x7ca9da]
	undetected_chromedriver!(No symbol) [0x7cac7b]
	undetected_chromedriver!(No symbol) [0x80d162]
	undetected_chromedriver!(No symbol) [0x7ed8b4]
	undetected_chromedriver!(No symbol) [0x80aa36]
	undetected_chromedriver!(No symbol) [0x7ed606]
	undetected_chromedriver!(No symbol) [0x7c0039]
	undetected_chromedriver!(No symbol) [0x7c0df4]
	undetected_chromedriver!GetHandleVerifier [0xbfddb4+292f94]
	undetected_chromedriver!GetHandleVerifier [0xbf937d+28e55d]
	undetected_chromedriver!GetHandleVerifier [0xc18215+2ad3f5]
	undetected_chromedriver!GetHandleVerifier [0x994c18+29df8]
	undetected_chromedriver!GetHandleVerifier [0x99c6fd+318dd]
	undetected_chromedriver!GetHandleVerifier [0x983c78+18e58]
	undetected_chromedriver!GetHandleVerifier [0x983e42+19022]
	undetected_chromedriver!GetHandleVerifier [0x96d45f+263f]
	KERNEL32!BaseThreadInitThunk [0x77365d49+19]
	ntdll!RtlInitializeExceptionChain [0x776ed83b+6b]
	ntdll!RtlGetAppContainerNamedObjectPath [0x776ed7c1+231]

[2026-05-05 08:33:15.441] [DEBUG   ] [bot.scanner] Error escaneando tile 'Roulette 3': Message: no such element: Unable to locate element: {"method":"css selector","selector":"[id="chroma229rwltr22-230"]"}
  (Session info: chrome=147.0.7727.138); For documentation on this error, please visit: https://www.selenium.dev/documentation/webdriver/troubleshooting/errors#nosuchelementexception
Stacktrace:
	undetected_chromedriver!GetHandleVerifier [0x97b373+10553]
	undetected_chromedriver!GetHandleVerifier [0x97b4a4+10684]
	undetected_chromedriver!(No symbol) [0x781e10]
	undetected_chromedriver!(No symbol) [0x7ca9da]
	undetected_chromedriver!(No symbol) [0x7cac7b]
	undetected_chromedriver!(No symbol) [0x80d162]
	undetected_chromedriver!(No symbol) [0x7ed8b4]
	undetected_chromedriver!(No symbol) [0x80aa36]
	undetected_chromedriver!(No symbol) [0x7ed606]
	undetected_chromedriver!(No symbol) [0x7c0039]
	undetected_chromedriver!(No symbol) [0x7c0df4]
	undetected_chromedriver!GetHandleVerifier [0xbfddb4+292f94]
	undetected_chromedriver!GetHandleVerifier [0xbf937d+28e55d]
	undetected_chromedriver!GetHandleVerifier [0xc18215+2ad3f5]
	undetected_chromedriver!GetHandleVerifier [0x994c18+29df8]
	undetected_chromedriver!GetHandleVerifier [0x99c6fd+318dd]
	undetected_chromedriver!GetHandleVerifier [0x983c78+18e58]
	undetected_chromedriver!GetHandleVerifier [0x983e42+19022]
	undetected_chromedriver!GetHandleVerifier [0x96d45f+263f]
	KERNEL32!BaseThreadInitThunk [0x77365d49+19]
	ntdll!RtlInitializeExceptionChain [0x776ed83b+6b]
	ntdll!RtlGetAppContainerNamedObjectPath [0x776ed7c1+231]

[2026-05-05 08:33:15.452] [DEBUG   ] [bot.scanner] Error escaneando tile 'Roulette Macao': Message: no such element: Unable to locate element: {"method":"css selector","selector":"[id="yqpz3ichst2xg439-206"]"}
  (Session info: chrome=147.0.7727.138); For documentation on this error, please visit: https://www.selenium.dev/documentation/webdriver/troubleshooting/errors#nosuchelementexception
Stacktrace:
	undetected_chromedriver!GetHandleVerifier [0x97b373+10553]
	undetected_chromedriver!GetHandleVerifier [0x97b4a4+10684]
	undetected_chromedriver!(No symbol) [0x781e10]
	undetected_chromedriver!(No symbol) [0x7ca9da]
	undetected_chromedriver!(No symbol) [0x7cac7b]
	undetected_chromedriver!(No symbol) [0x80d162]
	undetected_chromedriver!(No symbol) [0x7ed8b4]
	undetected_chromedriver!(No symbol) [0x80aa36]
	undetected_chromedriver!(No symbol) [0x7ed606]
	undetected_chromedriver!(No symbol) [0x7c0039]
	undetected_chromedriver!(No symbol) [0x7c0df4]
	undetected_chromedriver!GetHandleVerifier [0xbfddb4+292f94]
	undetected_chromedriver!GetHandleVerifier [0xbf937d+28e55d]
	undetected_chromedriver!GetHandleVerifier [0xc18215+2ad3f5]
	undetected_chromedriver!GetHandleVerifier [0x994c18+29df8]
	undetected_chromedriver!GetHandleVerifier [0x99c6fd+318dd]
	undetected_chromedriver!GetHandleVerifier [0x983c78+18e58]
	undetected_chromedriver!GetHandleVerifier [0x983e42+19022]
	undetected_chromedriver!GetHandleVerifier [0x96d45f+263f]
	KERNEL32!BaseThreadInitThunk [0x77365d49+19]
	ntdll!RtlInitializeExceptionChain [0x776ed83b+6b]
	ntdll!RtlGetAppContainerNamedObjectPath [0x776ed7c1+231]

[2026-05-05 08:33:15.466] [DEBUG   ] [bot.scanner] Error escaneando tile 'Roulette 2 Extra Time': Message: no such element: Unable to locate element: {"method":"css selector","selector":"[id="5kvxlw4c1qm3xcyn-201"]"}
  (Session info: chrome=147.0.7727.138); For documentation on this error, please visit: https://www.selenium.dev/documentation/webdriver/troubleshooting/errors#nosuchelementexception
Stacktrace:
	undetected_chromedriver!GetHandleVerifier [0x97b373+10553]
	undetected_chromedriver!GetHandleVerifier [0x97b4a4+10684]
	undetected_chromedriver!(No symbol) [0x781e10]
	undetected_chromedriver!(No symbol) [0x7ca9da]
	undetected_chromedriver!(No symbol) [0x7cac7b]
	undetected_chromedriver!(No symbol) [0x80d162]
	undetected_chromedriver!(No symbol) [0x7ed8b4]
	undetected_chromedriver!(No symbol) [0x80aa36]
	undetected_chromedriver!(No symbol) [0x7ed606]
	undetected_chromedriver!(No symbol) [0x7c0039]
	undetected_chromedriver!(No symbol) [0x7c0df4]
	undetected_chromedriver!GetHandleVerifier [0xbfddb4+292f94]
	undetected_chromedriver!GetHandleVerifier [0xbf937d+28e55d]
	undetected_chromedriver!GetHandleVerifier [0xc18215+2ad3f5]
	undetected_chromedriver!GetHandleVerifier [0x994c18+29df8]
	undetected_chromedriver!GetHandleVerifier [0x99c6fd+318dd]
	undetected_chromedriver!GetHandleVerifier [0x983c78+18e58]
	undetected_chromedriver!GetHandleVerifier [0x983e42+19022]
	undetected_chromedriver!GetHandleVerifier [0x96d45f+263f]
	KERNEL32!BaseThreadInitThunk [0x77365d49+19]
	ntdll!RtlInitializeExceptionChain [0x776ed83b+6b]
	ntdll!RtlGetAppContainerNamedObjectPath [0x776ed7c1+231]

[2026-05-05 08:33:15.479] [DEBUG   ] [bot.scanner] Error escaneando tile 'Brazilian Mega Roulette': Message: no such element: Unable to locate element: {"method":"css selector","selector":"[id="mrbras531mrbr532-287"]"}
  (Session info: chrome=147.0.7727.138); For documentation on this error, please visit: https://www.selenium.dev/documentation/webdriver/troubleshooting/errors#nosuchelementexception
Stacktrace:
	undetected_chromedriver!GetHandleVerifier [0x97b373+10553]
	undetected_chromedriver!GetHandleVerifier [0x97b4a4+10684]
	undetected_chromedriver!(No symbol) [0x781e10]
	undetected_chromedriver!(No symbol) [0x7ca9da]
	undetected_chromedriver!(No symbol) [0x7cac7b]
	undetected_chromedriver!(No symbol) [0x80d162]
	undetected_chromedriver!(No symbol) [0x7ed8b4]
	undetected_chromedriver!(No symbol) [0x80aa36]
	undetected_chromedriver!(No symbol) [0x7ed606]
	undetected_chromedriver!(No symbol) [0x7c0039]
	undetected_chromedriver!(No symbol) [0x7c0df4]
	undetected_chromedriver!GetHandleVerifier [0xbfddb4+292f94]
	undetected_chromedriver!GetHandleVerifier [0xbf937d+28e55d]
	undetected_chromedriver!GetHandleVerifier [0xc18215+2ad3f5]
	undetected_chromedriver!GetHandleVerifier [0x994c18+29df8]
	undetected_chromedriver!GetHandleVerifier [0x99c6fd+318dd]
	undetected_chromedriver!GetHandleVerifier [0x983c78+18e58]
	undetected_chromedriver!GetHandleVerifier [0x983e42+19022]
	undetected_chromedriver!GetHandleVerifier [0x96d45f+263f]
	KERNEL32!BaseThreadInitThunk [0x77365d49+19]
	ntdll!RtlInitializeExceptionChain [0x776ed83b+6b]
	ntdll!RtlGetAppContainerNamedObjectPath [0x776ed7c1+231]

[2026-05-05 08:33:15.492] [DEBUG   ] [bot.scanner] Error escaneando tile 'Lucky 6 Roulette': Message: no such element: Unable to locate element: {"method":"css selector","selector":"[id="lucky6roulettea3-211a1"]"}
  (Session info: chrome=147.0.7727.138); For documentation on this error, please visit: https://www.selenium.dev/documentation/webdriver/troubleshooting/errors#nosuchelementexception
Stacktrace:
	undetected_chromedriver!GetHandleVerifier [0x97b373+10553]
	undetected_chromedriver!GetHandleVerifier [0x97b4a4+10684]
	undetected_chromedriver!(No symbol) [0x781e10]
	undetected_chromedriver!(No symbol) [0x7ca9da]
	undetected_chromedriver!(No symbol) [0x7cac7b]
	undetected_chromedriver!(No symbol) [0x80d162]
	undetected_chromedriver!(No symbol) [0x7ed8b4]
	undetected_chromedriver!(No symbol) [0x80aa36]
	undetected_chromedriver!(No symbol) [0x7ed606]
	undetected_chromedriver!(No symbol) [0x7c0039]
	undetected_chromedriver!(No symbol) [0x7c0df4]
	undetected_chromedriver!GetHandleVerifier [0xbfddb4+292f94]
	undetected_chromedriver!GetHandleVerifier [0xbf937d+28e55d]
	undetected_chromedriver!GetHandleVerifier [0xc18215+2ad3f5]
	undetected_chromedriver!GetHandleVerifier [0x994c18+29df8]
	undetected_chromedriver!GetHandleVerifier [0x99c6fd+318dd]
	undetected_chromedriver!GetHandleVerifier [0x983c78+18e58]
	undetected_chromedriver!GetHandleVerifier [0x983e42+19022]
	undetected_chromedriver!GetHandleVerifier [0x96d45f+263f]
	KERNEL32!BaseThreadInitThunk [0x77365d49+19]
	ntdll!RtlInitializeExceptionChain [0x776ed83b+6b]
	ntdll!RtlGetAppContainerNamedObjectPath [0x776ed7c1+231]

[2026-05-05 08:33:15.499] [DEBUG   ] [bot.scanner] Error escaneando tile 'Auto Roulette': Message: no such element: Unable to locate element: {"method":"css selector","selector":"[id="5bzl2835s5ruvweg-225"]"}
  (Session info: chrome=147.0.7727.138); For documentation on this error, please visit: https://www.selenium.dev/documentation/webdriver/troubleshooting/errors#nosuchelementexception
Stacktrace:
	undetected_chromedriver!GetHandleVerifier [0x97b373+10553]
	undetected_chromedriver!GetHandleVerifier [0x97b4a4+10684]
	undetected_chromedriver!(No symbol) [0x781e10]
	undetected_chromedriver!(No symbol) [0x7ca9da]
	undetected_chromedriver!(No symbol) [0x7cac7b]
	undetected_chromedriver!(No symbol) [0x80d162]
	undetected_chromedriver!(No symbol) [0x7ed8b4]
	undetected_chromedriver!(No symbol) [0x80aa36]
	undetected_chromedriver!(No symbol) [0x7ed606]
	undetected_chromedriver!(No symbol) [0x7c0039]
	undetected_chromedriver!(No symbol) [0x7c0df4]
	undetected_chromedriver!GetHandleVerifier [0xbfddb4+292f94]
	undetected_chromedriver!GetHandleVerifier [0xbf937d+28e55d]
	undetected_chromedriver!GetHandleVerifier [0xc18215+2ad3f5]
	undetected_chromedriver!GetHandleVerifier [0x994c18+29df8]
	undetected_chromedriver!GetHandleVerifier [0x99c6fd+318dd]
	undetected_chromedriver!GetHandleVerifier [0x983c78+18e58]
	undetected_chromedriver!GetHandleVerifier [0x983e42+19022]
	undetected_chromedriver!GetHandleVerifier [0x96d45f+263f]
	KERNEL32!BaseThreadInitThunk [0x77365d49+19]
	ntdll!RtlInitializeExceptionChain [0x776ed83b+6b]
	ntdll!RtlGetAppContainerNamedObjectPath [0x776ed7c1+231]

[2026-05-05 08:33:15.509] [DEBUG   ] [bot.scanner] Error escaneando tile 'Stake Roulette': Message: no such element: Unable to locate element: {"method":"css selector","selector":"[id="rw321stakerws321-236"]"}
  (Session info: chrome=147.0.7727.138); For documentation on this error, please visit: https://www.selenium.dev/documentation/webdriver/troubleshooting/errors#nosuchelementexception
Stacktrace:
	undetected_chromedriver!GetHandleVerifier [0x97b373+10553]
	undetected_chromedriver!GetHandleVerifier [0x97b4a4+10684]
	undetected_chromedriver!(No symbol) [0x781e10]
	undetected_chromedriver!(No symbol) [0x7ca9da]
	undetected_chromedriver!(No symbol) [0x7cac7b]
	undetected_chromedriver!(No symbol) [0x80d162]
	undetected_chromedriver!(No symbol) [0x7ed8b4]
	undetected_chromedriver!(No symbol) [0x80aa36]
	undetected_chromedriver!(No symbol) [0x7ed606]
	undetected_chromedriver!(No symbol) [0x7c0039]
	undetected_chromedriver!(No symbol) [0x7c0df4]
	undetected_chromedriver!GetHandleVerifier [0xbfddb4+292f94]
	undetected_chromedriver!GetHandleVerifier [0xbf937d+28e55d]
	undetected_chromedriver!GetHandleVerifier [0xc18215+2ad3f5]
	undetected_chromedriver!GetHandleVerifier [0x994c18+29df8]
	undetected_chromedriver!GetHandleVerifier [0x99c6fd+318dd]
	undetected_chromedriver!GetHandleVerifier [0x983c78+18e58]
	undetected_chromedriver!GetHandleVerifier [0x983e42+19022]
	undetected_chromedriver!GetHandleVerifier [0x96d45f+263f]
	KERNEL32!BaseThreadInitThunk [0x77365d49+19]
	ntdll!RtlInitializeExceptionChain [0x776ed83b+6b]
	ntdll!RtlGetAppContainerNamedObjectPath [0x776ed7c1+231]

[2026-05-05 08:33:15.516] [DEBUG   ] [bot.scanner] Error escaneando tile 'Turkish Roulette': Message: no such element: Unable to locate element: {"method":"css selector","selector":"[id="p8l1j84prrmxzyic-224"]"}
  (Session info: chrome=147.0.7727.138); For documentation on this error, please visit: https://www.selenium.dev/documentation/webdriver/troubleshooting/errors#nosuchelementexception
Stacktrace:
	undetected_chromedriver!GetHandleVerifier [0x97b373+10553]
	undetected_chromedriver!GetHandleVerifier [0x97b4a4+10684]
	undetected_chromedriver!(No symbol) [0x781e10]
	undetected_chromedriver!(No symbol) [0x7ca9da]
	undetected_chromedriver!(No symbol) [0x7cac7b]
	undetected_chromedriver!(No symbol) [0x80d162]
	undetected_chromedriver!(No symbol) [0x7ed8b4]
	undetected_chromedriver!(No symbol) [0x80aa36]
	undetected_chromedriver!(No symbol) [0x7ed606]
	undetected_chromedriver!(No symbol) [0x7c0039]
	undetected_chromedriver!(No symbol) [0x7c0df4]
	undetected_chromedriver!GetHandleVerifier [0xbfddb4+292f94]
	undetected_chromedriver!GetHandleVerifier [0xbf937d+28e55d]
	undetected_chromedriver!GetHandleVerifier [0xc18215+2ad3f5]
	undetected_chromedriver!GetHandleVerifier [0x994c18+29df8]
	undetected_chromedriver!GetHandleVerifier [0x99c6fd+318dd]
	undetected_chromedriver!GetHandleVerifier [0x983c78+18e58]
	undetected_chromedriver!GetHandleVerifier [0x983e42+19022]
	undetected_chromedriver!GetHandleVerifier [0x96d45f+263f]
	KERNEL32!BaseThreadInitThunk [0x77365d49+19]
	ntdll!RtlInitializeExceptionChain [0x776ed83b+6b]
	ntdll!RtlGetAppContainerNamedObjectPath [0x776ed7c1+231]

[2026-05-05 08:33:15.567] [DEBUG   ] [bot.scanner] Error escaneando tile 'German Roulette': Message: no such element: Unable to locate element: {"method":"css selector","selector":"[id="s2x6b4jdeqza2ge2-222"]"}
  (Session info: chrome=147.0.7727.138); For documentation on this error, please visit: https://www.selenium.dev/documentation/webdriver/troubleshooting/errors#nosuchelementexception
Stacktrace:
	undetected_chromedriver!GetHandleVerifier [0x97b373+10553]
	undetected_chromedriver!GetHandleVerifier [0x97b4a4+10684]
	undetected_chromedriver!(No symbol) [0x781e10]
	undetected_chromedriver!(No symbol) [0x7ca9da]
	undetected_chromedriver!(No symbol) [0x7cac7b]
	undetected_chromedriver!(No symbol) [0x80d162]
	undetected_chromedriver!(No symbol) [0x7ed8b4]
	undetected_chromedriver!(No symbol) [0x80aa36]
	undetected_chromedriver!(No symbol) [0x7ed606]
	undetected_chromedriver!(No symbol) [0x7c0039]
	undetected_chromedriver!(No symbol) [0x7c0df4]
	undetected_chromedriver!GetHandleVerifier [0xbfddb4+292f94]
	undetected_chromedriver!GetHandleVerifier [0xbf937d+28e55d]
	undetected_chromedriver!GetHandleVerifier [0xc18215+2ad3f5]
	undetected_chromedriver!GetHandleVerifier [0x994c18+29df8]
	undetected_chromedriver!GetHandleVerifier [0x99c6fd+318dd]
	undetected_chromedriver!GetHandleVerifier [0x983c78+18e58]
	undetected_chromedriver!GetHandleVerifier [0x983e42+19022]
	undetected_chromedriver!GetHandleVerifier [0x96d45f+263f]
	KERNEL32!BaseThreadInitThunk [0x77365d49+19]
	ntdll!RtlInitializeExceptionChain [0x776ed83b+6b]
	ntdll!RtlGetAppContainerNamedObjectPath [0x776ed7c1+231]

[2026-05-05 08:33:15.595] [DEBUG   ] [bot.scanner] Error escaneando tile 'Romanian Roulette': Message: no such element: Unable to locate element: {"method":"css selector","selector":"[id="romania233rwl291-233"]"}
  (Session info: chrome=147.0.7727.138); For documentation on this error, please visit: https://www.selenium.dev/documentation/webdriver/troubleshooting/errors#nosuchelementexception
Stacktrace:
	undetected_chromedriver!GetHandleVerifier [0x97b373+10553]
	undetected_chromedriver!GetHandleVerifier [0x97b4a4+10684]
	undetected_chromedriver!(No symbol) [0x781e10]
	undetected_chromedriver!(No symbol) [0x7ca9da]
	undetected_chromedriver!(No symbol) [0x7cac7b]
	undetected_chromedriver!(No symbol) [0x80d162]
	undetected_chromedriver!(No symbol) [0x7ed8b4]
	undetected_chromedriver!(No symbol) [0x80aa36]
	undetected_chromedriver!(No symbol) [0x7ed606]
	undetected_chromedriver!(No symbol) [0x7c0039]
	undetected_chromedriver!(No symbol) [0x7c0df4]
	undetected_chromedriver!GetHandleVerifier [0xbfddb4+292f94]
	undetected_chromedriver!GetHandleVerifier [0xbf937d+28e55d]
	undetected_chromedriver!GetHandleVerifier [0xc18215+2ad3f5]
	undetected_chromedriver!GetHandleVerifier [0x994c18+29df8]
	undetected_chromedriver!GetHandleVerifier [0x99c6fd+318dd]
	undetected_chromedriver!GetHandleVerifier [0x983c78+18e58]
	undetected_chromedriver!GetHandleVerifier [0x983e42+19022]
	undetected_chromedriver!GetHandleVerifier [0x96d45f+263f]
	KERNEL32!BaseThreadInitThunk [0x77365d49+19]
	ntdll!RtlInitializeExceptionChain [0x776ed83b+6b]
	ntdll!RtlGetAppContainerNamedObjectPath [0x776ed7c1+231]

[2026-05-05 08:33:15.610] [DEBUG   ] [bot.scanner] Error escaneando tile 'Roulette Italia Tricolore': Message: no such element: Unable to locate element: {"method":"css selector","selector":"[id="v1c52fgw7yy02upz-223"]"}
  (Session info: chrome=147.0.7727.138); For documentation on this error, please visit: https://www.selenium.dev/documentation/webdriver/troubleshooting/errors#nosuchelementexception
Stacktrace:
	undetected_chromedriver!GetHandleVerifier [0x97b373+10553]
	undetected_chromedriver!GetHandleVerifier [0x97b4a4+10684]
	undetected_chromedriver!(No symbol) [0x781e10]
	undetected_chromedriver!(No symbol) [0x7ca9da]
	undetected_chromedriver!(No symbol) [0x7cac7b]
	undetected_chromedriver!(No symbol) [0x80d162]
	undetected_chromedriver!(No symbol) [0x7ed8b4]
	undetected_chromedriver!(No symbol) [0x80aa36]
	undetected_chromedriver!(No symbol) [0x7ed606]
	undetected_chromedriver!(No symbol) [0x7c0039]
	undetected_chromedriver!(No symbol) [0x7c0df4]
	undetected_chromedriver!GetHandleVerifier [0xbfddb4+292f94]
	undetected_chromedriver!GetHandleVerifier [0xbf937d+28e55d]
	undetected_chromedriver!GetHandleVerifier [0xc18215+2ad3f5]
	undetected_chromedriver!GetHandleVerifier [0x994c18+29df8]
	undetected_chromedriver!GetHandleVerifier [0x99c6fd+318dd]
	undetected_chromedriver!GetHandleVerifier [0x983c78+18e58]
	undetected_chromedriver!GetHandleVerifier [0x983e42+19022]
	undetected_chromedriver!GetHandleVerifier [0x96d45f+263f]
	KERNEL32!BaseThreadInitThunk [0x77365d49+19]
	ntdll!RtlInitializeExceptionChain [0x776ed83b+6b]
	ntdll!RtlGetAppContainerNamedObjectPath [0x776ed7c1+231]

[2026-05-05 08:33:15.618] [DEBUG   ] [bot.scanner] Error escaneando tile 'Russian Roulette': Message: no such element: Unable to locate element: {"method":"css selector","selector":"[id="t4jzencinod6iqwi-221"]"}
  (Session info: chrome=147.0.7727.138); For documentation on this error, please visit: https://www.selenium.dev/documentation/webdriver/troubleshooting/errors#nosuchelementexception
Stacktrace:
	undetected_chromedriver!GetHandleVerifier [0x97b373+10553]
	undetected_chromedriver!GetHandleVerifier [0x97b4a4+10684]
	undetected_chromedriver!(No symbol) [0x781e10]
	undetected_chromedriver!(No symbol) [0x7ca9da]
	undetected_chromedriver!(No symbol) [0x7cac7b]
	undetected_chromedriver!(No symbol) [0x80d162]
	undetected_chromedriver!(No symbol) [0x7ed8b4]
	undetected_chromedriver!(No symbol) [0x80aa36]
	undetected_chromedriver!(No symbol) [0x7ed606]
	undetected_chromedriver!(No symbol) [0x7c0039]
	undetected_chromedriver!(No symbol) [0x7c0df4]
	undetected_chromedriver!GetHandleVerifier [0xbfddb4+292f94]
	undetected_chromedriver!GetHandleVerifier [0xbf937d+28e55d]
	undetected_chromedriver!GetHandleVerifier [0xc18215+2ad3f5]
	undetected_chromedriver!GetHandleVerifier [0x994c18+29df8]
	undetected_chromedriver!GetHandleVerifier [0x99c6fd+318dd]
	undetected_chromedriver!GetHandleVerifier [0x983c78+18e58]
	undetected_chromedriver!GetHandleVerifier [0x983e42+19022]
	undetected_chromedriver!GetHandleVerifier [0x96d45f+263f]
	KERNEL32!BaseThreadInitThunk [0x77365d49+19]
	ntdll!RtlInitializeExceptionChain [0x776ed83b+6b]
	ntdll!RtlGetAppContainerNamedObjectPath [0x776ed7c1+231]

[2026-05-05 08:33:15.628] [DEBUG   ] [bot.scanner] Error escaneando tile 'Dutch Roulette': Message: no such element: Unable to locate element: {"method":"css selector","selector":"[id="dutchrw235rwl293-235"]"}
  (Session info: chrome=147.0.7727.138); For documentation on this error, please visit: https://www.selenium.dev/documentation/webdriver/troubleshooting/errors#nosuchelementexception
Stacktrace:
	undetected_chromedriver!GetHandleVerifier [0x97b373+10553]
	undetected_chromedriver!GetHandleVerifier [0x97b4a4+10684]
	undetected_chromedriver!(No symbol) [0x781e10]
	undetected_chromedriver!(No symbol) [0x7ca9da]
	undetected_chromedriver!(No symbol) [0x7cac7b]
	undetected_chromedriver!(No symbol) [0x80d162]
	undetected_chromedriver!(No symbol) [0x7ed8b4]
	undetected_chromedriver!(No symbol) [0x80aa36]
	undetected_chromedriver!(No symbol) [0x7ed606]
	undetected_chromedriver!(No symbol) [0x7c0039]
	undetected_chromedriver!(No symbol) [0x7c0df4]
	undetected_chromedriver!GetHandleVerifier [0xbfddb4+292f94]
	undetected_chromedriver!GetHandleVerifier [0xbf937d+28e55d]
	undetected_chromedriver!GetHandleVerifier [0xc18215+2ad3f5]
	undetected_chromedriver!GetHandleVerifier [0x994c18+29df8]
	undetected_chromedriver!GetHandleVerifier [0x99c6fd+318dd]
	undetected_chromedriver!GetHandleVerifier [0x983c78+18e58]
	undetected_chromedriver!GetHandleVerifier [0x983e42+19022]
	undetected_chromedriver!GetHandleVerifier [0x96d45f+263f]
	KERNEL32!BaseThreadInitThunk [0x77365d49+19]
	ntdll!RtlInitializeExceptionChain [0x776ed83b+6b]
	ntdll!RtlGetAppContainerNamedObjectPath [0x776ed7c1+231]

[2026-05-05 08:33:16.164] [DEBUG   ] [bot.scanner] Error escaneando tile 'Ruleta Latina': Message: no such element: Unable to locate element: {"method":"css selector","selector":"[id="roulerw234rwl292-234"]"}
  (Session info: chrome=147.0.7727.138); For documentation on this error, please visit: https://www.selenium.dev/documentation/webdriver/troubleshooting/errors#nosuchelementexception
Stacktrace:
	undetected_chromedriver!GetHandleVerifier [0x97b373+10553]
	undetected_chromedriver!GetHandleVerifier [0x97b4a4+10684]
	undetected_chromedriver!(No symbol) [0x781e10]
	undetected_chromedriver!(No symbol) [0x7ca9da]
	undetected_chromedriver!(No symbol) [0x7cac7b]
	undetected_chromedriver!(No symbol) [0x80d162]
	undetected_chromedriver!(No symbol) [0x7ed8b4]
	undetected_chromedriver!(No symbol) [0x80aa36]
	undetected_chromedriver!(No symbol) [0x7ed606]
	undetected_chromedriver!(No symbol) [0x7c0039]
	undetected_chromedriver!(No symbol) [0x7c0df4]
	undetected_chromedriver!GetHandleVerifier [0xbfddb4+292f94]
	undetected_chromedriver!GetHandleVerifier [0xbf937d+28e55d]
	undetected_chromedriver!GetHandleVerifier [0xc18215+2ad3f5]
	undetected_chromedriver!GetHandleVerifier [0x994c18+29df8]
	undetected_chromedriver!GetHandleVerifier [0x99c6fd+318dd]
	undetected_chromedriver!GetHandleVerifier [0x983c78+18e58]
	undetected_chromedriver!GetHandleVerifier [0x983e42+19022]
	undetected_chromedriver!GetHandleVerifier [0x96d45f+263f]
	KERNEL32!BaseThreadInitThunk [0x77365d49+19]
	ntdll!RtlInitializeExceptionChain [0x776ed83b+6b]
	ntdll!RtlGetAppContainerNamedObjectPath [0x776ed7c1+231]

[2026-05-05 08:33:16.175] [DEBUG   ] [bot.scanner] Error escaneando tile 'Mega Roulette': Message: no such element: Unable to locate element: {"method":"css selector","selector":"[id="1hl65ce1lxuqdrkr-204"]"}
  (Session info: chrome=147.0.7727.138); For documentation on this error, please visit: https://www.selenium.dev/documentation/webdriver/troubleshooting/errors#nosuchelementexception
Stacktrace:
	undetected_chromedriver!GetHandleVerifier [0x97b373+10553]
	undetected_chromedriver!GetHandleVerifier [0x97b4a4+10684]
	undetected_chromedriver!(No symbol) [0x781e10]
	undetected_chromedriver!(No symbol) [0x7ca9da]
	undetected_chromedriver!(No symbol) [0x7cac7b]
	undetected_chromedriver!(No symbol) [0x80d162]
	undetected_chromedriver!(No symbol) [0x7ed8b4]
	undetected_chromedriver!(No symbol) [0x80aa36]
	undetected_chromedriver!(No symbol) [0x7ed606]
	undetected_chromedriver!(No symbol) [0x7c0039]
	undetected_chromedriver!(No symbol) [0x7c0df4]
	undetected_chromedriver!GetHandleVerifier [0xbfddb4+292f94]
	undetected_chromedriver!GetHandleVerifier [0xbf937d+28e55d]
	undetected_chromedriver!GetHandleVerifier [0xc18215+2ad3f5]
	undetected_chromedriver!GetHandleVerifier [0x994c18+29df8]
	undetected_chromedriver!GetHandleVerifier [0x99c6fd+318dd]
	undetected_chromedriver!GetHandleVerifier [0x983c78+18e58]
	undetected_chromedriver!GetHandleVerifier [0x983e42+19022]
	undetected_chromedriver!GetHandleVerifier [0x96d45f+263f]
	KERNEL32!BaseThreadInitThunk [0x77365d49+19]
	ntdll!RtlInitializeExceptionChain [0x776ed83b+6b]
	ntdll!RtlGetAppContainerNamedObjectPath [0x776ed7c1+231]

[2026-05-05 08:33:16.191] [DEBUG   ] [bot.scanner] Error escaneando tile 'Brazilian Roulette': Message: no such element: Unable to locate element: {"method":"css selector","selector":"[id="rwbrzportrwa16rg-237"]"}
  (Session info: chrome=147.0.7727.138); For documentation on this error, please visit: https://www.selenium.dev/documentation/webdriver/troubleshooting/errors#nosuchelementexception
Stacktrace:
	undetected_chromedriver!GetHandleVerifier [0x97b373+10553]
	undetected_chromedriver!GetHandleVerifier [0x97b4a4+10684]
	undetected_chromedriver!(No symbol) [0x781e10]
	undetected_chromedriver!(No symbol) [0x7ca9da]
	undetected_chromedriver!(No symbol) [0x7cac7b]
	undetected_chromedriver!(No symbol) [0x80d162]
	undetected_chromedriver!(No symbol) [0x7ed8b4]
	undetected_chromedriver!(No symbol) [0x80aa36]
	undetected_chromedriver!(No symbol) [0x7ed606]
	undetected_chromedriver!(No symbol) [0x7c0039]
	undetected_chromedriver!(No symbol) [0x7c0df4]
	undetected_chromedriver!GetHandleVerifier [0xbfddb4+292f94]
	undetected_chromedriver!GetHandleVerifier [0xbf937d+28e55d]
	undetected_chromedriver!GetHandleVerifier [0xc18215+2ad3f5]
	undetected_chromedriver!GetHandleVerifier [0x994c18+29df8]
	undetected_chromedriver!GetHandleVerifier [0x99c6fd+318dd]
	undetected_chromedriver!GetHandleVerifier [0x983c78+18e58]
	undetected_chromedriver!GetHandleVerifier [0x983e42+19022]
	undetected_chromedriver!GetHandleVerifier [0x96d45f+263f]
	KERNEL32!BaseThreadInitThunk [0x77365d49+19]
	ntdll!RtlInitializeExceptionChain [0x776ed83b+6b]
	ntdll!RtlGetAppContainerNamedObjectPath [0x776ed7c1+231]

[2026-05-05 08:33:16.199] [DEBUG   ] [bot.scanner] Error escaneando tile 'Roulette 1': Message: no such element: Unable to locate element: {"method":"css selector","selector":"[id="g03y1t9vvuhrfytl-227"]"}
  (Session info: chrome=147.0.7727.138); For documentation on this error, please visit: https://www.selenium.dev/documentation/webdriver/troubleshooting/errors#nosuchelementexception
Stacktrace:
	undetected_chromedriver!GetHandleVerifier [0x97b373+10553]
	undetected_chromedriver!GetHandleVerifier [0x97b4a4+10684]
	undetected_chromedriver!(No symbol) [0x781e10]
	undetected_chromedriver!(No symbol) [0x7ca9da]
	undetected_chromedriver!(No symbol) [0x7cac7b]
	undetected_chromedriver!(No symbol) [0x80d162]
	undetected_chromedriver!(No symbol) [0x7ed8b4]
	undetected_chromedriver!(No symbol) [0x80aa36]
	undetected_chromedriver!(No symbol) [0x7ed606]
	undetected_chromedriver!(No symbol) [0x7c0039]
	undetected_chromedriver!(No symbol) [0x7c0df4]
	undetected_chromedriver!GetHandleVerifier [0xbfddb4+292f94]
	undetected_chromedriver!GetHandleVerifier [0xbf937d+28e55d]
	undetected_chromedriver!GetHandleVerifier [0xc18215+2ad3f5]
	undetected_chromedriver!GetHandleVerifier [0x994c18+29df8]
	undetected_chromedriver!GetHandleVerifier [0x99c6fd+318dd]
	undetected_chromedriver!GetHandleVerifier [0x983c78+18e58]
	undetected_chromedriver!GetHandleVerifier [0x983e42+19022]
	undetected_chromedriver!GetHandleVerifier [0x96d45f+263f]
	KERNEL32!BaseThreadInitThunk [0x77365d49+19]
	ntdll!RtlInitializeExceptionChain [0x776ed83b+6b]
	ntdll!RtlGetAppContainerNamedObjectPath [0x776ed7c1+231]

[2026-05-05 08:33:16.211] [DEBUG   ] [bot.scanner] Error escaneando tile 'Roulette 3': Message: no such element: Unable to locate element: {"method":"css selector","selector":"[id="chroma229rwltr22-230"]"}
  (Session info: chrome=147.0.7727.138); For documentation on this error, please visit: https://www.selenium.dev/documentation/webdriver/troubleshooting/errors#nosuchelementexception
Stacktrace:
	undetected_chromedriver!GetHandleVerifier [0x97b373+10553]
	undetected_chromedriver!GetHandleVerifier [0x97b4a4+10684]
	undetected_chromedriver!(No symbol) [0x781e10]
	undetected_chromedriver!(No symbol) [0x7ca9da]
	undetected_chromedriver!(No symbol) [0x7cac7b]
	undetected_chromedriver!(No symbol) [0x80d162]
	undetected_chromedriver!(No symbol) [0x7ed8b4]
	undetected_chromedriver!(No symbol) [0x80aa36]
	undetected_chromedriver!(No symbol) [0x7ed606]
	undetected_chromedriver!(No symbol) [0x7c0039]
	undetected_chromedriver!(No symbol) [0x7c0df4]
	undetected_chromedriver!GetHandleVerifier [0xbfddb4+292f94]
	undetected_chromedriver!GetHandleVerifier [0xbf937d+28e55d]
	undetected_chromedriver!GetHandleVerifier [0xc18215+2ad3f5]
	undetected_chromedriver!GetHandleVerifier [0x994c18+29df8]
	undetected_chromedriver!GetHandleVerifier [0x99c6fd+318dd]
	undetected_chromedriver!GetHandleVerifier [0x983c78+18e58]
	undetected_chromedriver!GetHandleVerifier [0x983e42+19022]
	undetected_chromedriver!GetHandleVerifier [0x96d45f+263f]
	KERNEL32!BaseThreadInitThunk [0x77365d49+19]
	ntdll!RtlInitializeExceptionChain [0x776ed83b+6b]
	ntdll!RtlGetAppContainerNamedObjectPath [0x776ed7c1+231]

[2026-05-05 08:33:16.220] [DEBUG   ] [bot.scanner] Error escaneando tile 'Roulette Macao': Message: no such element: Unable to locate element: {"method":"css selector","selector":"[id="yqpz3ichst2xg439-206"]"}
  (Session info: chrome=147.0.7727.138); For documentation on this error, please visit: https://www.selenium.dev/documentation/webdriver/troubleshooting/errors#nosuchelementexception
Stacktrace:
	undetected_chromedriver!GetHandleVerifier [0x97b373+10553]
	undetected_chromedriver!GetHandleVerifier [0x97b4a4+10684]
	undetected_chromedriver!(No symbol) [0x781e10]
	undetected_chromedriver!(No symbol) [0x7ca9da]
	undetected_chromedriver!(No symbol) [0x7cac7b]
	undetected_chromedriver!(No symbol) [0x80d162]
	undetected_chromedriver!(No symbol) [0x7ed8b4]
	undetected_chromedriver!(No symbol) [0x80aa36]
	undetected_chromedriver!(No symbol) [0x7ed606]
	undetected_chromedriver!(No symbol) [0x7c0039]
	undetected_chromedriver!(No symbol) [0x7c0df4]
	undetected_chromedriver!GetHandleVerifier [0xbfddb4+292f94]
	undetected_chromedriver!GetHandleVerifier [0xbf937d+28e55d]
	undetected_chromedriver!GetHandleVerifier [0xc18215+2ad3f5]
	undetected_chromedriver!GetHandleVerifier [0x994c18+29df8]
	undetected_chromedriver!GetHandleVerifier [0x99c6fd+318dd]
	undetected_chromedriver!GetHandleVerifier [0x983c78+18e58]
	undetected_chromedriver!GetHandleVerifier [0x983e42+19022]
	undetected_chromedriver!GetHandleVerifier [0x96d45f+263f]
	KERNEL32!BaseThreadInitThunk [0x77365d49+19]
	ntdll!RtlInitializeExceptionChain [0x776ed83b+6b]
	ntdll!RtlGetAppContainerNamedObjectPath [0x776ed7c1+231]

[2026-05-05 08:33:16.230] [DEBUG   ] [bot.scanner] Error escaneando tile 'Roulette 2 Extra Time': Message: no such element: Unable to locate element: {"method":"css selector","selector":"[id="5kvxlw4c1qm3xcyn-201"]"}
  (Session info: chrome=147.0.7727.138); For documentation on this error, please visit: https://www.selenium.dev/documentation/webdriver/troubleshooting/errors#nosuchelementexception
Stacktrace:
	undetected_chromedriver!GetHandleVerifier [0x97b373+10553]
	undetected_chromedriver!GetHandleVerifier [0x97b4a4+10684]
	undetected_chromedriver!(No symbol) [0x781e10]
	undetected_chromedriver!(No symbol) [0x7ca9da]
	undetected_chromedriver!(No symbol) [0x7cac7b]
	undetected_chromedriver!(No symbol) [0x80d162]
	undetected_chromedriver!(No symbol) [0x7ed8b4]
	undetected_chromedriver!(No symbol) [0x80aa36]
	undetected_chromedriver!(No symbol) [0x7ed606]
	undetected_chromedriver!(No symbol) [0x7c0039]
	undetected_chromedriver!(No symbol) [0x7c0df4]
	undetected_chromedriver!GetHandleVerifier [0xbfddb4+292f94]
	undetected_chromedriver!GetHandleVerifier [0xbf937d+28e55d]
	undetected_chromedriver!GetHandleVerifier [0xc18215+2ad3f5]
	undetected_chromedriver!GetHandleVerifier [0x994c18+29df8]
	undetected_chromedriver!GetHandleVerifier [0x99c6fd+318dd]
	undetected_chromedriver!GetHandleVerifier [0x983c78+18e58]
	undetected_chromedriver!GetHandleVerifier [0x983e42+19022]
	undetected_chromedriver!GetHandleVerifier [0x96d45f+263f]
	KERNEL32!BaseThreadInitThunk [0x77365d49+19]
	ntdll!RtlInitializeExceptionChain [0x776ed83b+6b]
	ntdll!RtlGetAppContainerNamedObjectPath [0x776ed7c1+231]

[2026-05-05 08:33:16.240] [DEBUG   ] [bot.scanner] Error escaneando tile 'Brazilian Mega Roulette': Message: no such element: Unable to locate element: {"method":"css selector","selector":"[id="mrbras531mrbr532-287"]"}
  (Session info: chrome=147.0.7727.138); For documentation on this error, please visit: https://www.selenium.dev/documentation/webdriver/troubleshooting/errors#nosuchelementexception
Stacktrace:
	undetected_chromedriver!GetHandleVerifier [0x97b373+10553]
	undetected_chromedriver!GetHandleVerifier [0x97b4a4+10684]
	undetected_chromedriver!(No symbol) [0x781e10]
	undetected_chromedriver!(No symbol) [0x7ca9da]
	undetected_chromedriver!(No symbol) [0x7cac7b]
	undetected_chromedriver!(No symbol) [0x80d162]
	undetected_chromedriver!(No symbol) [0x7ed8b4]
	undetected_chromedriver!(No symbol) [0x80aa36]
	undetected_chromedriver!(No symbol) [0x7ed606]
	undetected_chromedriver!(No symbol) [0x7c0039]
	undetected_chromedriver!(No symbol) [0x7c0df4]
	undetected_chromedriver!GetHandleVerifier [0xbfddb4+292f94]
	undetected_chromedriver!GetHandleVerifier [0xbf937d+28e55d]
	undetected_chromedriver!GetHandleVerifier [0xc18215+2ad3f5]
	undetected_chromedriver!GetHandleVerifier [0x994c18+29df8]
	undetected_chromedriver!GetHandleVerifier [0x99c6fd+318dd]
	undetected_chromedriver!GetHandleVerifier [0x983c78+18e58]
	undetected_chromedriver!GetHandleVerifier [0x983e42+19022]
	undetected_chromedriver!GetHandleVerifier [0x96d45f+263f]
	KERNEL32!BaseThreadInitThunk [0x77365d49+19]
	ntdll!RtlInitializeExceptionChain [0x776ed83b+6b]
	ntdll!RtlGetAppContainerNamedObjectPath [0x776ed7c1+231]

[2026-05-05 08:33:16.248] [DEBUG   ] [bot.scanner] Error escaneando tile 'Lucky 6 Roulette': Message: no such element: Unable to locate element: {"method":"css selector","selector":"[id="lucky6roulettea3-211a1"]"}
  (Session info: chrome=147.0.7727.138); For documentation on this error, please visit: https://www.selenium.dev/documentation/webdriver/troubleshooting/errors#nosuchelementexception
Stacktrace:
	undetected_chromedriver!GetHandleVerifier [0x97b373+10553]
	undetected_chromedriver!GetHandleVerifier [0x97b4a4+10684]
	undetected_chromedriver!(No symbol) [0x781e10]
	undetected_chromedriver!(No symbol) [0x7ca9da]
	undetected_chromedriver!(No symbol) [0x7cac7b]
	undetected_chromedriver!(No symbol) [0x80d162]
	undetected_chromedriver!(No symbol) [0x7ed8b4]
	undetected_chromedriver!(No symbol) [0x80aa36]
	undetected_chromedriver!(No symbol) [0x7ed606]
	undetected_chromedriver!(No symbol) [0x7c0039]
	undetected_chromedriver!(No symbol) [0x7c0df4]
	undetected_chromedriver!GetHandleVerifier [0xbfddb4+292f94]
	undetected_chromedriver!GetHandleVerifier [0xbf937d+28e55d]
	undetected_chromedriver!GetHandleVerifier [0xc18215+2ad3f5]
	undetected_chromedriver!GetHandleVerifier [0x994c18+29df8]
	undetected_chromedriver!GetHandleVerifier [0x99c6fd+318dd]
	undetected_chromedriver!GetHandleVerifier [0x983c78+18e58]
	undetected_chromedriver!GetHandleVerifier [0x983e42+19022]
	undetected_chromedriver!GetHandleVerifier [0x96d45f+263f]
	KERNEL32!BaseThreadInitThunk [0x77365d49+19]
	ntdll!RtlInitializeExceptionChain [0x776ed83b+6b]
	ntdll!RtlGetAppContainerNamedObjectPath [0x776ed7c1+231]

[2026-05-05 08:33:16.259] [DEBUG   ] [bot.scanner] Error escaneando tile 'Auto Roulette': Message: no such element: Unable to locate element: {"method":"css selector","selector":"[id="5bzl2835s5ruvweg-225"]"}
  (Session info: chrome=147.0.7727.138); For documentation on this error, please visit: https://www.selenium.dev/documentation/webdriver/troubleshooting/errors#nosuchelementexception
Stacktrace:
	undetected_chromedriver!GetHandleVerifier [0x97b373+10553]
	undetected_chromedriver!GetHandleVerifier [0x97b4a4+10684]
	undetected_chromedriver!(No symbol) [0x781e10]
	undetected_chromedriver!(No symbol) [0x7ca9da]
	undetected_chromedriver!(No symbol) [0x7cac7b]
	undetected_chromedriver!(No symbol) [0x80d162]
	undetected_chromedriver!(No symbol) [0x7ed8b4]
	undetected_chromedriver!(No symbol) [0x80aa36]
	undetected_chromedriver!(No symbol) [0x7ed606]
	undetected_chromedriver!(No symbol) [0x7c0039]
	undetected_chromedriver!(No symbol) [0x7c0df4]
	undetected_chromedriver!GetHandleVerifier [0xbfddb4+292f94]
	undetected_chromedriver!GetHandleVerifier [0xbf937d+28e55d]
	undetected_chromedriver!GetHandleVerifier [0xc18215+2ad3f5]
	undetected_chromedriver!GetHandleVerifier [0x994c18+29df8]
	undetected_chromedriver!GetHandleVerifier [0x99c6fd+318dd]
	undetected_chromedriver!GetHandleVerifier [0x983c78+18e58]
	undetected_chromedriver!GetHandleVerifier [0x983e42+19022]
	undetected_chromedriver!GetHandleVerifier [0x96d45f+263f]
	KERNEL32!BaseThreadInitThunk [0x77365d49+19]
	ntdll!RtlInitializeExceptionChain [0x776ed83b+6b]
	ntdll!RtlGetAppContainerNamedObjectPath [0x776ed7c1+231]

[2026-05-05 08:33:16.269] [DEBUG   ] [bot.scanner] Error escaneando tile 'Stake Roulette': Message: no such element: Unable to locate element: {"method":"css selector","selector":"[id="rw321stakerws321-236"]"}
  (Session info: chrome=147.0.7727.138); For documentation on this error, please visit: https://www.selenium.dev/documentation/webdriver/troubleshooting/errors#nosuchelementexception
Stacktrace:
	undetected_chromedriver!GetHandleVerifier [0x97b373+10553]
	undetected_chromedriver!GetHandleVerifier [0x97b4a4+10684]
	undetected_chromedriver!(No symbol) [0x781e10]
	undetected_chromedriver!(No symbol) [0x7ca9da]
	undetected_chromedriver!(No symbol) [0x7cac7b]
	undetected_chromedriver!(No symbol) [0x80d162]
	undetected_chromedriver!(No symbol) [0x7ed8b4]
	undetected_chromedriver!(No symbol) [0x80aa36]
	undetected_chromedriver!(No symbol) [0x7ed606]
	undetected_chromedriver!(No symbol) [0x7c0039]
	undetected_chromedriver!(No symbol) [0x7c0df4]
	undetected_chromedriver!GetHandleVerifier [0xbfddb4+292f94]
	undetected_chromedriver!GetHandleVerifier [0xbf937d+28e55d]
	undetected_chromedriver!GetHandleVerifier [0xc18215+2ad3f5]
	undetected_chromedriver!GetHandleVerifier [0x994c18+29df8]
	undetected_chromedriver!GetHandleVerifier [0x99c6fd+318dd]
	undetected_chromedriver!GetHandleVerifier [0x983c78+18e58]
	undetected_chromedriver!GetHandleVerifier [0x983e42+19022]
	undetected_chromedriver!GetHandleVerifier [0x96d45f+263f]
	KERNEL32!BaseThreadInitThunk [0x77365d49+19]
	ntdll!RtlInitializeExceptionChain [0x776ed83b+6b]
	ntdll!RtlGetAppContainerNamedObjectPath [0x776ed7c1+231]

[2026-05-05 08:33:16.281] [DEBUG   ] [bot.scanner] Error escaneando tile 'Turkish Roulette': Message: no such element: Unable to locate element: {"method":"css selector","selector":"[id="p8l1j84prrmxzyic-224"]"}
  (Session info: chrome=147.0.7727.138); For documentation on this error, please visit: https://www.selenium.dev/documentation/webdriver/troubleshooting/errors#nosuchelementexception
Stacktrace:
	undetected_chromedriver!GetHandleVerifier [0x97b373+10553]
	undetected_chromedriver!GetHandleVerifier [0x97b4a4+10684]
	undetected_chromedriver!(No symbol) [0x781e10]
	undetected_chromedriver!(No symbol) [0x7ca9da]
	undetected_chromedriver!(No symbol) [0x7cac7b]
	undetected_chromedriver!(No symbol) [0x80d162]
	undetected_chromedriver!(No symbol) [0x7ed8b4]
	undetected_chromedriver!(No symbol) [0x80aa36]
	undetected_chromedriver!(No symbol) [0x7ed606]
	undetected_chromedriver!(No symbol) [0x7c0039]
	undetected_chromedriver!(No symbol) [0x7c0df4]
	undetected_chromedriver!GetHandleVerifier [0xbfddb4+292f94]
	undetected_chromedriver!GetHandleVerifier [0xbf937d+28e55d]
	undetected_chromedriver!GetHandleVerifier [0xc18215+2ad3f5]
	undetected_chromedriver!GetHandleVerifier [0x994c18+29df8]
	undetected_chromedriver!GetHandleVerifier [0x99c6fd+318dd]
	undetected_chromedriver!GetHandleVerifier [0x983c78+18e58]
	undetected_chromedriver!GetHandleVerifier [0x983e42+19022]
	undetected_chromedriver!GetHandleVerifier [0x96d45f+263f]
	KERNEL32!BaseThreadInitThunk [0x77365d49+19]
	ntdll!RtlInitializeExceptionChain [0x776ed83b+6b]
	ntdll!RtlGetAppContainerNamedObjectPath [0x776ed7c1+231]

[2026-05-05 08:33:16.311] [DEBUG   ] [bot.scanner] Error escaneando tile 'German Roulette': Message: no such element: Unable to locate element: {"method":"css selector","selector":"[id="s2x6b4jdeqza2ge2-222"]"}
  (Session info: chrome=147.0.7727.138); For documentation on this error, please visit: https://www.selenium.dev/documentation/webdriver/troubleshooting/errors#nosuchelementexception
Stacktrace:
	undetected_chromedriver!GetHandleVerifier [0x97b373+10553]
	undetected_chromedriver!GetHandleVerifier [0x97b4a4+10684]
	undetected_chromedriver!(No symbol) [0x781e10]
	undetected_chromedriver!(No symbol) [0x7ca9da]
	undetected_chromedriver!(No symbol) [0x7cac7b]
	undetected_chromedriver!(No symbol) [0x80d162]
	undetected_chromedriver!(No symbol) [0x7ed8b4]
	undetected_chromedriver!(No symbol) [0x80aa36]
	undetected_chromedriver!(No symbol) [0x7ed606]
	undetected_chromedriver!(No symbol) [0x7c0039]
	undetected_chromedriver!(No symbol) [0x7c0df4]
	undetected_chromedriver!GetHandleVerifier [0xbfddb4+292f94]
	undetected_chromedriver!GetHandleVerifier [0xbf937d+28e55d]
	undetected_chromedriver!GetHandleVerifier [0xc18215+2ad3f5]
	undetected_chromedriver!GetHandleVerifier [0x994c18+29df8]
	undetected_chromedriver!GetHandleVerifier [0x99c6fd+318dd]
	undetected_chromedriver!GetHandleVerifier [0x983c78+18e58]
	undetected_chromedriver!GetHandleVerifier [0x983e42+19022]
	undetected_chromedriver!GetHandleVerifier [0x96d45f+263f]
	KERNEL32!BaseThreadInitThunk [0x77365d49+19]
	ntdll!RtlInitializeExceptionChain [0x776ed83b+6b]
	ntdll!RtlGetAppContainerNamedObjectPath [0x776ed7c1+231]

[2026-05-05 08:33:16.318] [DEBUG   ] [bot.scanner] Error escaneando tile 'Romanian Roulette': Message: no such element: Unable to locate element: {"method":"css selector","selector":"[id="romania233rwl291-233"]"}
  (Session info: chrome=147.0.7727.138); For documentation on this error, please visit: https://www.selenium.dev/documentation/webdriver/troubleshooting/errors#nosuchelementexception
Stacktrace:
	undetected_chromedriver!GetHandleVerifier [0x97b373+10553]
	undetected_chromedriver!GetHandleVerifier [0x97b4a4+10684]
	undetected_chromedriver!(No symbol) [0x781e10]
	undetected_chromedriver!(No symbol) [0x7ca9da]
	undetected_chromedriver!(No symbol) [0x7cac7b]
	undetected_chromedriver!(No symbol) [0x80d162]
	undetected_chromedriver!(No symbol) [0x7ed8b4]
	undetected_chromedriver!(No symbol) [0x80aa36]
	undetected_chromedriver!(No symbol) [0x7ed606]
	undetected_chromedriver!(No symbol) [0x7c0039]
	undetected_chromedriver!(No symbol) [0x7c0df4]
	undetected_chromedriver!GetHandleVerifier [0xbfddb4+292f94]
	undetected_chromedriver!GetHandleVerifier [0xbf937d+28e55d]
	undetected_chromedriver!GetHandleVerifier [0xc18215+2ad3f5]
	undetected_chromedriver!GetHandleVerifier [0x994c18+29df8]
	undetected_chromedriver!GetHandleVerifier [0x99c6fd+318dd]
	undetected_chromedriver!GetHandleVerifier [0x983c78+18e58]
	undetected_chromedriver!GetHandleVerifier [0x983e42+19022]
	undetected_chromedriver!GetHandleVerifier [0x96d45f+263f]
	KERNEL32!BaseThreadInitThunk [0x77365d49+19]
	ntdll!RtlInitializeExceptionChain [0x776ed83b+6b]
	ntdll!RtlGetAppContainerNamedObjectPath [0x776ed7c1+231]

[2026-05-05 08:33:16.329] [DEBUG   ] [bot.scanner] Error escaneando tile 'Roulette Italia Tricolore': Message: no such element: Unable to locate element: {"method":"css selector","selector":"[id="v1c52fgw7yy02upz-223"]"}
  (Session info: chrome=147.0.7727.138); For documentation on this error, please visit: https://www.selenium.dev/documentation/webdriver/troubleshooting/errors#nosuchelementexception
Stacktrace:
	undetected_chromedriver!GetHandleVerifier [0x97b373+10553]
	undetected_chromedriver!GetHandleVerifier [0x97b4a4+10684]
	undetected_chromedriver!(No symbol) [0x781e10]
	undetected_chromedriver!(No symbol) [0x7ca9da]
	undetected_chromedriver!(No symbol) [0x7cac7b]
	undetected_chromedriver!(No symbol) [0x80d162]
	undetected_chromedriver!(No symbol) [0x7ed8b4]
	undetected_chromedriver!(No symbol) [0x80aa36]
	undetected_chromedriver!(No symbol) [0x7ed606]
	undetected_chromedriver!(No symbol) [0x7c0039]
	undetected_chromedriver!(No symbol) [0x7c0df4]
	undetected_chromedriver!GetHandleVerifier [0xbfddb4+292f94]
	undetected_chromedriver!GetHandleVerifier [0xbf937d+28e55d]
	undetected_chromedriver!GetHandleVerifier [0xc18215+2ad3f5]
	undetected_chromedriver!GetHandleVerifier [0x994c18+29df8]
	undetected_chromedriver!GetHandleVerifier [0x99c6fd+318dd]
	undetected_chromedriver!GetHandleVerifier [0x983c78+18e58]
	undetected_chromedriver!GetHandleVerifier [0x983e42+19022]
	undetected_chromedriver!GetHandleVerifier [0x96d45f+263f]
	KERNEL32!BaseThreadInitThunk [0x77365d49+19]
	ntdll!RtlInitializeExceptionChain [0x776ed83b+6b]
	ntdll!RtlGetAppContainerNamedObjectPath [0x776ed7c1+231]

[2026-05-05 08:33:16.338] [DEBUG   ] [bot.scanner] Error escaneando tile 'Russian Roulette': Message: no such element: Unable to locate element: {"method":"css selector","selector":"[id="t4jzencinod6iqwi-221"]"}
  (Session info: chrome=147.0.7727.138); For documentation on this error, please visit: https://www.selenium.dev/documentation/webdriver/troubleshooting/errors#nosuchelementexception
Stacktrace:
	undetected_chromedriver!GetHandleVerifier [0x97b373+10553]
	undetected_chromedriver!GetHandleVerifier [0x97b4a4+10684]
	undetected_chromedriver!(No symbol) [0x781e10]
	undetected_chromedriver!(No symbol) [0x7ca9da]
	undetected_chromedriver!(No symbol) [0x7cac7b]
	undetected_chromedriver!(No symbol) [0x80d162]
	undetected_chromedriver!(No symbol) [0x7ed8b4]
	undetected_chromedriver!(No symbol) [0x80aa36]
	undetected_chromedriver!(No symbol) [0x7ed606]
	undetected_chromedriver!(No symbol) [0x7c0039]
	undetected_chromedriver!(No symbol) [0x7c0df4]
	undetected_chromedriver!GetHandleVerifier [0xbfddb4+292f94]
	undetected_chromedriver!GetHandleVerifier [0xbf937d+28e55d]
	undetected_chromedriver!GetHandleVerifier [0xc18215+2ad3f5]
	undetected_chromedriver!GetHandleVerifier [0x994c18+29df8]
	undetected_chromedriver!GetHandleVerifier [0x99c6fd+318dd]
	undetected_chromedriver!GetHandleVerifier [0x983c78+18e58]
	undetected_chromedriver!GetHandleVerifier [0x983e42+19022]
	undetected_chromedriver!GetHandleVerifier [0x96d45f+263f]
	KERNEL32!BaseThreadInitThunk [0x77365d49+19]
	ntdll!RtlInitializeExceptionChain [0x776ed83b+6b]
	ntdll!RtlGetAppContainerNamedObjectPath [0x776ed7c1+231]

[2026-05-05 08:33:16.348] [DEBUG   ] [bot.scanner] Error escaneando tile 'Dutch Roulette': Message: no such element: Unable to locate element: {"method":"css selector","selector":"[id="dutchrw235rwl293-235"]"}
  (Session info: chrome=147.0.7727.138); For documentation on this error, please visit: https://www.selenium.dev/documentation/webdriver/troubleshooting/errors#nosuchelementexception
Stacktrace:
	undetected_chromedriver!GetHandleVerifier [0x97b373+10553]
	undetected_chromedriver!GetHandleVerifier [0x97b4a4+10684]
	undetected_chromedriver!(No symbol) [0x781e10]
	undetected_chromedriver!(No symbol) [0x7ca9da]
	undetected_chromedriver!(No symbol) [0x7cac7b]
	undetected_chromedriver!(No symbol) [0x80d162]
	undetected_chromedriver!(No symbol) [0x7ed8b4]
	undetected_chromedriver!(No symbol) [0x80aa36]
	undetected_chromedriver!(No symbol) [0x7ed606]
	undetected_chromedriver!(No symbol) [0x7c0039]
	undetected_chromedriver!(No symbol) [0x7c0df4]
	undetected_chromedriver!GetHandleVerifier [0xbfddb4+292f94]
	undetected_chromedriver!GetHandleVerifier [0xbf937d+28e55d]
	undetected_chromedriver!GetHandleVerifier [0xc18215+2ad3f5]
	undetected_chromedriver!GetHandleVerifier [0x994c18+29df8]
	undetected_chromedriver!GetHandleVerifier [0x99c6fd+318dd]
	undetected_chromedriver!GetHandleVerifier [0x983c78+18e58]
	undetected_chromedriver!GetHandleVerifier [0x983e42+19022]
	undetected_chromedriver!GetHandleVerifier [0x96d45f+263f]
	KERNEL32!BaseThreadInitThunk [0x77365d49+19]
	ntdll!RtlInitializeExceptionChain [0x776ed83b+6b]
	ntdll!RtlGetAppContainerNamedObjectPath [0x776ed7c1+231]

[2026-05-05 08:33:16.880] [DEBUG   ] [bot.scanner] Error escaneando tile 'Ruleta Latina': Message: no such element: Unable to locate element: {"method":"css selector","selector":"[id="roulerw234rwl292-234"]"}
  (Session info: chrome=147.0.7727.138); For documentation on this error, please visit: https://www.selenium.dev/documentation/webdriver/troubleshooting/errors#nosuchelementexception
Stacktrace:
	undetected_chromedriver!GetHandleVerifier [0x97b373+10553]
	undetected_chromedriver!GetHandleVerifier [0x97b4a4+10684]
	undetected_chromedriver!(No symbol) [0x781e10]
	undetected_chromedriver!(No symbol) [0x7ca9da]
	undetected_chromedriver!(No symbol) [0x7cac7b]
	undetected_chromedriver!(No symbol) [0x80d162]
	undetected_chromedriver!(No symbol) [0x7ed8b4]
	undetected_chromedriver!(No symbol) [0x80aa36]
	undetected_chromedriver!(No symbol) [0x7ed606]
	undetected_chromedriver!(No symbol) [0x7c0039]
	undetected_chromedriver!(No symbol) [0x7c0df4]
	undetected_chromedriver!GetHandleVerifier [0xbfddb4+292f94]
	undetected_chromedriver!GetHandleVerifier [0xbf937d+28e55d]
	undetected_chromedriver!GetHandleVerifier [0xc18215+2ad3f5]
	undetected_chromedriver!GetHandleVerifier [0x994c18+29df8]
	undetected_chromedriver!GetHandleVerifier [0x99c6fd+318dd]
	undetected_chromedriver!GetHandleVerifier [0x983c78+18e58]
	undetected_chromedriver!GetHandleVerifier [0x983e42+19022]
	undetected_chromedriver!GetHandleVerifier [0x96d45f+263f]
	KERNEL32!BaseThreadInitThunk [0x77365d49+19]
	ntdll!RtlInitializeExceptionChain [0x776ed83b+6b]
	ntdll!RtlGetAppContainerNamedObjectPath [0x776ed7c1+231]

[2026-05-05 08:33:16.896] [DEBUG   ] [bot.scanner] Error escaneando tile 'Mega Roulette': Message: no such element: Unable to locate element: {"method":"css selector","selector":"[id="1hl65ce1lxuqdrkr-204"]"}
  (Session info: chrome=147.0.7727.138); For documentation on this error, please visit: https://www.selenium.dev/documentation/webdriver/troubleshooting/errors#nosuchelementexception
Stacktrace:
	undetected_chromedriver!GetHandleVerifier [0x97b373+10553]
	undetected_chromedriver!GetHandleVerifier [0x97b4a4+10684]
	undetected_chromedriver!(No symbol) [0x781e10]
	undetected_chromedriver!(No symbol) [0x7ca9da]
	undetected_chromedriver!(No symbol) [0x7cac7b]
	undetected_chromedriver!(No symbol) [0x80d162]
	undetected_chromedriver!(No symbol) [0x7ed8b4]
	undetected_chromedriver!(No symbol) [0x80aa36]
	undetected_chromedriver!(No symbol) [0x7ed606]
	undetected_chromedriver!(No symbol) [0x7c0039]
	undetected_chromedriver!(No symbol) [0x7c0df4]
	undetected_chromedriver!GetHandleVerifier [0xbfddb4+292f94]
	undetected_chromedriver!GetHandleVerifier [0xbf937d+28e55d]
	undetected_chromedriver!GetHandleVerifier [0xc18215+2ad3f5]
	undetected_chromedriver!GetHandleVerifier [0x994c18+29df8]
	undetected_chromedriver!GetHandleVerifier [0x99c6fd+318dd]
	undetected_chromedriver!GetHandleVerifier [0x983c78+18e58]
	undetected_chromedriver!GetHandleVerifier [0x983e42+19022]
	undetected_chromedriver!GetHandleVerifier [0x96d45f+263f]
	KERNEL32!BaseThreadInitThunk [0x77365d49+19]
	ntdll!RtlInitializeExceptionChain [0x776ed83b+6b]
	ntdll!RtlGetAppContainerNamedObjectPath [0x776ed7c1+231]

[2026-05-05 08:33:16.904] [DEBUG   ] [bot.scanner] Error escaneando tile 'Brazilian Roulette': Message: no such element: Unable to locate element: {"method":"css selector","selector":"[id="rwbrzportrwa16rg-237"]"}
  (Session info: chrome=147.0.7727.138); For documentation on this error, please visit: https://www.selenium.dev/documentation/webdriver/troubleshooting/errors#nosuchelementexception
Stacktrace:
	undetected_chromedriver!GetHandleVerifier [0x97b373+10553]
	undetected_chromedriver!GetHandleVerifier [0x97b4a4+10684]
	undetected_chromedriver!(No symbol) [0x781e10]
	undetected_chromedriver!(No symbol) [0x7ca9da]
	undetected_chromedriver!(No symbol) [0x7cac7b]
	undetected_chromedriver!(No symbol) [0x80d162]
	undetected_chromedriver!(No symbol) [0x7ed8b4]
	undetected_chromedriver!(No symbol) [0x80aa36]
	undetected_chromedriver!(No symbol) [0x7ed606]
	undetected_chromedriver!(No symbol) [0x7c0039]
	undetected_chromedriver!(No symbol) [0x7c0df4]
	undetected_chromedriver!GetHandleVerifier [0xbfddb4+292f94]
	undetected_chromedriver!GetHandleVerifier [0xbf937d+28e55d]
	undetected_chromedriver!GetHandleVerifier [0xc18215+2ad3f5]
	undetected_chromedriver!GetHandleVerifier [0x994c18+29df8]
	undetected_chromedriver!GetHandleVerifier [0x99c6fd+318dd]
	undetected_chromedriver!GetHandleVerifier [0x983c78+18e58]
	undetected_chromedriver!GetHandleVerifier [0x983e42+19022]
	undetected_chromedriver!GetHandleVerifier [0x96d45f+263f]
	KERNEL32!BaseThreadInitThunk [0x77365d49+19]
	ntdll!RtlInitializeExceptionChain [0x776ed83b+6b]
	ntdll!RtlGetAppContainerNamedObjectPath [0x776ed7c1+231]

[2026-05-05 08:33:16.912] [DEBUG   ] [bot.scanner] Error escaneando tile 'Roulette 1': Message: no such element: Unable to locate element: {"method":"css selector","selector":"[id="g03y1t9vvuhrfytl-227"]"}
  (Session info: chrome=147.0.7727.138); For documentation on this error, please visit: https://www.selenium.dev/documentation/webdriver/troubleshooting/errors#nosuchelementexception
Stacktrace:
	undetected_chromedriver!GetHandleVerifier [0x97b373+10553]
	undetected_chromedriver!GetHandleVerifier [0x97b4a4+10684]
	undetected_chromedriver!(No symbol) [0x781e10]
	undetected_chromedriver!(No symbol) [0x7ca9da]
	undetected_chromedriver!(No symbol) [0x7cac7b]
	undetected_chromedriver!(No symbol) [0x80d162]
	undetected_chromedriver!(No symbol) [0x7ed8b4]
	undetected_chromedriver!(No symbol) [0x80aa36]
	undetected_chromedriver!(No symbol) [0x7ed606]
	undetected_chromedriver!(No symbol) [0x7c0039]
	undetected_chromedriver!(No symbol) [0x7c0df4]
	undetected_chromedriver!GetHandleVerifier [0xbfddb4+292f94]
	undetected_chromedriver!GetHandleVerifier [0xbf937d+28e55d]
	undetected_chromedriver!GetHandleVerifier [0xc18215+2ad3f5]
	undetected_chromedriver!GetHandleVerifier [0x994c18+29df8]
	undetected_chromedriver!GetHandleVerifier [0x99c6fd+318dd]
	undetected_chromedriver!GetHandleVerifier [0x983c78+18e58]
	undetected_chromedriver!GetHandleVerifier [0x983e42+19022]
	undetected_chromedriver!GetHandleVerifier [0x96d45f+263f]
	KERNEL32!BaseThreadInitThunk [0x77365d49+19]
	ntdll!RtlInitializeExceptionChain [0x776ed83b+6b]
	ntdll!RtlGetAppContainerNamedObjectPath [0x776ed7c1+231]

[2026-05-05 08:33:16.918] [DEBUG   ] [bot.scanner] Error escaneando tile 'Roulette 3': Message: no such element: Unable to locate element: {"method":"css selector","selector":"[id="chroma229rwltr22-230"]"}
  (Session info: chrome=147.0.7727.138); For documentation on this error, please visit: https://www.selenium.dev/documentation/webdriver/troubleshooting/errors#nosuchelementexception
Stacktrace:
	undetected_chromedriver!GetHandleVerifier [0x97b373+10553]
	undetected_chromedriver!GetHandleVerifier [0x97b4a4+10684]
	undetected_chromedriver!(No symbol) [0x781e10]
	undetected_chromedriver!(No symbol) [0x7ca9da]
	undetected_chromedriver!(No symbol) [0x7cac7b]
	undetected_chromedriver!(No symbol) [0x80d162]
	undetected_chromedriver!(No symbol) [0x7ed8b4]
	undetected_chromedriver!(No symbol) [0x80aa36]
	undetected_chromedriver!(No symbol) [0x7ed606]
	undetected_chromedriver!(No symbol) [0x7c0039]
	undetected_chromedriver!(No symbol) [0x7c0df4]
	undetected_chromedriver!GetHandleVerifier [0xbfddb4+292f94]
	undetected_chromedriver!GetHandleVerifier [0xbf937d+28e55d]
	undetected_chromedriver!GetHandleVerifier [0xc18215+2ad3f5]
	undetected_chromedriver!GetHandleVerifier [0x994c18+29df8]
	undetected_chromedriver!GetHandleVerifier [0x99c6fd+318dd]
	undetected_chromedriver!GetHandleVerifier [0x983c78+18e58]
	undetected_chromedriver!GetHandleVerifier [0x983e42+19022]
	undetected_chromedriver!GetHandleVerifier [0x96d45f+263f]
	KERNEL32!BaseThreadInitThunk [0x77365d49+19]
	ntdll!RtlInitializeExceptionChain [0x776ed83b+6b]
	ntdll!RtlGetAppContainerNamedObjectPath [0x776ed7c1+231]

[2026-05-05 08:33:16.928] [DEBUG   ] [bot.scanner] Error escaneando tile 'Roulette Macao': Message: no such element: Unable to locate element: {"method":"css selector","selector":"[id="yqpz3ichst2xg439-206"]"}
  (Session info: chrome=147.0.7727.138); For documentation on this error, please visit: https://www.selenium.dev/documentation/webdriver/troubleshooting/errors#nosuchelementexception
Stacktrace:
	undetected_chromedriver!GetHandleVerifier [0x97b373+10553]
	undetected_chromedriver!GetHandleVerifier [0x97b4a4+10684]
	undetected_chromedriver!(No symbol) [0x781e10]
	undetected_chromedriver!(No symbol) [0x7ca9da]
	undetected_chromedriver!(No symbol) [0x7cac7b]
	undetected_chromedriver!(No symbol) [0x80d162]
	undetected_chromedriver!(No symbol) [0x7ed8b4]
	undetected_chromedriver!(No symbol) [0x80aa36]
	undetected_chromedriver!(No symbol) [0x7ed606]
	undetected_chromedriver!(No symbol) [0x7c0039]
	undetected_chromedriver!(No symbol) [0x7c0df4]
	undetected_chromedriver!GetHandleVerifier [0xbfddb4+292f94]
	undetected_chromedriver!GetHandleVerifier [0xbf937d+28e55d]
	undetected_chromedriver!GetHandleVerifier [0xc18215+2ad3f5]
	undetected_chromedriver!GetHandleVerifier [0x994c18+29df8]
	undetected_chromedriver!GetHandleVerifier [0x99c6fd+318dd]
	undetected_chromedriver!GetHandleVerifier [0x983c78+18e58]
	undetected_chromedriver!GetHandleVerifier [0x983e42+19022]
	undetected_chromedriver!GetHandleVerifier [0x96d45f+263f]
	KERNEL32!BaseThreadInitThunk [0x77365d49+19]
	ntdll!RtlInitializeExceptionChain [0x776ed83b+6b]
	ntdll!RtlGetAppContainerNamedObjectPath [0x776ed7c1+231]

[2026-05-05 08:33:16.934] [DEBUG   ] [bot.scanner] Error escaneando tile 'Roulette 2 Extra Time': Message: no such element: Unable to locate element: {"method":"css selector","selector":"[id="5kvxlw4c1qm3xcyn-201"]"}
  (Session info: chrome=147.0.7727.138); For documentation on this error, please visit: https://www.selenium.dev/documentation/webdriver/troubleshooting/errors#nosuchelementexception
Stacktrace:
	undetected_chromedriver!GetHandleVerifier [0x97b373+10553]
	undetected_chromedriver!GetHandleVerifier [0x97b4a4+10684]
	undetected_chromedriver!(No symbol) [0x781e10]
	undetected_chromedriver!(No symbol) [0x7ca9da]
	undetected_chromedriver!(No symbol) [0x7cac7b]
	undetected_chromedriver!(No symbol) [0x80d162]
	undetected_chromedriver!(No symbol) [0x7ed8b4]
	undetected_chromedriver!(No symbol) [0x80aa36]
	undetected_chromedriver!(No symbol) [0x7ed606]
	undetected_chromedriver!(No symbol) [0x7c0039]
	undetected_chromedriver!(No symbol) [0x7c0df4]
	undetected_chromedriver!GetHandleVerifier [0xbfddb4+292f94]
	undetected_chromedriver!GetHandleVerifier [0xbf937d+28e55d]
	undetected_chromedriver!GetHandleVerifier [0xc18215+2ad3f5]
	undetected_chromedriver!GetHandleVerifier [0x994c18+29df8]
	undetected_chromedriver!GetHandleVerifier [0x99c6fd+318dd]
	undetected_chromedriver!GetHandleVerifier [0x983c78+18e58]
	undetected_chromedriver!GetHandleVerifier [0x983e42+19022]
	undetected_chromedriver!GetHandleVerifier [0x96d45f+263f]
	KERNEL32!BaseThreadInitThunk [0x77365d49+19]
	ntdll!RtlInitializeExceptionChain [0x776ed83b+6b]
	ntdll!RtlGetAppContainerNamedObjectPath [0x776ed7c1+231]

[2026-05-05 08:33:16.944] [DEBUG   ] [bot.scanner] Error escaneando tile 'Brazilian Mega Roulette': Message: no such element: Unable to locate element: {"method":"css selector","selector":"[id="mrbras531mrbr532-287"]"}
  (Session info: chrome=147.0.7727.138); For documentation on this error, please visit: https://www.selenium.dev/documentation/webdriver/troubleshooting/errors#nosuchelementexception
Stacktrace:
	undetected_chromedriver!GetHandleVerifier [0x97b373+10553]
	undetected_chromedriver!GetHandleVerifier [0x97b4a4+10684]
	undetected_chromedriver!(No symbol) [0x781e10]
	undetected_chromedriver!(No symbol) [0x7ca9da]
	undetected_chromedriver!(No symbol) [0x7cac7b]
	undetected_chromedriver!(No symbol) [0x80d162]
	undetected_chromedriver!(No symbol) [0x7ed8b4]
	undetected_chromedriver!(No symbol) [0x80aa36]
	undetected_chromedriver!(No symbol) [0x7ed606]
	undetected_chromedriver!(No symbol) [0x7c0039]
	undetected_chromedriver!(No symbol) [0x7c0df4]
	undetected_chromedriver!GetHandleVerifier [0xbfddb4+292f94]
	undetected_chromedriver!GetHandleVerifier [0xbf937d+28e55d]
	undetected_chromedriver!GetHandleVerifier [0xc18215+2ad3f5]
	undetected_chromedriver!GetHandleVerifier [0x994c18+29df8]
	undetected_chromedriver!GetHandleVerifier [0x99c6fd+318dd]
	undetected_chromedriver!GetHandleVerifier [0x983c78+18e58]
	undetected_chromedriver!GetHandleVerifier [0x983e42+19022]
	undetected_chromedriver!GetHandleVerifier [0x96d45f+263f]
	KERNEL32!BaseThreadInitThunk [0x77365d49+19]
	ntdll!RtlInitializeExceptionChain [0x776ed83b+6b]
	ntdll!RtlGetAppContainerNamedObjectPath [0x776ed7c1+231]

[2026-05-05 08:33:16.951] [DEBUG   ] [bot.scanner] Error escaneando tile 'Lucky 6 Roulette': Message: no such element: Unable to locate element: {"method":"css selector","selector":"[id="lucky6roulettea3-211a1"]"}
  (Session info: chrome=147.0.7727.138); For documentation on this error, please visit: https://www.selenium.dev/documentation/webdriver/troubleshooting/errors#nosuchelementexception
Stacktrace:
	undetected_chromedriver!GetHandleVerifier [0x97b373+10553]
	undetected_chromedriver!GetHandleVerifier [0x97b4a4+10684]
	undetected_chromedriver!(No symbol) [0x781e10]
	undetected_chromedriver!(No symbol) [0x7ca9da]
	undetected_chromedriver!(No symbol) [0x7cac7b]
	undetected_chromedriver!(No symbol) [0x80d162]
	undetected_chromedriver!(No symbol) [0x7ed8b4]
	undetected_chromedriver!(No symbol) [0x80aa36]
	undetected_chromedriver!(No symbol) [0x7ed606]
	undetected_chromedriver!(No symbol) [0x7c0039]
	undetected_chromedriver!(No symbol) [0x7c0df4]
	undetected_chromedriver!GetHandleVerifier [0xbfddb4+292f94]
	undetected_chromedriver!GetHandleVerifier [0xbf937d+28e55d]
	undetected_chromedriver!GetHandleVerifier [0xc18215+2ad3f5]
	undetected_chromedriver!GetHandleVerifier [0x994c18+29df8]
	undetected_chromedriver!GetHandleVerifier [0x99c6fd+318dd]
	undetected_chromedriver!GetHandleVerifier [0x983c78+18e58]
	undetected_chromedriver!GetHandleVerifier [0x983e42+19022]
	undetected_chromedriver!GetHandleVerifier [0x96d45f+263f]
	KERNEL32!BaseThreadInitThunk [0x77365d49+19]
	ntdll!RtlInitializeExceptionChain [0x776ed83b+6b]
	ntdll!RtlGetAppContainerNamedObjectPath [0x776ed7c1+231]

[2026-05-05 08:33:16.963] [DEBUG   ] [bot.scanner] Error escaneando tile 'Auto Roulette': Message: no such element: Unable to locate element: {"method":"css selector","selector":"[id="5bzl2835s5ruvweg-225"]"}
  (Session info: chrome=147.0.7727.138); For documentation on this error, please visit: https://www.selenium.dev/documentation/webdriver/troubleshooting/errors#nosuchelementexception
Stacktrace:
	undetected_chromedriver!GetHandleVerifier [0x97b373+10553]
	undetected_chromedriver!GetHandleVerifier [0x97b4a4+10684]
	undetected_chromedriver!(No symbol) [0x781e10]
	undetected_chromedriver!(No symbol) [0x7ca9da]
	undetected_chromedriver!(No symbol) [0x7cac7b]
	undetected_chromedriver!(No symbol) [0x80d162]
	undetected_chromedriver!(No symbol) [0x7ed8b4]
	undetected_chromedriver!(No symbol) [0x80aa36]
	undetected_chromedriver!(No symbol) [0x7ed606]
	undetected_chromedriver!(No symbol) [0x7c0039]
	undetected_chromedriver!(No symbol) [0x7c0df4]
	undetected_chromedriver!GetHandleVerifier [0xbfddb4+292f94]
	undetected_chromedriver!GetHandleVerifier [0xbf937d+28e55d]
	undetected_chromedriver!GetHandleVerifier [0xc18215+2ad3f5]
	undetected_chromedriver!GetHandleVerifier [0x994c18+29df8]
	undetected_chromedriver!GetHandleVerifier [0x99c6fd+318dd]
	undetected_chromedriver!GetHandleVerifier [0x983c78+18e58]
	undetected_chromedriver!GetHandleVerifier [0x983e42+19022]
	undetected_chromedriver!GetHandleVerifier [0x96d45f+263f]
	KERNEL32!BaseThreadInitThunk [0x77365d49+19]
	ntdll!RtlInitializeExceptionChain [0x776ed83b+6b]
	ntdll!RtlGetAppContainerNamedObjectPath [0x776ed7c1+231]

[2026-05-05 08:33:16.973] [DEBUG   ] [bot.scanner] Error escaneando tile 'Stake Roulette': Message: no such element: Unable to locate element: {"method":"css selector","selector":"[id="rw321stakerws321-236"]"}
  (Session info: chrome=147.0.7727.138); For documentation on this error, please visit: https://www.selenium.dev/documentation/webdriver/troubleshooting/errors#nosuchelementexception
Stacktrace:
	undetected_chromedriver!GetHandleVerifier [0x97b373+10553]
	undetected_chromedriver!GetHandleVerifier [0x97b4a4+10684]
	undetected_chromedriver!(No symbol) [0x781e10]
	undetected_chromedriver!(No symbol) [0x7ca9da]
	undetected_chromedriver!(No symbol) [0x7cac7b]
	undetected_chromedriver!(No symbol) [0x80d162]
	undetected_chromedriver!(No symbol) [0x7ed8b4]
	undetected_chromedriver!(No symbol) [0x80aa36]
	undetected_chromedriver!(No symbol) [0x7ed606]
	undetected_chromedriver!(No symbol) [0x7c0039]
	undetected_chromedriver!(No symbol) [0x7c0df4]
	undetected_chromedriver!GetHandleVerifier [0xbfddb4+292f94]
	undetected_chromedriver!GetHandleVerifier [0xbf937d+28e55d]
	undetected_chromedriver!GetHandleVerifier [0xc18215+2ad3f5]
	undetected_chromedriver!GetHandleVerifier [0x994c18+29df8]
	undetected_chromedriver!GetHandleVerifier [0x99c6fd+318dd]
	undetected_chromedriver!GetHandleVerifier [0x983c78+18e58]
	undetected_chromedriver!GetHandleVerifier [0x983e42+19022]
	undetected_chromedriver!GetHandleVerifier [0x96d45f+263f]
	KERNEL32!BaseThreadInitThunk [0x77365d49+19]
	ntdll!RtlInitializeExceptionChain [0x776ed83b+6b]
	ntdll!RtlGetAppContainerNamedObjectPath [0x776ed7c1+231]

[2026-05-05 08:33:16.981] [DEBUG   ] [bot.scanner] Error escaneando tile 'Turkish Roulette': Message: no such element: Unable to locate element: {"method":"css selector","selector":"[id="p8l1j84prrmxzyic-224"]"}
  (Session info: chrome=147.0.7727.138); For documentation on this error, please visit: https://www.selenium.dev/documentation/webdriver/troubleshooting/errors#nosuchelementexception
Stacktrace:
	undetected_chromedriver!GetHandleVerifier [0x97b373+10553]
	undetected_chromedriver!GetHandleVerifier [0x97b4a4+10684]
	undetected_chromedriver!(No symbol) [0x781e10]
	undetected_chromedriver!(No symbol) [0x7ca9da]
	undetected_chromedriver!(No symbol) [0x7cac7b]
	undetected_chromedriver!(No symbol) [0x80d162]
	undetected_chromedriver!(No symbol) [0x7ed8b4]
	undetected_chromedriver!(No symbol) [0x80aa36]
	undetected_chromedriver!(No symbol) [0x7ed606]
	undetected_chromedriver!(No symbol) [0x7c0039]
	undetected_chromedriver!(No symbol) [0x7c0df4]
	undetected_chromedriver!GetHandleVerifier [0xbfddb4+292f94]
	undetected_chromedriver!GetHandleVerifier [0xbf937d+28e55d]
	undetected_chromedriver!GetHandleVerifier [0xc18215+2ad3f5]
	undetected_chromedriver!GetHandleVerifier [0x994c18+29df8]
	undetected_chromedriver!GetHandleVerifier [0x99c6fd+318dd]
	undetected_chromedriver!GetHandleVerifier [0x983c78+18e58]
	undetected_chromedriver!GetHandleVerifier [0x983e42+19022]
	undetected_chromedriver!GetHandleVerifier [0x96d45f+263f]
	KERNEL32!BaseThreadInitThunk [0x77365d49+19]
	ntdll!RtlInitializeExceptionChain [0x776ed83b+6b]
	ntdll!RtlGetAppContainerNamedObjectPath [0x776ed7c1+231]

[2026-05-05 08:33:16.995] [DEBUG   ] [bot.scanner] Error escaneando tile 'German Roulette': Message: no such element: Unable to locate element: {"method":"css selector","selector":"[id="s2x6b4jdeqza2ge2-222"]"}
  (Session info: chrome=147.0.7727.138); For documentation on this error, please visit: https://www.selenium.dev/documentation/webdriver/troubleshooting/errors#nosuchelementexception
Stacktrace:
	undetected_chromedriver!GetHandleVerifier [0x97b373+10553]
	undetected_chromedriver!GetHandleVerifier [0x97b4a4+10684]
	undetected_chromedriver!(No symbol) [0x781e10]
	undetected_chromedriver!(No symbol) [0x7ca9da]
	undetected_chromedriver!(No symbol) [0x7cac7b]
	undetected_chromedriver!(No symbol) [0x80d162]
	undetected_chromedriver!(No symbol) [0x7ed8b4]
	undetected_chromedriver!(No symbol) [0x80aa36]
	undetected_chromedriver!(No symbol) [0x7ed606]
	undetected_chromedriver!(No symbol) [0x7c0039]
	undetected_chromedriver!(No symbol) [0x7c0df4]
	undetected_chromedriver!GetHandleVerifier [0xbfddb4+292f94]
	undetected_chromedriver!GetHandleVerifier [0xbf937d+28e55d]
	undetected_chromedriver!GetHandleVerifier [0xc18215+2ad3f5]
	undetected_chromedriver!GetHandleVerifier [0x994c18+29df8]
	undetected_chromedriver!GetHandleVerifier [0x99c6fd+318dd]
	undetected_chromedriver!GetHandleVerifier [0x983c78+18e58]
	undetected_chromedriver!GetHandleVerifier [0x983e42+19022]
	undetected_chromedriver!GetHandleVerifier [0x96d45f+263f]
	KERNEL32!BaseThreadInitThunk [0x77365d49+19]
	ntdll!RtlInitializeExceptionChain [0x776ed83b+6b]
	ntdll!RtlGetAppContainerNamedObjectPath [0x776ed7c1+231]

[2026-05-05 08:33:17.010] [DEBUG   ] [bot.scanner] Error escaneando tile 'Romanian Roulette': Message: no such element: Unable to locate element: {"method":"css selector","selector":"[id="romania233rwl291-233"]"}
  (Session info: chrome=147.0.7727.138); For documentation on this error, please visit: https://www.selenium.dev/documentation/webdriver/troubleshooting/errors#nosuchelementexception
Stacktrace:
	undetected_chromedriver!GetHandleVerifier [0x97b373+10553]
	undetected_chromedriver!GetHandleVerifier [0x97b4a4+10684]
	undetected_chromedriver!(No symbol) [0x781e10]
	undetected_chromedriver!(No symbol) [0x7ca9da]
	undetected_chromedriver!(No symbol) [0x7cac7b]
	undetected_chromedriver!(No symbol) [0x80d162]
	undetected_chromedriver!(No symbol) [0x7ed8b4]
	undetected_chromedriver!(No symbol) [0x80aa36]
	undetected_chromedriver!(No symbol) [0x7ed606]
	undetected_chromedriver!(No symbol) [0x7c0039]
	undetected_chromedriver!(No symbol) [0x7c0df4]
	undetected_chromedriver!GetHandleVerifier [0xbfddb4+292f94]
	undetected_chromedriver!GetHandleVerifier [0xbf937d+28e55d]
	undetected_chromedriver!GetHandleVerifier [0xc18215+2ad3f5]
	undetected_chromedriver!GetHandleVerifier [0x994c18+29df8]
	undetected_chromedriver!GetHandleVerifier [0x99c6fd+318dd]
	undetected_chromedriver!GetHandleVerifier [0x983c78+18e58]
	undetected_chromedriver!GetHandleVerifier [0x983e42+19022]
	undetected_chromedriver!GetHandleVerifier [0x96d45f+263f]
	KERNEL32!BaseThreadInitThunk [0x77365d49+19]
	ntdll!RtlInitializeExceptionChain [0x776ed83b+6b]
	ntdll!RtlGetAppContainerNamedObjectPath [0x776ed7c1+231]

[2026-05-05 08:33:17.043] [DEBUG   ] [bot.scanner] Error escaneando tile 'Roulette Italia Tricolore': Message: no such element: Unable to locate element: {"method":"css selector","selector":"[id="v1c52fgw7yy02upz-223"]"}
  (Session info: chrome=147.0.7727.138); For documentation on this error, please visit: https://www.selenium.dev/documentation/webdriver/troubleshooting/errors#nosuchelementexception
Stacktrace:
	undetected_chromedriver!GetHandleVerifier [0x97b373+10553]
	undetected_chromedriver!GetHandleVerifier [0x97b4a4+10684]
	undetected_chromedriver!(No symbol) [0x781e10]
	undetected_chromedriver!(No symbol) [0x7ca9da]
	undetected_chromedriver!(No symbol) [0x7cac7b]
	undetected_chromedriver!(No symbol) [0x80d162]
	undetected_chromedriver!(No symbol) [0x7ed8b4]
	undetected_chromedriver!(No symbol) [0x80aa36]
	undetected_chromedriver!(No symbol) [0x7ed606]
	undetected_chromedriver!(No symbol) [0x7c0039]
	undetected_chromedriver!(No symbol) [0x7c0df4]
	undetected_chromedriver!GetHandleVerifier [0xbfddb4+292f94]
	undetected_chromedriver!GetHandleVerifier [0xbf937d+28e55d]
	undetected_chromedriver!GetHandleVerifier [0xc18215+2ad3f5]
	undetected_chromedriver!GetHandleVerifier [0x994c18+29df8]
	undetected_chromedriver!GetHandleVerifier [0x99c6fd+318dd]
	undetected_chromedriver!GetHandleVerifier [0x983c78+18e58]
	undetected_chromedriver!GetHandleVerifier [0x983e42+19022]
	undetected_chromedriver!GetHandleVerifier [0x96d45f+263f]
	KERNEL32!BaseThreadInitThunk [0x77365d49+19]
	ntdll!RtlInitializeExceptionChain [0x776ed83b+6b]
	ntdll!RtlGetAppContainerNamedObjectPath [0x776ed7c1+231]

[2026-05-05 08:33:17.052] [DEBUG   ] [bot.scanner] Error escaneando tile 'Russian Roulette': Message: no such element: Unable to locate element: {"method":"css selector","selector":"[id="t4jzencinod6iqwi-221"]"}
  (Session info: chrome=147.0.7727.138); For documentation on this error, please visit: https://www.selenium.dev/documentation/webdriver/troubleshooting/errors#nosuchelementexception
Stacktrace:
	undetected_chromedriver!GetHandleVerifier [0x97b373+10553]
	undetected_chromedriver!GetHandleVerifier [0x97b4a4+10684]
	undetected_chromedriver!(No symbol) [0x781e10]
	undetected_chromedriver!(No symbol) [0x7ca9da]
	undetected_chromedriver!(No symbol) [0x7cac7b]
	undetected_chromedriver!(No symbol) [0x80d162]
	undetected_chromedriver!(No symbol) [0x7ed8b4]
	undetected_chromedriver!(No symbol) [0x80aa36]
	undetected_chromedriver!(No symbol) [0x7ed606]
	undetected_chromedriver!(No symbol) [0x7c0039]
	undetected_chromedriver!(No symbol) [0x7c0df4]
	undetected_chromedriver!GetHandleVerifier [0xbfddb4+292f94]
	undetected_chromedriver!GetHandleVerifier [0xbf937d+28e55d]
	undetected_chromedriver!GetHandleVerifier [0xc18215+2ad3f5]
	undetected_chromedriver!GetHandleVerifier [0x994c18+29df8]
	undetected_chromedriver!GetHandleVerifier [0x99c6fd+318dd]
	undetected_chromedriver!GetHandleVerifier [0x983c78+18e58]
	undetected_chromedriver!GetHandleVerifier [0x983e42+19022]
	undetected_chromedriver!GetHandleVerifier [0x96d45f+263f]
	KERNEL32!BaseThreadInitThunk [0x77365d49+19]
	ntdll!RtlInitializeExceptionChain [0x776ed83b+6b]
	ntdll!RtlGetAppContainerNamedObjectPath [0x776ed7c1+231]

[2026-05-05 08:33:17.063] [DEBUG   ] [bot.scanner] Error escaneando tile 'Dutch Roulette': Message: no such element: Unable to locate element: {"method":"css selector","selector":"[id="dutchrw235rwl293-235"]"}
  (Session info: chrome=147.0.7727.138); For documentation on this error, please visit: https://www.selenium.dev/documentation/webdriver/troubleshooting/errors#nosuchelementexception
Stacktrace:
	undetected_chromedriver!GetHandleVerifier [0x97b373+10553]
	undetected_chromedriver!GetHandleVerifier [0x97b4a4+10684]
	undetected_chromedriver!(No symbol) [0x781e10]
	undetected_chromedriver!(No symbol) [0x7ca9da]
	undetected_chromedriver!(No symbol) [0x7cac7b]
	undetected_chromedriver!(No symbol) [0x80d162]
	undetected_chromedriver!(No symbol) [0x7ed8b4]
	undetected_chromedriver!(No symbol) [0x80aa36]
	undetected_chromedriver!(No symbol) [0x7ed606]
	undetected_chromedriver!(No symbol) [0x7c0039]
	undetected_chromedriver!(No symbol) [0x7c0df4]
	undetected_chromedriver!GetHandleVerifier [0xbfddb4+292f94]
	undetected_chromedriver!GetHandleVerifier [0xbf937d+28e55d]
	undetected_chromedriver!GetHandleVerifier [0xc18215+2ad3f5]
	undetected_chromedriver!GetHandleVerifier [0x994c18+29df8]
	undetected_chromedriver!GetHandleVerifier [0x99c6fd+318dd]
	undetected_chromedriver!GetHandleVerifier [0x983c78+18e58]
	undetected_chromedriver!GetHandleVerifier [0x983e42+19022]
	undetected_chromedriver!GetHandleVerifier [0x96d45f+263f]
	KERNEL32!BaseThreadInitThunk [0x77365d49+19]
	ntdll!RtlInitializeExceptionChain [0x776ed83b+6b]
	ntdll!RtlGetAppContainerNamedObjectPath [0x776ed7c1+231]

[2026-05-05 08:33:17.089] [WARNING ] [bot.scanner] ⏰ Sesión expirada por inactividad. Reiniciando sesión...
[2026-05-05 08:33:17.089] [WARNING ] [bot.scanner] ⏰ SESIÓN EXPIRADA: Reinicio automático
[2026-05-05 08:33:17.089] [INFO    ] [bot.scanner] 🔄 Preparando reinicio rápido de sesión (Cloudflare se mantiene activo)...
[2026-05-05 08:33:17.089] [INFO    ] [bot.scanner] 🛑 Cerrando navegador...
[2026-05-05 08:33:17.608] [INFO    ] [bot.scanner] 🔄 Reiniciando sesión en 5 segundos... (el link del dashboard sigue activo)
[2026-05-05 08:33:22.609] [INFO    ] [bot.scanner] 🔄 Iniciando sesión #3...
[2026-05-05 08:33:22.610] [INFO    ] [bot.scanner] 🚀 Iniciando nueva sesión del bot...
[2026-05-05 08:33:22.611] [INFO    ] [bot.driver] ⚙️ Configurando WebDriver (headless=True)...
[2026-05-05 08:33:22.612] [INFO    ] [bot.driver] 👻 Modo Headless (ventana fuera de pantalla)...
[2026-05-05 08:33:22.612] [INFO    ] [bot.driver] 🚀 Iniciando Chrome con undetected_chromedriver...
[2026-05-05 08:33:22.631] [INFO    ] [bot.driver] 🌐 Chrome detectado: v147.0.7727.138
[2026-05-05 08:33:22.631] [INFO    ] [bot.driver]    Usando version_main=147
[2026-05-05 08:33:29.504] [INFO    ] [bot.driver] 🛡️ Parches Anti-Detección Avanzados (CDP) aplicados.
[2026-05-05 08:33:29.504] [INFO    ] [bot.driver] ✅ Chrome iniciado correctamente
[2026-05-05 08:33:31.542] [INFO    ] [bot.driver] 🛡️ Chrome oculto de la barra de tareas y movido fuera de pantalla
[2026-05-05 08:33:31.555] [INFO    ] [bot.driver] 🛡️ Watchdog anti-minimización activo
[2026-05-05 08:33:31.555] [INFO    ] [bot.driver] 🔗 Navegando a Stake...
[2026-05-05 08:33:40.973] [INFO    ] [bot.driver] 🧹 Limpiando cookies y almacenamiento local...
[2026-05-05 08:33:41.198] [INFO    ] [bot.driver] 🔑 Iniciando sesión...
[2026-05-05 08:33:41.377] [DEBUG   ] [bot.driver]    Botón 'Iniciar sesión' clickeado
[2026-05-05 08:33:45.281] [DEBUG   ] [bot.driver]    Email ingresado
[2026-05-05 08:33:48.048] [DEBUG   ] [bot.driver]    Password ingresado
[2026-05-05 08:33:48.165] [INFO    ] [bot.driver] ✅ Login enviado. Esperando confirmación de inicio de sesión...
[2026-05-05 08:33:50.027] [INFO    ] [bot.driver] 🎉 Login exitoso confirmado!
[2026-05-05 08:33:53.028] [INFO    ] [bot.lobby] 🔄 Navegando al Lobby... (from_anti_afk=False)
[2026-05-05 08:33:59.707] [INFO    ] [bot.lobby]    👉 Click en 'Juego real' ...
[2026-05-05 08:33:59.735] [INFO    ] [bot.lobby]    ⏳ Esperando recarga del iframe tras 'Juego real'...
[2026-05-05 08:34:11.756] [DEBUG   ] [bot.iframe]    ⏳ Esperando iframe principal (max 15s)...
[2026-05-05 08:34:11.819] [INFO    ] [bot.iframe]    ✅ Cambio a iframe #0 (class='game')
[2026-05-05 08:34:11.819] [DEBUG   ] [bot.iframe]    ⏳ Esperando iframe anidado o elementos del juego (max 15s)...
[2026-05-05 08:34:11.841] [INFO    ] [bot.iframe]    ✅ Elementos del juego encontrados en el iframe principal. No requiere anidado.
[2026-05-05 08:34:11.841] [INFO    ] [bot.lobby] ✅ Contexto cambiado al iframe del juego.
[2026-05-05 08:34:11.841] [INFO    ] [bot.lobby]    ⏳ Esperando a que el lobby termine de cargar...
[2026-05-05 08:34:14.907] [INFO    ] [bot.lobby]    ✅ Lobby cargado! 31 tiles encontrados (3s)
[2026-05-05 08:34:14.907] [INFO    ] [bot.iframe] 🛡️ Verificando modales bloquantes...
[2026-05-05 08:34:16.027] [INFO    ] [bot.scanner] 👀 MODO ESPÍA ACTIVADO: Escaneando miniaturas...
[2026-05-05 08:34:16.030] [DEBUG   ] [bot.iframe]    ⏳ Esperando iframe principal (max 15s)...
[2026-05-05 08:34:16.082] [INFO    ] [bot.iframe]    ✅ Cambio a iframe #0 (class='game')
[2026-05-05 08:34:16.082] [DEBUG   ] [bot.iframe]    ⏳ Esperando iframe anidado o elementos del juego (max 15s)...
[2026-05-05 08:34:16.097] [INFO    ] [bot.iframe]    ✅ Elementos del juego encontrados en el iframe principal. No requiere anidado.
[2026-05-05 08:34:18.098] [INFO    ] [bot.lobby] 🗺️  Escaneando IDs de mesas dinámicamente (modo robusto)...
[2026-05-05 08:34:18.106] [DEBUG   ] [bot.iframe]    ⏳ Esperando iframe principal (max 15s)...
[2026-05-05 08:34:18.157] [INFO    ] [bot.iframe]    ✅ Cambio a iframe #0 (class='game')
[2026-05-05 08:34:18.157] [DEBUG   ] [bot.iframe]    ⏳ Esperando iframe anidado o elementos del juego (max 15s)...
[2026-05-05 08:34:18.175] [INFO    ] [bot.iframe]    ✅ Elementos del juego encontrados en el iframe principal. No requiere anidado.
[2026-05-05 08:34:18.176] [DEBUG   ] [bot.lobby]    Bajando scroll en contenedor interno...
[2026-05-05 08:34:22.876] [INFO    ] [bot.lobby]    Encontrados 31 tiles totales. Escaneando uno por uno...
[2026-05-05 09:28:28.253] [INFO    ] [bot.diagnostics] ============================================================
[2026-05-05 09:28:28.253] [INFO    ] [bot.diagnostics]   🔍 DIAGNÓSTICO DE ENTORNO
[2026-05-05 09:28:28.253] [INFO    ] [bot.diagnostics]   Fecha: 2026-05-05 09:28:27
[2026-05-05 09:28:28.253] [INFO    ] [bot.diagnostics] ============================================================
[2026-05-05 09:28:28.254] [INFO    ] [bot.diagnostics]   OS:                    Windows 11 (10.0.26200)
[2026-05-05 09:28:28.254] [INFO    ] [bot.diagnostics]   Python:                3.14.0 (D:\GITHUBB\bot_stake\venv\Scripts\python.exe)
[2026-05-05 09:28:28.254] [INFO    ] [bot.diagnostics]   Chrome:                147.0.7727.138
[2026-05-05 09:28:28.254] [INFO    ] [bot.diagnostics]   RAM:                   psutil no instalado (instalar para más info)
[2026-05-05 09:28:28.254] [INFO    ] [bot.diagnostics]   Disco Libre:           37.8 GB de 133.3 GB
[2026-05-05 09:28:28.255] [INFO    ] [bot.diagnostics]   .env:                  ✅ Encontrado
[2026-05-05 09:28:28.255] [INFO    ] [bot.diagnostics]     Email:               jva***@gmail.com
[2026-05-05 09:28:28.256] [INFO    ] [bot.diagnostics]     Password:            ✅ Presente
[2026-05-05 09:28:28.256] [INFO    ] [bot.diagnostics]     TG Token:            ✅ Presente
[2026-05-05 09:28:28.256] [INFO    ] [bot.diagnostics]     TG Chat ID:          ✅ Presente
[2026-05-05 09:28:28.256] [INFO    ] [bot.diagnostics]     Threshold:           10
[2026-05-05 09:28:28.257] [INFO    ] [bot.diagnostics]     Headless:            True
[2026-05-05 09:28:28.257] [INFO    ] [bot.diagnostics]   Permisos data/:        ✅ Escritura OK
[2026-05-05 09:28:28.257] [INFO    ] [bot.diagnostics]   Permisos logs/:        ✅ Escritura OK
[2026-05-05 09:28:28.257] [INFO    ] [bot.diagnostics]   Red (stake.com.co):    ❌ NO ACCESIBLE: HTTP Error 403: Forbidden
[2026-05-05 09:28:28.257] [INFO    ] [bot.diagnostics]   UC Driver:             ✅ v3.5.5
[2026-05-05 09:28:28.258] [INFO    ] [bot.diagnostics]   Selenium:              ✅ v4.41.0
[2026-05-05 09:28:28.258] [INFO    ] [bot.diagnostics] ============================================================
[2026-05-05 09:28:31.290] [INFO    ] [bot.launcher] 🌐 Iniciando túnel Cloudflare...
[2026-05-05 09:28:33.030] [INFO    ] [bot.launcher] 🌐 Túnel autenticado conectado.
[2026-05-05 09:28:33.507] [INFO    ] [bot.run] ============================================================
[2026-05-05 09:28:33.507] [INFO    ] [bot.run] 🚀 Bot de Ruleta iniciando...
[2026-05-05 09:28:33.507] [INFO    ] [bot.run] ============================================================
[2026-05-05 09:28:34.259] [INFO    ] [bot.diagnostics] ============================================================
[2026-05-05 09:28:34.259] [INFO    ] [bot.diagnostics]   🔍 DIAGNÓSTICO DE ENTORNO
[2026-05-05 09:28:34.259] [INFO    ] [bot.diagnostics]   Fecha: 2026-05-05 09:28:33
[2026-05-05 09:28:34.260] [INFO    ] [bot.diagnostics] ============================================================
[2026-05-05 09:28:34.260] [INFO    ] [bot.diagnostics]   OS:                    Windows 11 (10.0.26200)
[2026-05-05 09:28:34.260] [INFO    ] [bot.diagnostics]   Python:                3.14.0 (D:\GITHUBB\bot_stake\venv\Scripts\python.exe)
[2026-05-05 09:28:34.260] [INFO    ] [bot.diagnostics]   Chrome:                147.0.7727.138
[2026-05-05 09:28:34.260] [INFO    ] [bot.diagnostics]   RAM:                   psutil no instalado (instalar para más info)
[2026-05-05 09:28:34.260] [INFO    ] [bot.diagnostics]   Disco Libre:           37.8 GB de 133.3 GB
[2026-05-05 09:28:34.260] [INFO    ] [bot.diagnostics]   .env:                  ✅ Encontrado
[2026-05-05 09:28:34.260] [INFO    ] [bot.diagnostics]     Email:               jva***@gmail.com
[2026-05-05 09:28:34.260] [INFO    ] [bot.diagnostics]     Password:            ✅ Presente
[2026-05-05 09:28:34.261] [INFO    ] [bot.diagnostics]     TG Token:            ✅ Presente
[2026-05-05 09:28:34.261] [INFO    ] [bot.diagnostics]     TG Chat ID:          ✅ Presente
[2026-05-05 09:28:34.261] [INFO    ] [bot.diagnostics]     Threshold:           10
[2026-05-05 09:28:34.261] [INFO    ] [bot.diagnostics]     Headless:            True
[2026-05-05 09:28:34.261] [INFO    ] [bot.diagnostics]   Permisos data/:        ✅ Escritura OK
[2026-05-05 09:28:34.261] [INFO    ] [bot.diagnostics]   Permisos logs/:        ✅ Escritura OK
[2026-05-05 09:28:34.261] [INFO    ] [bot.diagnostics]   Red (stake.com.co):    ❌ NO ACCESIBLE: HTTP Error 403: Forbidden
[2026-05-05 09:28:34.261] [INFO    ] [bot.diagnostics]   UC Driver:             ✅ v3.5.5
[2026-05-05 09:28:34.261] [INFO    ] [bot.diagnostics]   Selenium:              ✅ v4.41.0
[2026-05-05 09:28:34.262] [INFO    ] [bot.diagnostics] ============================================================
[2026-05-05 09:28:34.333] [INFO    ] [bot.scanner] ============================================================
[2026-05-05 09:28:34.333] [INFO    ] [bot.scanner] 🔧 Ejecutando diagnóstico de entorno...
[2026-05-05 09:28:35.921] [INFO    ] [bot.diagnostics] ============================================================
[2026-05-05 09:28:35.922] [INFO    ] [bot.diagnostics]   🔍 DIAGNÓSTICO DE ENTORNO
[2026-05-05 09:28:35.922] [INFO    ] [bot.diagnostics]   Fecha: 2026-05-05 09:28:34
[2026-05-05 09:28:35.922] [INFO    ] [bot.diagnostics] ============================================================
[2026-05-05 09:28:35.923] [INFO    ] [bot.diagnostics]   OS:                    Windows 11 (10.0.26200)
[2026-05-05 09:28:35.923] [INFO    ] [bot.diagnostics]   Python:                3.14.0 (D:\GITHUBB\bot_stake\venv\Scripts\python.exe)
[2026-05-05 09:28:35.923] [INFO    ] [bot.diagnostics]   Chrome:                147.0.7727.138
[2026-05-05 09:28:35.925] [INFO    ] [bot.diagnostics]   RAM:                   psutil no instalado (instalar para más info)
[2026-05-05 09:28:35.925] [INFO    ] [bot.diagnostics]   Disco Libre:           37.8 GB de 133.3 GB
[2026-05-05 09:28:35.926] [INFO    ] [bot.diagnostics]   .env:                  ✅ Encontrado
[2026-05-05 09:28:35.926] [INFO    ] [bot.diagnostics]     Email:               jva***@gmail.com
[2026-05-05 09:28:35.927] [INFO    ] [bot.diagnostics]     Password:            ✅ Presente
[2026-05-05 09:28:35.927] [INFO    ] [bot.diagnostics]     TG Token:            ✅ Presente
[2026-05-05 09:28:35.927] [INFO    ] [bot.diagnostics]     TG Chat ID:          ✅ Presente
[2026-05-05 09:28:35.928] [INFO    ] [bot.diagnostics]     Threshold:           10
[2026-05-05 09:28:35.928] [INFO    ] [bot.diagnostics]     Headless:            True
[2026-05-05 09:28:35.928] [INFO    ] [bot.diagnostics]   Permisos data/:        ✅ Escritura OK
[2026-05-05 09:28:35.929] [INFO    ] [bot.diagnostics]   Permisos logs/:        ✅ Escritura OK
[2026-05-05 09:28:35.929] [INFO    ] [bot.diagnostics]   Red (stake.com.co):    ❌ NO ACCESIBLE: HTTP Error 403: Forbidden
[2026-05-05 09:28:35.929] [INFO    ] [bot.diagnostics]   UC Driver:             ✅ v3.5.5
[2026-05-05 09:28:35.930] [INFO    ] [bot.diagnostics]   Selenium:              ✅ v4.41.0
[2026-05-05 09:28:35.930] [INFO    ] [bot.diagnostics] ============================================================
[2026-05-05 09:28:35.930] [INFO    ] [bot.scanner] ============================================================
[2026-05-05 09:28:35.930] [INFO    ] [bot.scanner] 🤖 Bot Supervisor Iniciado - Headless: True
[2026-05-05 09:28:35.931] [INFO    ] [bot.scanner] 🔄 Iniciando sesión #1...
[2026-05-05 09:28:35.931] [INFO    ] [bot.scanner] 🚀 Iniciando nueva sesión del bot...
[2026-05-05 09:28:35.931] [INFO    ] [bot.driver] ⚙️ Configurando WebDriver (headless=True)...
[2026-05-05 09:28:35.931] [INFO    ] [bot.driver] 👻 Modo Headless (ventana fuera de pantalla)...
[2026-05-05 09:28:35.932] [INFO    ] [bot.driver] 🚀 Iniciando Chrome con undetected_chromedriver...
[2026-05-05 09:28:35.935] [INFO    ] [bot.driver] 🌐 Chrome detectado: v147.0.7727.138
[2026-05-05 09:28:35.935] [INFO    ] [bot.driver]    Usando version_main=147
[2026-05-05 09:28:42.502] [INFO    ] [bot.driver] 🛡️ Parches Anti-Detección Avanzados (CDP) aplicados.
[2026-05-05 09:28:42.502] [INFO    ] [bot.driver] ✅ Chrome iniciado correctamente
[2026-05-05 09:28:44.538] [INFO    ] [bot.driver] 🛡️ Chrome oculto de la barra de tareas y movido fuera de pantalla
[2026-05-05 09:28:44.573] [INFO    ] [bot.driver] 🛡️ Watchdog anti-minimización activo
[2026-05-05 09:28:44.573] [INFO    ] [bot.driver] 🔗 Navegando a Stake...
[2026-05-05 09:28:49.084] [INFO    ] [bot.driver] 🧹 Limpiando cookies y almacenamiento local...
[2026-05-05 09:28:54.588] [INFO    ] [bot.driver] 🔑 Iniciando sesión...
[2026-05-05 09:28:55.338] [DEBUG   ] [bot.driver]    Botón 'Iniciar sesión' clickeado
[2026-05-05 09:28:59.253] [DEBUG   ] [bot.driver]    Email ingresado
[2026-05-05 09:29:01.639] [DEBUG   ] [bot.driver]    Password ingresado
[2026-05-05 09:29:01.812] [INFO    ] [bot.driver] ✅ Login enviado. Esperando confirmación de inicio de sesión...
[2026-05-05 09:29:03.956] [INFO    ] [bot.driver] 🎉 Login exitoso confirmado!
[2026-05-05 09:29:06.957] [INFO    ] [bot.lobby] 🔄 Navegando al Lobby... (from_anti_afk=False)
[2026-05-05 09:29:13.958] [INFO    ] [bot.lobby]    👉 Click en 'Juego real' ...
[2026-05-05 09:29:13.992] [INFO    ] [bot.lobby]    ⏳ Esperando recarga del iframe tras 'Juego real'...
[2026-05-05 09:29:26.006] [DEBUG   ] [bot.iframe]    ⏳ Esperando iframe principal (max 15s)...
[2026-05-05 09:29:26.069] [INFO    ] [bot.iframe]    ✅ Cambio a iframe #0 (class='game')
[2026-05-05 09:29:26.069] [DEBUG   ] [bot.iframe]    ⏳ Esperando iframe anidado o elementos del juego (max 15s)...
[2026-05-05 09:29:26.123] [INFO    ] [bot.iframe]    ✅ Elementos del juego encontrados en el iframe principal. No requiere anidado.
[2026-05-05 09:29:26.123] [INFO    ] [bot.lobby] ✅ Contexto cambiado al iframe del juego.
[2026-05-05 09:29:26.123] [INFO    ] [bot.lobby]    ⏳ Esperando a que el lobby termine de cargar...
[2026-05-05 09:29:29.164] [INFO    ] [bot.lobby]    ✅ Lobby cargado! 31 tiles encontrados (3s)
[2026-05-05 09:29:29.165] [INFO    ] [bot.iframe] 🛡️ Verificando modales bloquantes...
[2026-05-05 09:29:30.288] [INFO    ] [bot.scanner] 👀 MODO ESPÍA ACTIVADO: Escaneando miniaturas...
[2026-05-05 09:29:30.292] [DEBUG   ] [bot.iframe]    ⏳ Esperando iframe principal (max 15s)...
[2026-05-05 09:29:30.344] [INFO    ] [bot.iframe]    ✅ Cambio a iframe #0 (class='game')
[2026-05-05 09:29:30.344] [DEBUG   ] [bot.iframe]    ⏳ Esperando iframe anidado o elementos del juego (max 15s)...
[2026-05-05 09:29:30.356] [INFO    ] [bot.iframe]    ✅ Elementos del juego encontrados en el iframe principal. No requiere anidado.
[2026-05-05 09:29:32.357] [INFO    ] [bot.lobby] 🗺️  Escaneando IDs de mesas dinámicamente (modo robusto)...
[2026-05-05 09:29:32.376] [DEBUG   ] [bot.iframe]    ⏳ Esperando iframe principal (max 15s)...
[2026-05-05 09:29:32.443] [INFO    ] [bot.iframe]    ✅ Cambio a iframe #0 (class='game')
[2026-05-05 09:29:32.443] [DEBUG   ] [bot.iframe]    ⏳ Esperando iframe anidado o elementos del juego (max 15s)...
[2026-05-05 09:29:32.455] [INFO    ] [bot.iframe]    ✅ Elementos del juego encontrados en el iframe principal. No requiere anidado.
[2026-05-05 09:29:32.455] [DEBUG   ] [bot.lobby]    Bajando scroll en contenedor interno...
[2026-05-05 09:29:37.113] [INFO    ] [bot.lobby]    Encontrados 31 tiles totales. Escaneando uno por uno...
