[2026-04-26 14:54:22.257] [INFO    ] [bot] Check Update: Local=2.0.6, Remote=2.0.6
[2026-04-26 14:54:38.337] [INFO    ] [bot.gui] 🌐 Iniciando túnel Cloudflare...
[2026-04-26 14:54:38.347] [INFO    ] [bot.scanner] ============================================================
[2026-04-26 14:54:38.348] [INFO    ] [bot.scanner] 🔧 Ejecutando diagnóstico de entorno...
[2026-04-26 14:54:44.952] [INFO    ] [bot.diagnostics] ============================================================
[2026-04-26 14:54:44.952] [INFO    ] [bot.diagnostics]   🔍 DIAGNÓSTICO DE ENTORNO
[2026-04-26 14:54:44.953] [INFO    ] [bot.diagnostics]   Fecha: 2026-04-26 14:54:38
[2026-04-26 14:54:44.953] [INFO    ] [bot.diagnostics] ============================================================
[2026-04-26 14:54:44.953] [INFO    ] [bot.diagnostics]   OS:                    Windows 11 (10.0.26200)
[2026-04-26 14:54:44.954] [INFO    ] [bot.diagnostics]   Python:                3.14.0 (D:\GITHUBB\bot_stake\dist\RouletteSniperPro.exe)
[2026-04-26 14:54:44.954] [INFO    ] [bot.diagnostics]   Chrome:                147.0.7727.103
[2026-04-26 14:54:44.954] [INFO    ] [bot.diagnostics]   RAM:                   psutil no instalado (instalar para más info)
[2026-04-26 14:54:44.954] [INFO    ] [bot.diagnostics]   Disco Libre:           38.4 GB de 133.3 GB
[2026-04-26 14:54:44.954] [INFO    ] [bot.diagnostics]   .env:                  ✅ Encontrado
[2026-04-26 14:54:44.955] [INFO    ] [bot.diagnostics]     Email:               dia***@gmail.com
[2026-04-26 14:54:44.955] [INFO    ] [bot.diagnostics]     Password:            ✅ Presente
[2026-04-26 14:54:44.956] [INFO    ] [bot.diagnostics]     TG Token:            ✅ Presente
[2026-04-26 14:54:44.956] [INFO    ] [bot.diagnostics]     TG Chat ID:          ✅ Presente
[2026-04-26 14:54:44.956] [INFO    ] [bot.diagnostics]     Threshold:           15
[2026-04-26 14:54:44.956] [INFO    ] [bot.diagnostics]     Headless:            True
[2026-04-26 14:54:44.957] [INFO    ] [bot.diagnostics]   Permisos data/:        ✅ Escritura OK
[2026-04-26 14:54:44.957] [INFO    ] [bot.diagnostics]   Permisos logs/:        ✅ Escritura OK
[2026-04-26 14:54:44.958] [INFO    ] [bot.diagnostics]   Red (stake.com.co):    ❌ NO ACCESIBLE: <urlopen error [WinError 10054] Se ha forzado la interrupción de una conexión existente por el host remoto>
[2026-04-26 14:54:44.958] [INFO    ] [bot.diagnostics]   UC Driver:             ✅ v3.5.5
[2026-04-26 14:54:44.958] [INFO    ] [bot.diagnostics]   Selenium:              ✅ v4.41.0
[2026-04-26 14:54:44.959] [INFO    ] [bot.diagnostics] ============================================================
[2026-04-26 14:54:44.959] [INFO    ] [bot.scanner] ============================================================
[2026-04-26 14:54:44.960] [INFO    ] [bot.scanner] 🤖 Bot Supervisor Iniciado - Headless: True
[2026-04-26 14:54:44.960] [INFO    ] [bot.scanner] 🔄 Iniciando sesión #1...
[2026-04-26 14:54:44.960] [INFO    ] [bot.scanner] 🚀 Iniciando nueva sesión del bot...
[2026-04-26 14:54:44.961] [INFO    ] [bot.driver] ⚙️ Configurando WebDriver (headless=True)...
[2026-04-26 14:54:44.961] [INFO    ] [bot.driver] 👻 Modo Headless (ventana fuera de pantalla)...
[2026-04-26 14:54:44.961] [INFO    ] [bot.driver] 🚀 Iniciando Chrome con undetected_chromedriver...
[2026-04-26 14:54:44.963] [INFO    ] [bot.driver] 🌐 Chrome detectado: v147.0.7727.103
[2026-04-26 14:54:44.964] [INFO    ] [bot.driver]    Usando version_main=147
[2026-04-26 14:54:50.748] [INFO    ] [bot.driver] ✅ Chrome iniciado correctamente
[2026-04-26 14:54:52.243] [INFO    ] [bot.gui] 🌐 Túnel activo: https://test-vacancies-alike-flows.trycloudflare.com
[2026-04-26 14:54:52.779] [INFO    ] [bot.driver] 🛡️ Chrome oculto de la barra de tareas
[2026-04-26 14:54:52.794] [INFO    ] [bot.driver] 🛡️ Watchdog anti-minimización activo
[2026-04-26 14:54:52.887] [INFO    ] [bot.screenshot] 📸 Screenshot guardado: D:\GITHUBB\bot_stake\dist\data\logs\screenshots\001_2026-04-26_145452_01_driver_iniciado.png
[2026-04-26 14:54:52.907] [DEBUG   ] [bot.screenshot] 📄 HTML source guardado: D:\GITHUBB\bot_stake\dist\data\logs\screenshots\001_2026-04-26_145452_01_driver_iniciado.html
[2026-04-26 14:54:52.907] [INFO    ] [bot.driver] 🔗 Navegando a Stake...
[2026-04-26 14:55:24.831] [INFO    ] [bot.driver] 🧹 Limpiando cookies y almacenamiento local...
[2026-04-26 14:55:25.172] [INFO    ] [bot.driver] 🔑 Iniciando sesión...
[2026-04-26 14:55:25.362] [DEBUG   ] [bot.driver]    Botón 'Iniciar sesión' clickeado
[2026-04-26 14:55:31.095] [DEBUG   ] [bot.driver]    Email ingresado
[2026-04-26 14:55:33.503] [DEBUG   ] [bot.driver]    Password ingresado
[2026-04-26 14:55:33.659] [INFO    ] [bot.driver] ✅ Login enviado. Esperando confirmación de inicio de sesión...
[2026-04-26 14:55:37.898] [INFO    ] [bot.driver] 🎉 Login exitoso confirmado!
[2026-04-26 14:55:40.899] [INFO    ] [bot.lobby] 🔄 Navegando al Lobby... (from_anti_afk=False)
[2026-04-26 14:55:47.565] [INFO    ] [bot.lobby]    👉 Click en 'Juego real' ...
[2026-04-26 14:55:47.594] [INFO    ] [bot.lobby]    ⏳ Esperando recarga del iframe tras 'Juego real'...
[2026-04-26 14:55:59.614] [DEBUG   ] [bot.iframe]    ⏳ Esperando iframe principal (max 15s)...
[2026-04-26 14:55:59.678] [INFO    ] [bot.iframe]    ✅ Cambio a iframe #0 (class='game')
[2026-04-26 14:55:59.678] [DEBUG   ] [bot.iframe]    ⏳ Esperando iframe anidado o elementos del juego (max 15s)...
[2026-04-26 14:55:59.692] [INFO    ] [bot.iframe]    ✅ Elementos del juego encontrados en el iframe principal. No requiere anidado.
[2026-04-26 14:55:59.692] [INFO    ] [bot.lobby] ✅ Contexto cambiado al iframe del juego.
[2026-04-26 14:55:59.692] [INFO    ] [bot.lobby]    ⏳ Esperando a que el lobby termine de cargar...
[2026-04-26 14:56:02.731] [INFO    ] [bot.lobby]    ✅ Lobby cargado! 31 tiles encontrados (3s)
[2026-04-26 14:56:02.732] [INFO    ] [bot.iframe] 🛡️ Verificando modales bloquantes...
[2026-04-26 14:56:04.045] [INFO    ] [bot.screenshot] 📸 Screenshot guardado: D:\GITHUBB\bot_stake\dist\data\logs\screenshots\002_2026-04-26_145603_03_lobby_cargado.png
[2026-04-26 14:56:04.066] [DEBUG   ] [bot.screenshot] 📄 HTML source guardado: D:\GITHUBB\bot_stake\dist\data\logs\screenshots\002_2026-04-26_145603_03_lobby_cargado.html
[2026-04-26 14:56:04.066] [INFO    ] [bot.scanner] 👀 MODO ESPÍA ACTIVADO: Escaneando miniaturas...
[2026-04-26 14:56:04.068] [DEBUG   ] [bot.iframe]    ⏳ Esperando iframe principal (max 15s)...
[2026-04-26 14:56:04.119] [INFO    ] [bot.iframe]    ✅ Cambio a iframe #0 (class='game')
[2026-04-26 14:56:04.120] [DEBUG   ] [bot.iframe]    ⏳ Esperando iframe anidado o elementos del juego (max 15s)...
[2026-04-26 14:56:04.130] [INFO    ] [bot.iframe]    ✅ Elementos del juego encontrados en el iframe principal. No requiere anidado.
[2026-04-26 14:56:04.341] [INFO    ] [bot.screenshot] 📸 Screenshot guardado: D:\GITHUBB\bot_stake\dist\data\logs\screenshots\003_2026-04-26_145604_04_iframe_context.png
[2026-04-26 14:56:04.364] [DEBUG   ] [bot.screenshot] 📄 HTML source guardado: D:\GITHUBB\bot_stake\dist\data\logs\screenshots\003_2026-04-26_145604_04_iframe_context.html
[2026-04-26 14:56:06.364] [INFO    ] [bot.lobby] 🗺️  Escaneando IDs de mesas dinámicamente (modo robusto)...
[2026-04-26 14:56:06.378] [DEBUG   ] [bot.iframe]    ⏳ Esperando iframe principal (max 15s)...
[2026-04-26 14:56:06.443] [INFO    ] [bot.iframe]    ✅ Cambio a iframe #0 (class='game')
[2026-04-26 14:56:06.443] [DEBUG   ] [bot.iframe]    ⏳ Esperando iframe anidado o elementos del juego (max 15s)...
[2026-04-26 14:56:06.455] [INFO    ] [bot.iframe]    ✅ Elementos del juego encontrados en el iframe principal. No requiere anidado.
[2026-04-26 14:56:06.456] [DEBUG   ] [bot.lobby]    Bajando scroll en contenedor interno...
[2026-04-26 14:56:11.092] [INFO    ] [bot.lobby]    Encontrados 31 tiles totales. Escaneando uno por uno...
[2026-04-26 14:56:38.508] [INFO    ] [bot.lobby] 
   ID                             | TÍTULO
[2026-04-26 14:56:38.508] [INFO    ] [bot.lobby]    ------------------------------------------------------------
[2026-04-26 14:56:38.508] [INFO    ] [bot.lobby]    gatesofolympus01-2244          | Gates of Olympus Roulette
[2026-04-26 14:56:38.508] [INFO    ] [bot.lobby]    crystalroul00001-2501          | Crystal Roulette
[2026-04-26 14:56:38.509] [INFO    ] [bot.lobby]    rw321stakerws321-236           | Stake Roulette
[2026-04-26 14:56:38.509] [INFO    ] [bot.lobby]    roulerw234rwl292-234           | Ruleta Latina
[2026-04-26 14:56:38.509] [INFO    ] [bot.lobby]    1hl65ce1lxuqdrkr-204           | Mega Roulette
[2026-04-26 14:56:38.509] [INFO    ] [bot.lobby]    g03y1t9vvuhrfytl-227           | Roulette 1
[2026-04-26 14:56:38.509] [INFO    ] [bot.lobby]    yqpz3ichst2xg439-206           | Roulette Macao
[2026-04-26 14:56:38.509] [INFO    ] [bot.lobby]    powruprw1qm3xc25-240           | PowerUP Roulette
[2026-04-26 14:56:38.509] [INFO    ] [bot.lobby]    rwbrzportrwa16rg-237           | Brazilian Roulette
[2026-04-26 14:56:38.509] [INFO    ] [bot.lobby]    1hl323e1lxuqdrkr-210           | Auto Mega Roulette
[2026-04-26 14:56:38.509] [INFO    ] [bot.lobby]    chroma229rwltr22-230           | Roulette 3
[2026-04-26 14:56:38.509] [INFO    ] [bot.lobby]    fl9knouu0yjez2wi-203           | Speed Roulette 1
[2026-04-26 14:56:38.509] [INFO    ] [bot.lobby]    5kvxlw4c1qm3xcyn-201           | Roulette 2 Extra Time
[2026-04-26 14:56:38.509] [INFO    ] [bot.lobby]    megaroulette3k01-2901          | Mega Roulette 3000
[2026-04-26 14:56:38.510] [INFO    ] [bot.lobby]    5bzl2835s5ruvweg-225           | Auto Roulette
[2026-04-26 14:56:38.510] [INFO    ] [bot.lobby]    r20speedrtwo201s-205           | Speed Roulette 2
[2026-04-26 14:56:38.510] [INFO    ] [bot.lobby]    lucky6roulettea3-211a1         | Lucky 6 Roulette
[2026-04-26 14:56:38.510] [INFO    ] [bot.lobby]    geogamingh2rw545-545           | VIP Roulette
[2026-04-26 14:56:38.510] [INFO    ] [bot.lobby]    autorwra311autor-226           | Speed Auto Roulette
[2026-04-26 14:56:38.510] [INFO    ] [bot.lobby]    mrbras531mrbr532-287           | Brazilian Mega Roulette
[2026-04-26 14:56:38.510] [INFO    ] [bot.lobby]    ar25vipautorw251-266           | VIP Auto Roulette
[2026-04-26 14:56:38.510] [INFO    ] [bot.lobby]    privroulettegt01-28201         | Privé Lounge Roulette
[2026-04-26 14:56:38.510] [INFO    ] [bot.lobby]    privroudeluxgt01-28301         | Privé Lounge Roulette Deluxe
[2026-04-26 14:56:38.510] [INFO    ] [bot.lobby]    p8l1j84prrmxzyic-224           | Turkish Roulette
[2026-04-26 14:56:38.511] [INFO    ] [bot.lobby]    s2x6b4jdeqza2ge2-222           | German Roulette
[2026-04-26 14:56:38.511] [INFO    ] [bot.lobby]    t4jzencinod6iqwi-221           | Russian Roulette
[2026-04-26 14:56:38.511] [INFO    ] [bot.lobby]    v1c52fgw7yy02upz-223           | Roulette Italia Tricolore
[2026-04-26 14:56:38.511] [INFO    ] [bot.lobby]    romania233rwl291-233           | Romanian Roulette
[2026-04-26 14:56:38.511] [INFO    ] [bot.lobby]    megar0ul3tt3trk1-208           | Turkish Mega Roulette
[2026-04-26 14:56:38.511] [INFO    ] [bot.lobby]    greekchr11genric-297           | Greek Roulette
[2026-04-26 14:56:38.511] [INFO    ] [bot.lobby]    dutchrw235rwl293-235           | Dutch Roulette
[2026-04-26 14:56:38.511] [INFO    ] [bot.lobby]    ------------------------------------------------------------
[2026-04-26 14:56:38.512] [INFO    ] [bot.lobby]    ✅ Ruleta Latina: ID confirmado (roulerw234rwl292-234)
[2026-04-26 14:56:38.512] [INFO    ] [bot.lobby]    ✅ Mega Roulette: ID confirmado (1hl65ce1lxuqdrkr-204)
[2026-04-26 14:56:38.512] [INFO    ] [bot.lobby]    ✅ Brazilian Roulette: ID confirmado (rwbrzportrwa16rg-237)
[2026-04-26 14:56:38.512] [INFO    ] [bot.lobby]    ✅ Roulette 1: ID confirmado (g03y1t9vvuhrfytl-227)
[2026-04-26 14:56:38.512] [INFO    ] [bot.lobby]    ✅ Roulette 3: ID confirmado (chroma229rwltr22-230)
[2026-04-26 14:56:38.512] [INFO    ] [bot.lobby]    ✅ Roulette Macao: ID confirmado (yqpz3ichst2xg439-206)
[2026-04-26 14:56:38.512] [INFO    ] [bot.lobby]    ✅ Roulette 2 Extra Time: ID confirmado (5kvxlw4c1qm3xcyn-201)
[2026-04-26 14:56:38.513] [INFO    ] [bot.lobby]    ✅ Brazilian Mega Roulette: ID confirmado (mrbras531mrbr532-287)
[2026-04-26 14:56:38.513] [INFO    ] [bot.lobby]    ✅ Lucky 6 Roulette: ID confirmado (lucky6roulettea3-211a1)
[2026-04-26 14:56:38.513] [INFO    ] [bot.lobby]    ✅ Auto Roulette: ID confirmado (5bzl2835s5ruvweg-225)
[2026-04-26 14:56:38.513] [INFO    ] [bot.lobby]    ✅ Stake Roulette: ID confirmado (rw321stakerws321-236)
[2026-04-26 14:56:38.513] [WARNING ] [bot.lobby]    ⚠️  CAMBIO DE ID para 'Turkish Roulette':
[2026-04-26 14:56:38.513] [WARNING ] [bot.lobby]        Antiguo: p81lj84prrmxzyic-224
[2026-04-26 14:56:38.513] [WARNING ] [bot.lobby]        Nuevo:   p8l1j84prrmxzyic-224
[2026-04-26 14:56:38.514] [INFO    ] [bot.lobby]    ✅ German Roulette: ID confirmado (s2x6b4jdeqza2ge2-222)
[2026-04-26 14:56:38.514] [WARNING ] [bot.lobby]    ⚠️  CAMBIO DE ID para 'Romanian Roulette':
[2026-04-26 14:56:38.514] [WARNING ] [bot.lobby]        Antiguo: romania233rw1291-233
[2026-04-26 14:56:38.514] [WARNING ] [bot.lobby]        Nuevo:   romania233rwl291-233
[2026-04-26 14:56:38.514] [INFO    ] [bot.lobby]    ✅ Roulette Italia Tricolore: ID confirmado (v1c52fgw7yy02upz-223)
[2026-04-26 14:56:38.514] [INFO    ] [bot.lobby]    ✅ Russian Roulette: ID confirmado (t4jzencinod6iqwi-221)
[2026-04-26 14:56:38.514] [WARNING ] [bot.lobby]    ⚠️  CAMBIO DE ID para 'Dutch Roulette':
[2026-04-26 14:56:38.514] [WARNING ] [bot.lobby]        Antiguo: dutchrw235rw1293-235
[2026-04-26 14:56:38.515] [WARNING ] [bot.lobby]        Nuevo:   dutchrw235rwl293-235
[2026-04-26 14:56:38.515] [INFO    ] [bot.lobby] 
✅ Mapeo completado. 17/17 mesas emparejadas.
[2026-04-26 14:56:38.683] [INFO    ] [bot.screenshot] 📸 Screenshot guardado: D:\GITHUBB\bot_stake\dist\data\logs\screenshots\004_2026-04-26_145638_05_mesas_mapeadas.png
[2026-04-26 14:56:38.701] [DEBUG   ] [bot.screenshot] 📄 HTML source guardado: D:\GITHUBB\bot_stake\dist\data\logs\screenshots\004_2026-04-26_145638_05_mesas_mapeadas.html
[2026-04-26 14:56:38.810] [DEBUG   ] [bot.scanner] 🔊 Audio keep-alive activado
[2026-04-26 14:56:38.810] [INFO    ] [bot.scanner] 📡 Comienza escaneo continuo...
[2026-04-26 14:56:39.701] [WARNING ] [bot.scanner] ⚠️ Ruleta Latina: CADENA ROTA - sin empalme de 4+ números. Reinicio de sesión.
[2026-04-26 14:56:39.701] [INFO    ] [bot.scanner] 🔥 Ruleta Latina: Nuevos -> [-1, 22, 33, 20, 11, 35, 15, 6, 28, 18, 24, 11, 28, 5, 31, 15, 23, 17, 20, 18, 8]
[2026-04-26 14:56:39.975] [DEBUG   ] [bot.scanner] TG check: Ruleta Latina Delays={'docena_1': 0, 'docena_2': 1, 'docena_3': 6, 'columna_1': 6, 'columna_2': 0, 'columna_3': 1}
[2026-04-26 14:56:40.534] [WARNING ] [bot.scanner] ⚠️ Mega Roulette: CADENA ROTA - sin empalme de 4+ números. Reinicio de sesión.
[2026-04-26 14:56:40.535] [INFO    ] [bot.scanner] 🔥 Mega Roulette: Nuevos -> [-1, 35, 11, 33, 35, 12, 30, 17, 8, 5, 11, 1, 33, 16, 10, 5, 25, 36, 8, 2, 0]
[2026-04-26 14:56:40.763] [DEBUG   ] [bot.scanner] TG check: Mega Roulette Delays={'docena_1': 1, 'docena_2': 7, 'docena_3': 3, 'columna_1': 4, 'columna_2': 1, 'columna_3': 3}
[2026-04-26 14:56:41.309] [WARNING ] [bot.scanner] ⚠️ Brazilian Roulette: CADENA ROTA - sin empalme de 4+ números. Reinicio de sesión.
[2026-04-26 14:56:41.309] [INFO    ] [bot.scanner] 🔥 Brazilian Roulette: Nuevos -> [-1, 22, 31, 25, 12, 9, 3, 28, 24, 8, 14, 14, 23, 14, 24, 21, 36, 21, 26, 23, 11]
[2026-04-26 14:56:41.529] [DEBUG   ] [bot.scanner] TG check: Brazilian Roulette Delays={'docena_1': 0, 'docena_2': 1, 'docena_3': 2, 'columna_1': 13, 'columna_2': 0, 'columna_3': 3}
[2026-04-26 14:56:42.067] [WARNING ] [bot.scanner] ⚠️ Roulette 1: CADENA ROTA - sin empalme de 4+ números. Reinicio de sesión.
[2026-04-26 14:56:42.068] [INFO    ] [bot.scanner] 🔥 Roulette 1: Nuevos -> [-1, 14, 33, 24, 35, 29, 3, 15, 27, 23, 12, 3, 31, 12, 36, 27, 24, 9, 22, 33, 28]
[2026-04-26 14:56:42.280] [DEBUG   ] [bot.scanner] TG check: Roulette 1 Delays={'docena_1': 3, 'docena_2': 2, 'docena_3': 0, 'columna_1': 0, 'columna_2': 11, 'columna_3': 1}
[2026-04-26 14:56:42.812] [WARNING ] [bot.scanner] ⚠️ Roulette 3: CADENA ROTA - sin empalme de 4+ números. Reinicio de sesión.
[2026-04-26 14:56:42.813] [INFO    ] [bot.scanner] 🔥 Roulette 3: Nuevos -> [-1, 4, 35, 18, 21, 29, 23, 0, 4, 10, 21, 28, 2, 1, 20, 22, 0, 22, 35, 6, 36]
[2026-04-26 14:56:43.052] [DEBUG   ] [bot.scanner] TG check: Roulette 3 Delays={'docena_1': 1, 'docena_2': 3, 'docena_3': 0, 'columna_1': 3, 'columna_2': 2, 'columna_3': 0}
[2026-04-26 14:56:43.602] [WARNING ] [bot.scanner] ⚠️ Roulette Macao: CADENA ROTA - sin empalme de 4+ números. Reinicio de sesión.
[2026-04-26 14:56:43.603] [INFO    ] [bot.scanner] 🔥 Roulette Macao: Nuevos -> [-1, 34, 12, 30, 14, 34, 13, 9, 8, 14, 10, 9, 24, 30, 24, 21, 25, 30, 1, 25, 24]
[2026-04-26 14:56:43.856] [DEBUG   ] [bot.scanner] TG check: Roulette Macao Delays={'docena_1': 2, 'docena_2': 0, 'docena_3': 1, 'columna_1': 1, 'columna_2': 11, 'columna_3': 0}
[2026-04-26 14:56:44.389] [WARNING ] [bot.scanner] ⚠️ Roulette 2 Extra Time: CADENA ROTA - sin empalme de 4+ números. Reinicio de sesión.
[2026-04-26 14:56:44.389] [INFO    ] [bot.scanner] 🔥 Roulette 2 Extra Time: Nuevos -> [-1, 16, 15, 32, 32, 19, 5, 8, 6, 5, 3, 12, 23, 0, 28, 30, 7, 33, 21, 4, 25]
[2026-04-26 14:56:44.660] [DEBUG   ] [bot.scanner] TG check: Roulette 2 Extra Time Delays={'docena_1': 1, 'docena_2': 2, 'docena_3': 0, 'columna_1': 0, 'columna_2': 8, 'columna_3': 2}
[2026-04-26 14:56:45.210] [WARNING ] [bot.scanner] ⚠️ Brazilian Mega Roulette: CADENA ROTA - sin empalme de 4+ números. Reinicio de sesión.
[2026-04-26 14:56:45.210] [INFO    ] [bot.scanner] 🔥 Brazilian Mega Roulette: Nuevos -> [-1, 35, 22, 4, 25, 3, 20, 24, 2, 23, 24, 24, 35, 20, 18, 31, 6, 26, 22, 6, 7]
[2026-04-26 14:56:45.463] [DEBUG   ] [bot.scanner] TG check: Brazilian Mega Roulette Delays={'docena_1': 0, 'docena_2': 2, 'docena_3': 3, 'columna_1': 0, 'columna_2': 3, 'columna_3': 1}
[2026-04-26 14:56:46.010] [WARNING ] [bot.scanner] ⚠️ Lucky 6 Roulette: CADENA ROTA - sin empalme de 4+ números. Reinicio de sesión.
[2026-04-26 14:56:46.010] [INFO    ] [bot.scanner] 🔥 Lucky 6 Roulette: Nuevos -> [-1, 36, 27, 30, 16, 17, 32, 23, 29, 3, 24, 13, 18, 17, 5, 9, 15, 13, 6, 21, 27]
[2026-04-26 14:56:46.290] [DEBUG   ] [bot.scanner] TG check: Lucky 6 Roulette Delays={'docena_1': 2, 'docena_2': 1, 'docena_3': 0, 'columna_1': 3, 'columna_2': 6, 'columna_3': 0}
[2026-04-26 14:56:46.844] [WARNING ] [bot.scanner] ⚠️ Auto Roulette: CADENA ROTA - sin empalme de 4+ números. Reinicio de sesión.
[2026-04-26 14:56:46.844] [INFO    ] [bot.scanner] 🔥 Auto Roulette: Nuevos -> [-1, 20, 11, 29, 16, 23, 31, 1, 0, 34, 30, 11, 27, 26, 34, 35, 6, 18, 29, 25, 16]
[2026-04-26 14:56:47.094] [DEBUG   ] [bot.scanner] TG check: Auto Roulette Delays={'docena_1': 4, 'docena_2': 0, 'docena_3': 1, 'columna_1': 0, 'columna_2': 2, 'columna_3': 3}
[2026-04-26 14:56:47.627] [WARNING ] [bot.scanner] ⚠️ Stake Roulette: CADENA ROTA - sin empalme de 4+ números. Reinicio de sesión.
[2026-04-26 14:56:47.627] [INFO    ] [bot.scanner] 🔥 Stake Roulette: Nuevos -> [-1, 32, 9, 34, 11, 17, 22, 12, 32, 22, 21, 34, 15, 13, 19, 1, 17, 14, 32, 13, 26]
[2026-04-26 14:56:47.891] [DEBUG   ] [bot.scanner] TG check: Stake Roulette Delays={'docena_1': 5, 'docena_2': 1, 'docena_3': 0, 'columna_1': 1, 'columna_2': 0, 'columna_3': 8}
[2026-04-26 14:56:48.435] [WARNING ] [bot.scanner] ⚠️ Turkish Roulette: CADENA ROTA - sin empalme de 4+ números. Reinicio de sesión.
[2026-04-26 14:56:48.435] [INFO    ] [bot.scanner] 🔥 Turkish Roulette: Nuevos -> [-1, 1, 35, 3, 13, 12, 26, 34, 27, 7, 5, 6, 26, 23, 15, 5, 34, 17, 14, 28, 35]
[2026-04-26 14:56:48.707] [DEBUG   ] [bot.scanner] TG check: Turkish Roulette Delays={'docena_1': 5, 'docena_2': 2, 'docena_3': 0, 'columna_1': 1, 'columna_2': 0, 'columna_3': 6}
[2026-04-26 14:56:49.280] [WARNING ] [bot.scanner] ⚠️ German Roulette: CADENA ROTA - sin empalme de 4+ números. Reinicio de sesión.
[2026-04-26 14:56:49.281] [INFO    ] [bot.scanner] 🔥 German Roulette: Nuevos -> [-1, 11, 24, 24, 31, 29, 15, 0, 35, 1, 9, 7, 0, 23, 27, 31, 36, 13, 30, 15, 17]
[2026-04-26 14:56:49.492] [DEBUG   ] [bot.scanner] TG check: German Roulette Delays={'docena_1': 9, 'docena_2': 0, 'docena_3': 2, 'columna_1': 3, 'columna_2': 0, 'columna_3': 1}
[2026-04-26 14:56:50.017] [WARNING ] [bot.scanner] ⚠️ Romanian Roulette: CADENA ROTA - sin empalme de 4+ números. Reinicio de sesión.
[2026-04-26 14:56:50.017] [INFO    ] [bot.scanner] 🔥 Romanian Roulette: Nuevos -> [-1, 9, 33, 16, 5, 17, 30, 33, 5, 35, 24, 28, 34, 20, 20, 1, 11, 11, 7, 27, 34]
[2026-04-26 14:56:50.302] [DEBUG   ] [bot.scanner] TG check: Romanian Roulette Delays={'docena_1': 2, 'docena_2': 6, 'docena_3': 0, 'columna_1': 0, 'columna_2': 3, 'columna_3': 1}
[2026-04-26 14:56:50.852] [WARNING ] [bot.scanner] ⚠️ Roulette Italia Tricolore: CADENA ROTA - sin empalme de 4+ números. Reinicio de sesión.
[2026-04-26 14:56:50.853] [INFO    ] [bot.scanner] 🔥 Roulette Italia Tricolore: Nuevos -> [-1, 11, 18, 20, 33, 14, 24, 30, 26, 34, 35, 1, 18, 33, 29, 5, 11, 30, 16, 36, 6]
[2026-04-26 14:56:51.088] [DEBUG   ] [bot.scanner] TG check: Roulette Italia Tricolore Delays={'docena_1': 0, 'docena_2': 2, 'docena_3': 1, 'columna_1': 2, 'columna_2': 4, 'columna_3': 0}
[2026-04-26 14:56:51.627] [WARNING ] [bot.scanner] ⚠️ Russian Roulette: CADENA ROTA - sin empalme de 4+ números. Reinicio de sesión.
[2026-04-26 14:56:51.628] [INFO    ] [bot.scanner] 🔥 Russian Roulette: Nuevos -> [-1, 29, 20, 34, 7, 4, 27, 6, 9, 2, 6, 31, 2, 15, 0, 10, 18, 15, 13, 22, 7]
[2026-04-26 14:56:51.844] [DEBUG   ] [bot.scanner] TG check: Russian Roulette Delays={'docena_1': 0, 'docena_2': 1, 'docena_3': 9, 'columna_1': 0, 'columna_2': 8, 'columna_3': 3}
[2026-04-26 14:56:52.380] [WARNING ] [bot.scanner] ⚠️ Dutch Roulette: CADENA ROTA - sin empalme de 4+ números. Reinicio de sesión.
[2026-04-26 14:56:52.380] [INFO    ] [bot.scanner] 🔥 Dutch Roulette: Nuevos -> [-1, 23, 32, 33, 33, 30, 34, 22, 3, 20, 16, 35, 26, 20, 10, 16, 1, 21, 13, 35, 25]
[2026-04-26 14:56:52.595] [DEBUG   ] [bot.scanner] TG check: Dutch Roulette Delays={'docena_1': 4, 'docena_2': 2, 'docena_3': 0, 'columna_1': 0, 'columna_2': 1, 'columna_3': 3}
[2026-04-26 14:56:55.062] [INFO    ] [bot.scanner] 🔥 Brazilian Roulette: Nuevos -> [36]
[2026-04-26 14:56:55.077] [DEBUG   ] [bot.scanner] TG check: Brazilian Roulette Delays={'docena_1': 1, 'docena_2': 2, 'docena_3': 0, 'columna_1': 14, 'columna_2': 1, 'columna_3': 0}
[2026-04-26 14:56:55.617] [INFO    ] [bot.scanner] 🔥 Roulette 1: Nuevos -> [3]
[2026-04-26 14:56:55.629] [DEBUG   ] [bot.scanner] TG check: Roulette 1 Delays={'docena_1': 0, 'docena_2': 3, 'docena_3': 1, 'columna_1': 1, 'columna_2': 12, 'columna_3': 0}
[2026-04-26 14:56:57.821] [INFO    ] [bot.scanner] 🔥 Brazilian Mega Roulette: Nuevos -> [1]
[2026-04-26 14:56:57.845] [DEBUG   ] [bot.scanner] TG check: Brazilian Mega Roulette Delays={'docena_1': 0, 'docena_2': 3, 'docena_3': 4, 'columna_1': 0, 'columna_2': 4, 'columna_3': 2}
[2026-04-26 14:56:59.453] [INFO    ] [bot.scanner] 🔥 Stake Roulette: Nuevos -> [0]
[2026-04-26 14:56:59.479] [DEBUG   ] [bot.scanner] TG check: Stake Roulette Delays={'docena_1': 6, 'docena_2': 2, 'docena_3': 1, 'columna_1': 2, 'columna_2': 1, 'columna_3': 9}
[2026-04-26 14:57:04.151] [INFO    ] [bot.scanner] 🔥 Ruleta Latina: Nuevos -> [2]
[2026-04-26 14:57:04.167] [DEBUG   ] [bot.scanner] TG check: Ruleta Latina Delays={'docena_1': 0, 'docena_2': 2, 'docena_3': 7, 'columna_1': 7, 'columna_2': 0, 'columna_3': 2}
[2026-04-26 14:57:06.348] [INFO    ] [bot.scanner] 🔥 Roulette 3: Nuevos -> [15]
[2026-04-26 14:57:06.366] [DEBUG   ] [bot.scanner] TG check: Roulette 3 Delays={'docena_1': 2, 'docena_2': 0, 'docena_3': 1, 'columna_1': 4, 'columna_2': 3, 'columna_3': 0}
[2026-04-26 14:57:07.467] [INFO    ] [bot.scanner] 🔥 Roulette 2 Extra Time: Nuevos -> [20]
[2026-04-26 14:57:07.477] [DEBUG   ] [bot.scanner] TG check: Roulette 2 Extra Time Delays={'docena_1': 2, 'docena_2': 0, 'docena_3': 1, 'columna_1': 1, 'columna_2': 0, 'columna_3': 3}
[2026-04-26 14:57:08.569] [INFO    ] [bot.scanner] 🔥 Lucky 6 Roulette: Nuevos -> [9]
[2026-04-26 14:57:08.591] [DEBUG   ] [bot.scanner] TG check: Lucky 6 Roulette Delays={'docena_1': 0, 'docena_2': 2, 'docena_3': 1, 'columna_1': 4, 'columna_2': 7, 'columna_3': 0}
[2026-04-26 14:57:10.199] [INFO    ] [bot.scanner] 🔥 Turkish Roulette: Nuevos -> [19]
[2026-04-26 14:57:10.210] [DEBUG   ] [bot.scanner] TG check: Turkish Roulette Delays={'docena_1': 6, 'docena_2': 0, 'docena_3': 1, 'columna_1': 0, 'columna_2': 1, 'columna_3': 7}
[2026-04-26 14:57:11.318] [INFO    ] [bot.scanner] 🔥 Romanian Roulette: Nuevos -> [24]
[2026-04-26 14:57:11.329] [DEBUG   ] [bot.scanner] TG check: Romanian Roulette Delays={'docena_1': 3, 'docena_2': 0, 'docena_3': 1, 'columna_1': 1, 'columna_2': 4, 'columna_3': 0}
[2026-04-26 14:57:12.410] [INFO    ] [bot.scanner] 🔥 Russian Roulette: Nuevos -> [16]
[2026-04-26 14:57:12.424] [DEBUG   ] [bot.scanner] TG check: Russian Roulette Delays={'docena_1': 1, 'docena_2': 0, 'docena_3': 10, 'columna_1': 0, 'columna_2': 9, 'columna_3': 4}
[2026-04-26 14:57:12.964] [INFO    ] [bot.scanner] 🔥 Dutch Roulette: Nuevos -> [15]
[2026-04-26 14:57:12.980] [DEBUG   ] [bot.scanner] TG check: Dutch Roulette Delays={'docena_1': 5, 'docena_2': 0, 'docena_3': 1, 'columna_1': 1, 'columna_2': 2, 'columna_3': 0}
[2026-04-26 14:57:14.891] [INFO    ] [bot.scanner] 🔥 Mega Roulette: Nuevos -> [21]
[2026-04-26 14:57:14.910] [DEBUG   ] [bot.scanner] TG check: Mega Roulette Delays={'docena_1': 2, 'docena_2': 0, 'docena_3': 4, 'columna_1': 5, 'columna_2': 2, 'columna_3': 0}
[2026-04-26 14:57:17.094] [INFO    ] [bot.scanner] 🔥 Roulette Macao: Nuevos -> [17]
[2026-04-26 14:57:17.116] [DEBUG   ] [bot.scanner] TG check: Roulette Macao Delays={'docena_1': 3, 'docena_2': 0, 'docena_3': 2, 'columna_1': 2, 'columna_2': 0, 'columna_3': 1}
[2026-04-26 14:57:20.921] [INFO    ] [bot.scanner] 🔥 German Roulette: Nuevos -> [1]
[2026-04-26 14:57:20.945] [DEBUG   ] [bot.scanner] TG check: German Roulette Delays={'docena_1': 0, 'docena_2': 1, 'docena_3': 3, 'columna_1': 0, 'columna_2': 1, 'columna_3': 2}
[2026-04-26 14:57:22.060] [INFO    ] [bot.scanner] 🔥 Roulette Italia Tricolore: Nuevos -> [16]
[2026-04-26 14:57:22.072] [DEBUG   ] [bot.scanner] TG check: Roulette Italia Tricolore Delays={'docena_1': 1, 'docena_2': 0, 'docena_3': 2, 'columna_1': 0, 'columna_2': 5, 'columna_3': 1}
[2026-04-26 14:57:25.608] [INFO    ] [bot.scanner] 🔥 Brazilian Roulette: Nuevos -> [1]
[2026-04-26 14:57:25.633] [DEBUG   ] [bot.scanner] TG check: Brazilian Roulette Delays={'docena_1': 0, 'docena_2': 3, 'docena_3': 1, 'columna_1': 0, 'columna_2': 2, 'columna_3': 1}
[2026-04-26 14:57:26.183] [INFO    ] [bot.scanner] 🔥 Roulette 1: Nuevos -> [19]
[2026-04-26 14:57:26.199] [DEBUG   ] [bot.scanner] TG check: Roulette 1 Delays={'docena_1': 1, 'docena_2': 0, 'docena_3': 2, 'columna_1': 0, 'columna_2': 13, 'columna_3': 1}
[2026-04-26 14:57:29.491] [INFO    ] [bot.scanner] 🔥 Auto Roulette: Nuevos -> [29]
[2026-04-26 14:57:29.508] [DEBUG   ] [bot.scanner] TG check: Auto Roulette Delays={'docena_1': 5, 'docena_2': 1, 'docena_3': 0, 'columna_1': 1, 'columna_2': 0, 'columna_3': 4}
[2026-04-26 14:57:34.893] [INFO    ] [bot.scanner] 🔥 Ruleta Latina: Nuevos -> [32]
[2026-04-26 14:57:34.907] [DEBUG   ] [bot.scanner] TG check: Ruleta Latina Delays={'docena_1': 1, 'docena_2': 3, 'docena_3': 0, 'columna_1': 8, 'columna_2': 0, 'columna_3': 3}
[2026-04-26 14:57:38.636] [INFO    ] [bot.scanner] 🔥 Brazilian Mega Roulette: Nuevos -> [22]
[2026-04-26 14:57:38.648] [DEBUG   ] [bot.scanner] TG check: Brazilian Mega Roulette Delays={'docena_1': 1, 'docena_2': 0, 'docena_3': 5, 'columna_1': 0, 'columna_2': 5, 'columna_3': 3}
[2026-04-26 14:57:46.995] [INFO    ] [bot.scanner] 🔥 Roulette 3: Nuevos -> [14]
[2026-04-26 14:57:47.011] [DEBUG   ] [bot.scanner] TG check: Roulette 3 Delays={'docena_1': 3, 'docena_2': 0, 'docena_3': 2, 'columna_1': 5, 'columna_2': 0, 'columna_3': 1}
[2026-04-26 14:57:47.588] [INFO    ] [bot.scanner] 🔥 Roulette Macao: Nuevos -> [16]
[2026-04-26 14:57:47.602] [DEBUG   ] [bot.scanner] TG check: Roulette Macao Delays={'docena_1': 4, 'docena_2': 0, 'docena_3': 3, 'columna_1': 0, 'columna_2': 1, 'columna_3': 2}
[2026-04-26 14:57:48.128] [INFO    ] [bot.scanner] 🔥 Roulette 2 Extra Time: Nuevos -> [11]
[2026-04-26 14:57:48.140] [DEBUG   ] [bot.scanner] TG check: Roulette 2 Extra Time Delays={'docena_1': 0, 'docena_2': 1, 'docena_3': 2, 'columna_1': 2, 'columna_2': 0, 'columna_3': 4}
[2026-04-26 14:57:50.320] [INFO    ] [bot.scanner] 🔥 Stake Roulette: Nuevos -> [10]
[2026-04-26 14:57:50.338] [DEBUG   ] [bot.scanner] TG check: Stake Roulette Delays={'docena_1': 0, 'docena_2': 3, 'docena_3': 2, 'columna_1': 0, 'columna_2': 2, 'columna_3': 10}
[2026-04-26 14:57:50.879] [INFO    ] [bot.scanner] 🔥 Turkish Roulette: Nuevos -> [19]
[2026-04-26 14:57:50.895] [DEBUG   ] [bot.scanner] TG check: Turkish Roulette Delays={'docena_1': 7, 'docena_2': 0, 'docena_3': 2, 'columna_1': 0, 'columna_2': 2, 'columna_3': 8}
[2026-04-26 14:57:51.970] [INFO    ] [bot.scanner] 🔥 Romanian Roulette: Nuevos -> [24]
[2026-04-26 14:57:51.994] [DEBUG   ] [bot.scanner] TG check: Romanian Roulette Delays={'docena_1': 4, 'docena_2': 0, 'docena_3': 2, 'columna_1': 2, 'columna_2': 5, 'columna_3': 0}
[2026-04-26 14:57:53.081] [INFO    ] [bot.scanner] 🔥 Russian Roulette: Nuevos -> [23]
[2026-04-26 14:57:53.095] [DEBUG   ] [bot.scanner] TG check: Russian Roulette Delays={'docena_1': 2, 'docena_2': 0, 'docena_3': 11, 'columna_1': 1, 'columna_2': 0, 'columna_3': 5}
[2026-04-26 14:57:53.621] [INFO    ] [bot.scanner] 🔥 Dutch Roulette: Nuevos -> [21]
[2026-04-26 14:57:53.631] [DEBUG   ] [bot.scanner] TG check: Dutch Roulette Delays={'docena_1': 6, 'docena_2': 0, 'docena_3': 2, 'columna_1': 2, 'columna_2': 3, 'columna_3': 0}
[2026-04-26 14:57:55.516] [INFO    ] [bot.scanner] 🔥 Mega Roulette: Nuevos -> [6]
[2026-04-26 14:57:55.531] [DEBUG   ] [bot.scanner] TG check: Mega Roulette Delays={'docena_1': 0, 'docena_2': 1, 'docena_3': 5, 'columna_1': 6, 'columna_2': 3, 'columna_3': 0}
[2026-04-26 14:57:59.318] [INFO    ] [bot.scanner] 🔥 Lucky 6 Roulette: Nuevos -> [12]
[2026-04-26 14:57:59.330] [DEBUG   ] [bot.scanner] TG check: Lucky 6 Roulette Delays={'docena_1': 0, 'docena_2': 3, 'docena_3': 2, 'columna_1': 5, 'columna_2': 8, 'columna_3': 0}
[2026-04-26 14:58:01.482] [INFO    ] [bot.scanner] 🔥 German Roulette: Nuevos -> [34]
[2026-04-26 14:58:01.494] [DEBUG   ] [bot.scanner] TG check: German Roulette Delays={'docena_1': 1, 'docena_2': 2, 'docena_3': 0, 'columna_1': 0, 'columna_2': 2, 'columna_3': 3}
[2026-04-26 14:58:02.543] [INFO    ] [bot.scanner] 🔥 Roulette Italia Tricolore: Nuevos -> [9]
[2026-04-26 14:58:02.559] [DEBUG   ] [bot.scanner] TG check: Roulette Italia Tricolore Delays={'docena_1': 0, 'docena_2': 1, 'docena_3': 3, 'columna_1': 1, 'columna_2': 6, 'columna_3': 0}
[2026-04-26 14:58:06.616] [INFO    ] [bot.scanner] 🔥 Roulette 1: Nuevos -> [22]
[2026-04-26 14:58:06.631] [DEBUG   ] [bot.scanner] TG check: Roulette 1 Delays={'docena_1': 2, 'docena_2': 0, 'docena_3': 3, 'columna_1': 0, 'columna_2': 14, 'columna_3': 2}
[2026-04-26 14:58:08.764] [INFO    ] [bot.scanner] 🔥 Brazilian Mega Roulette: Nuevos -> [33]
[2026-04-26 14:58:08.778] [DEBUG   ] [bot.scanner] TG check: Brazilian Mega Roulette Delays={'docena_1': 2, 'docena_2': 1, 'docena_3': 0, 'columna_1': 1, 'columna_2': 6, 'columna_3': 0}
[2026-04-26 14:58:09.885] [INFO    ] [bot.scanner] 🔥 Auto Roulette: Nuevos -> [4]
[2026-04-26 14:58:09.900] [DEBUG   ] [bot.scanner] TG check: Auto Roulette Delays={'docena_1': 0, 'docena_2': 2, 'docena_3': 1, 'columna_1': 0, 'columna_2': 1, 'columna_3': 5}
[2026-04-26 14:58:15.063] [INFO    ] [bot.scanner] 🔥 Ruleta Latina: Nuevos -> [6]
[2026-04-26 14:58:15.074] [DEBUG   ] [bot.scanner] TG check: Ruleta Latina Delays={'docena_1': 0, 'docena_2': 4, 'docena_3': 1, 'columna_1': 9, 'columna_2': 1, 'columna_3': 0}
[2026-04-26 14:58:16.135] [INFO    ] [bot.scanner] 🔥 Brazilian Roulette: Nuevos -> [30]
[2026-04-26 14:58:16.148] [DEBUG   ] [bot.scanner] TG check: Brazilian Roulette Delays={'docena_1': 1, 'docena_2': 4, 'docena_3': 0, 'columna_1': 1, 'columna_2': 3, 'columna_3': 0}
[2026-04-26 14:58:23.188] [INFO    ] [bot.scanner] 🔥 Russian Roulette: Nuevos -> [31]
[2026-04-26 14:58:23.201] [DEBUG   ] [bot.scanner] TG check: Russian Roulette Delays={'docena_1': 3, 'docena_2': 1, 'docena_3': 0, 'columna_1': 0, 'columna_2': 1, 'columna_3': 6}
[2026-04-26 14:58:27.292] [INFO    ] [bot.scanner] 🔥 Roulette 3: Nuevos -> [19]
[2026-04-26 14:58:27.309] [DEBUG   ] [bot.scanner] TG check: Roulette 3 Delays={'docena_1': 4, 'docena_2': 0, 'docena_3': 3, 'columna_1': 0, 'columna_2': 1, 'columna_3': 2}
[2026-04-26 14:58:27.848] [INFO    ] [bot.scanner] 🔥 Roulette Macao: Nuevos -> [36]
[2026-04-26 14:58:27.867] [DEBUG   ] [bot.scanner] TG check: Roulette Macao Delays={'docena_1': 5, 'docena_2': 1, 'docena_3': 0, 'columna_1': 1, 'columna_2': 2, 'columna_3': 0}
[2026-04-26 14:58:30.520] [INFO    ] [bot.scanner] 🔥 Stake Roulette: Nuevos -> [27]
[2026-04-26 14:58:30.537] [DEBUG   ] [bot.scanner] TG check: Stake Roulette Delays={'docena_1': 1, 'docena_2': 4, 'docena_3': 0, 'columna_1': 1, 'columna_2': 3, 'columna_3': 0}
[2026-04-26 14:58:31.077] [INFO    ] [bot.scanner] 🔥 Turkish Roulette: Nuevos -> [10]
[2026-04-26 14:58:31.092] [DEBUG   ] [bot.scanner] TG check: Turkish Roulette Delays={'docena_1': 0, 'docena_2': 1, 'docena_3': 3, 'columna_1': 0, 'columna_2': 3, 'columna_3': 9}
[2026-04-26 14:58:32.171] [INFO    ] [bot.scanner] 🔥 Romanian Roulette: Nuevos -> [27]
[2026-04-26 14:58:32.192] [DEBUG   ] [bot.scanner] TG check: Romanian Roulette Delays={'docena_1': 5, 'docena_2': 1, 'docena_3': 0, 'columna_1': 3, 'columna_2': 6, 'columna_3': 0}
[2026-04-26 14:58:32.724] [INFO    ] [bot.scanner] 🔥 Roulette Italia Tricolore: Nuevos -> [29]
[2026-04-26 14:58:32.736] [DEBUG   ] [bot.scanner] TG check: Roulette Italia Tricolore Delays={'docena_1': 1, 'docena_2': 2, 'docena_3': 0, 'columna_1': 2, 'columna_2': 0, 'columna_3': 1}
[2026-04-26 14:58:36.791] [INFO    ] [bot.scanner] 🔥 Roulette 1: Nuevos -> [36]
[2026-04-26 14:58:37.999] [DEBUG   ] [bot.scanner] TG check: Roulette 1 Delays={'docena_1': 3, 'docena_2': 1, 'docena_3': 0, 'columna_1': 1, 'columna_2': 15, 'columna_3': 0}
[2026-04-26 14:58:39.631] [INFO    ] [bot.scanner] 🔥 Roulette 2 Extra Time: Nuevos -> [15]
[2026-04-26 14:58:39.645] [DEBUG   ] [bot.scanner] TG check: Roulette 2 Extra Time Delays={'docena_1': 1, 'docena_2': 0, 'docena_3': 3, 'columna_1': 3, 'columna_2': 1, 'columna_3': 0}
[2026-04-26 14:58:40.748] [INFO    ] [bot.scanner] 🔥 Lucky 6 Roulette: Nuevos -> [20]
[2026-04-26 14:58:40.764] [DEBUG   ] [bot.scanner] TG check: Lucky 6 Roulette Delays={'docena_1': 1, 'docena_2': 0, 'docena_3': 3, 'columna_1': 6, 'columna_2': 0, 'columna_3': 1}
[2026-04-26 14:58:41.292] [INFO    ] [bot.scanner] 🔥 Auto Roulette: Nuevos -> [9]
[2026-04-26 14:58:41.306] [DEBUG   ] [bot.scanner] TG check: Auto Roulette Delays={'docena_1': 0, 'docena_2': 3, 'docena_3': 2, 'columna_1': 1, 'columna_2': 2, 'columna_3': 0}
[2026-04-26 14:58:42.973] [INFO    ] [bot.scanner] 🔥 German Roulette: Nuevos -> [16]
[2026-04-26 14:58:42.990] [DEBUG   ] [bot.scanner] TG check: German Roulette Delays={'docena_1': 2, 'docena_2': 0, 'docena_3': 1, 'columna_1': 0, 'columna_2': 3, 'columna_3': 4}
[2026-04-26 14:58:45.184] [INFO    ] [bot.scanner] 🔥 Dutch Roulette: Nuevos -> [27]
[2026-04-26 14:58:45.209] [DEBUG   ] [bot.scanner] TG check: Dutch Roulette Delays={'docena_1': 7, 'docena_2': 1, 'docena_3': 0, 'columna_1': 3, 'columna_2': 4, 'columna_3': 0}
[2026-04-26 14:58:47.184] [INFO    ] [bot.scanner] 🔥 Mega Roulette: Nuevos -> [30]
[2026-04-26 14:58:47.196] [DEBUG   ] [bot.scanner] TG check: Mega Roulette Delays={'docena_1': 1, 'docena_2': 2, 'docena_3': 0, 'columna_1': 7, 'columna_2': 4, 'columna_3': 0}
[2026-04-26 14:58:47.725] [INFO    ] [bot.scanner] 🔥 Brazilian Roulette: Nuevos -> [12]
[2026-04-26 14:58:47.737] [DEBUG   ] [bot.scanner] TG check: Brazilian Roulette Delays={'docena_1': 0, 'docena_2': 5, 'docena_3': 1, 'columna_1': 2, 'columna_2': 4, 'columna_3': 0}
[2026-04-26 14:58:50.433] [INFO    ] [bot.scanner] 🔥 Brazilian Mega Roulette: Nuevos -> [31]
[2026-04-26 14:58:50.451] [DEBUG   ] [bot.scanner] TG check: Brazilian Mega Roulette Delays={'docena_1': 3, 'docena_2': 2, 'docena_3': 0, 'columna_1': 0, 'columna_2': 7, 'columna_3': 1}
[2026-04-26 14:58:56.740] [INFO    ] [bot.scanner] 🔥 Ruleta Latina: Nuevos -> [26]
[2026-04-26 14:58:56.754] [DEBUG   ] [bot.scanner] TG check: Ruleta Latina Delays={'docena_1': 1, 'docena_2': 5, 'docena_3': 0, 'columna_1': 10, 'columna_2': 0, 'columna_3': 1}
[2026-04-26 14:58:59.435] [INFO    ] [bot.scanner] 🔥 Roulette Macao: Nuevos -> [23]
[2026-04-26 14:58:59.452] [DEBUG   ] [bot.scanner] TG check: Roulette Macao Delays={'docena_1': 6, 'docena_2': 0, 'docena_3': 1, 'columna_1': 2, 'columna_2': 0, 'columna_3': 1}
[2026-04-26 14:59:02.807] [INFO    ] [bot.scanner] 🔥 Turkish Roulette: Nuevos -> [10]
[2026-04-26 14:59:02.821] [DEBUG   ] [bot.scanner] TG check: Turkish Roulette Delays={'docena_1': 0, 'docena_2': 2, 'docena_3': 4, 'columna_1': 0, 'columna_2': 4, 'columna_3': 10}
[2026-04-26 14:59:03.874] [INFO    ] [bot.scanner] 🔥 Romanian Roulette: Nuevos -> [4]
[2026-04-26 14:59:03.888] [DEBUG   ] [bot.scanner] TG check: Romanian Roulette Delays={'docena_1': 0, 'docena_2': 2, 'docena_3': 1, 'columna_1': 0, 'columna_2': 7, 'columna_3': 1}
[2026-04-26 14:59:04.980] [INFO    ] [bot.scanner] 🔥 Russian Roulette: Nuevos -> [16]
[2026-04-26 14:59:04.997] [DEBUG   ] [bot.scanner] TG check: Russian Roulette Delays={'docena_1': 4, 'docena_2': 0, 'docena_3': 1, 'columna_1': 0, 'columna_2': 2, 'columna_3': 7}
[2026-04-26 14:59:09.222] [INFO    ] [bot.scanner] 🔥 Roulette 3: Nuevos -> [14]
[2026-04-26 14:59:09.243] [DEBUG   ] [bot.scanner] TG check: Roulette 3 Delays={'docena_1': 5, 'docena_2': 0, 'docena_3': 4, 'columna_1': 1, 'columna_2': 0, 'columna_3': 3}
[2026-04-26 14:59:12.489] [INFO    ] [bot.scanner] 🔥 Stake Roulette: Nuevos -> [18]
[2026-04-26 14:59:12.503] [DEBUG   ] [bot.scanner] TG check: Stake Roulette Delays={'docena_1': 2, 'docena_2': 0, 'docena_3': 1, 'columna_1': 2, 'columna_2': 4, 'columna_3': 0}
[2026-04-26 14:59:14.697] [INFO    ] [bot.scanner] 🔥 Roulette Italia Tricolore: Nuevos -> [3]
[2026-04-26 14:59:14.720] [DEBUG   ] [bot.scanner] TG check: Roulette Italia Tricolore Delays={'docena_1': 0, 'docena_2': 3, 'docena_3': 1, 'columna_1': 3, 'columna_2': 1, 'columna_3': 0}
[2026-04-26 14:59:18.859] [INFO    ] [bot.scanner] 🔥 Roulette 1: Nuevos -> [28]
[2026-04-26 14:59:18.875] [DEBUG   ] [bot.scanner] TG check: Roulette 1 Delays={'docena_1': 4, 'docena_2': 2, 'docena_3': 0, 'columna_1': 0, 'columna_2': 16, 'columna_3': 1}
[2026-04-26 14:59:20.494] [INFO    ] [bot.scanner] 🔥 Roulette 2 Extra Time: Nuevos -> [32]
[2026-04-26 14:59:20.507] [DEBUG   ] [bot.scanner] TG check: Roulette 2 Extra Time Delays={'docena_1': 2, 'docena_2': 1, 'docena_3': 0, 'columna_1': 4, 'columna_2': 0, 'columna_3': 1}
[2026-04-26 14:59:21.589] [INFO    ] [bot.scanner] 🔥 Lucky 6 Roulette: Nuevos -> [16]
[2026-04-26 14:59:21.602] [DEBUG   ] [bot.scanner] TG check: Lucky 6 Roulette Delays={'docena_1': 2, 'docena_2': 0, 'docena_3': 4, 'columna_1': 0, 'columna_2': 1, 'columna_3': 2}
[2026-04-26 14:59:22.141] [INFO    ] [bot.scanner] 🔥 Auto Roulette: Nuevos -> [5]
[2026-04-26 14:59:22.157] [DEBUG   ] [bot.scanner] TG check: Auto Roulette Delays={'docena_1': 0, 'docena_2': 4, 'docena_3': 3, 'columna_1': 2, 'columna_2': 0, 'columna_3': 1}
[2026-04-26 14:59:23.789] [INFO    ] [bot.scanner] 🔥 German Roulette: Nuevos -> [31]
[2026-04-26 14:59:23.808] [DEBUG   ] [bot.scanner] TG check: German Roulette Delays={'docena_1': 3, 'docena_2': 1, 'docena_3': 0, 'columna_1': 0, 'columna_2': 4, 'columna_3': 5}
[2026-04-26 14:59:25.989] [INFO    ] [bot.scanner] 🔥 Dutch Roulette: Nuevos -> [22]
[2026-04-26 14:59:26.009] [DEBUG   ] [bot.scanner] TG check: Dutch Roulette Delays={'docena_1': 8, 'docena_2': 0, 'docena_3': 1, 'columna_1': 0, 'columna_2': 5, 'columna_3': 1}
[2026-04-26 14:59:27.460] [INFO    ] [bot.scanner] 🔥 Ruleta Latina: Nuevos -> [27]
[2026-04-26 14:59:27.471] [DEBUG   ] [bot.scanner] TG check: Ruleta Latina Delays={'docena_1': 2, 'docena_2': 6, 'docena_3': 0, 'columna_1': 11, 'columna_2': 1, 'columna_3': 0}
[2026-04-26 14:59:28.012] [INFO    ] [bot.scanner] 🔥 Mega Roulette: Nuevos -> [18]
[2026-04-26 14:59:28.026] [DEBUG   ] [bot.scanner] TG check: Mega Roulette Delays={'docena_1': 2, 'docena_2': 0, 'docena_3': 1, 'columna_1': 8, 'columna_2': 5, 'columna_3': 0}
[2026-04-26 14:59:31.247] [INFO    ] [bot.scanner] 🔥 Brazilian Mega Roulette: Nuevos -> [20]
[2026-04-26 14:59:31.271] [DEBUG   ] [bot.scanner] TG check: Brazilian Mega Roulette Delays={'docena_1': 4, 'docena_2': 0, 'docena_3': 1, 'columna_1': 1, 'columna_2': 0, 'columna_3': 2}
[2026-04-26 14:59:38.570] [INFO    ] [bot.scanner] 🔥 Brazilian Roulette: Nuevos -> [24]
[2026-04-26 14:59:38.586] [DEBUG   ] [bot.scanner] TG check: Brazilian Roulette Delays={'docena_1': 1, 'docena_2': 0, 'docena_3': 2, 'columna_1': 3, 'columna_2': 5, 'columna_3': 0}
[2026-04-26 14:59:40.174] [INFO    ] [bot.scanner] 🔥 Roulette Macao: Nuevos -> [33]
[2026-04-26 14:59:40.188] [DEBUG   ] [bot.scanner] TG check: Roulette Macao Delays={'docena_1': 7, 'docena_2': 1, 'docena_3': 0, 'columna_1': 3, 'columna_2': 1, 'columna_3': 0}
[2026-04-26 14:59:43.366] [INFO    ] [bot.scanner] 🔥 Turkish Roulette: Nuevos -> [35]
[2026-04-26 14:59:43.388] [DEBUG   ] [bot.scanner] TG check: Turkish Roulette Delays={'docena_1': 1, 'docena_2': 3, 'docena_3': 0, 'columna_1': 1, 'columna_2': 0, 'columna_3': 11}
[2026-04-26 14:59:44.462] [INFO    ] [bot.scanner] 🔥 Romanian Roulette: Nuevos -> [0]
[2026-04-26 14:59:44.475] [DEBUG   ] [bot.scanner] TG check: Romanian Roulette Delays={'docena_1': 1, 'docena_2': 3, 'docena_3': 2, 'columna_1': 1, 'columna_2': 8, 'columna_3': 2}
[2026-04-26 14:59:45.537] [INFO    ] [bot.scanner] 🔥 Russian Roulette: Nuevos -> [29]
[2026-04-26 14:59:45.548] [DEBUG   ] [bot.scanner] TG check: Russian Roulette Delays={'docena_1': 5, 'docena_2': 1, 'docena_3': 0, 'columna_1': 1, 'columna_2': 0, 'columna_3': 8}
[2026-04-26 14:59:49.752] [INFO    ] [bot.scanner] 🔥 Roulette 3: Nuevos -> [11]
[2026-04-26 14:59:49.771] [DEBUG   ] [bot.scanner] TG check: Roulette 3 Delays={'docena_1': 0, 'docena_2': 1, 'docena_3': 5, 'columna_1': 2, 'columna_2': 0, 'columna_3': 4}
[2026-04-26 14:59:52.538] [INFO    ] [bot.scanner] 🔥 Auto Roulette: Nuevos -> [8]
[2026-04-26 14:59:52.555] [DEBUG   ] [bot.scanner] TG check: Auto Roulette Delays={'docena_1': 0, 'docena_2': 5, 'docena_3': 4, 'columna_1': 3, 'columna_2': 0, 'columna_3': 2}
[2026-04-26 14:59:53.099] [INFO    ] [bot.scanner] 🔥 Stake Roulette: Nuevos -> [4]
[2026-04-26 14:59:53.119] [DEBUG   ] [bot.scanner] TG check: Stake Roulette Delays={'docena_1': 0, 'docena_2': 1, 'docena_3': 2, 'columna_1': 0, 'columna_2': 5, 'columna_3': 1}
[2026-04-26 14:59:55.254] [INFO    ] [bot.scanner] 🔥 Roulette Italia Tricolore: Nuevos -> [3]
[2026-04-26 14:59:55.268] [DEBUG   ] [bot.scanner] TG check: Roulette Italia Tricolore Delays={'docena_1': 0, 'docena_2': 4, 'docena_3': 2, 'columna_1': 4, 'columna_2': 2, 'columna_3': 0}
[2026-04-26 14:59:59.453] [INFO    ] [bot.scanner] 🔥 Roulette 1: Nuevos -> [16]
[2026-04-26 14:59:59.464] [DEBUG   ] [bot.scanner] TG check: Roulette 1 Delays={'docena_1': 5, 'docena_2': 0, 'docena_3': 1, 'columna_1': 0, 'columna_2': 17, 'columna_3': 2}
[2026-04-26 15:00:02.181] [INFO    ] [bot.scanner] 🔥 Lucky 6 Roulette: Nuevos -> [11]
[2026-04-26 15:00:02.201] [DEBUG   ] [bot.scanner] TG check: Lucky 6 Roulette Delays={'docena_1': 0, 'docena_2': 1, 'docena_3': 5, 'columna_1': 1, 'columna_2': 0, 'columna_3': 3}
[2026-04-26 15:00:04.334] [INFO    ] [bot.scanner] 🔥 German Roulette: Nuevos -> [24]
[2026-04-26 15:00:04.356] [DEBUG   ] [bot.scanner] TG check: German Roulette Delays={'docena_1': 4, 'docena_2': 0, 'docena_3': 1, 'columna_1': 1, 'columna_2': 5, 'columna_3': 0}
[2026-04-26 15:00:06.531] [INFO    ] [bot.scanner] 🔥 Dutch Roulette: Nuevos -> [29]
[2026-04-26 15:00:06.546] [DEBUG   ] [bot.scanner] TG check: Dutch Roulette Delays={'docena_1': 9, 'docena_2': 1, 'docena_3': 0, 'columna_1': 1, 'columna_2': 0, 'columna_3': 2}
[2026-04-26 15:00:07.906] [INFO    ] [bot.scanner] 🔥 Ruleta Latina: Nuevos -> [31]
[2026-04-26 15:00:07.920] [DEBUG   ] [bot.scanner] TG check: Ruleta Latina Delays={'docena_1': 3, 'docena_2': 7, 'docena_3': 0, 'columna_1': 0, 'columna_2': 2, 'columna_3': 1}
[2026-04-26 15:00:10.642] [INFO    ] [bot.scanner] 🔥 Roulette Macao: Nuevos -> [1]
[2026-04-26 15:00:10.658] [DEBUG   ] [bot.scanner] TG check: Roulette Macao Delays={'docena_1': 0, 'docena_2': 2, 'docena_3': 1, 'columna_1': 0, 'columna_2': 2, 'columna_3': 1}
[2026-04-26 15:00:11.215] [INFO    ] [bot.scanner] 🔥 Roulette 2 Extra Time: Nuevos -> [17]
[2026-04-26 15:00:11.231] [DEBUG   ] [bot.scanner] TG check: Roulette 2 Extra Time Delays={'docena_1': 3, 'docena_2': 0, 'docena_3': 1, 'columna_1': 5, 'columna_2': 0, 'columna_3': 2}
[2026-04-26 15:00:11.765] [INFO    ] [bot.scanner] 🔥 Brazilian Mega Roulette: Nuevos -> [36]
[2026-04-26 15:00:11.779] [DEBUG   ] [bot.scanner] TG check: Brazilian Mega Roulette Delays={'docena_1': 5, 'docena_2': 1, 'docena_3': 0, 'columna_1': 2, 'columna_2': 1, 'columna_3': 0}
[2026-04-26 15:00:18.562] [INFO    ] [bot.scanner] 🔥 Mega Roulette: Nuevos -> [17]
[2026-04-26 15:00:18.577] [DEBUG   ] [bot.scanner] TG check: Mega Roulette Delays={'docena_1': 3, 'docena_2': 0, 'docena_3': 2, 'columna_1': 9, 'columna_2': 0, 'columna_3': 1}
[2026-04-26 15:00:19.115] [INFO    ] [bot.scanner] 🔥 Brazilian Roulette: Nuevos -> [7]
[2026-04-26 15:00:19.134] [DEBUG   ] [bot.scanner] TG check: Brazilian Roulette Delays={'docena_1': 0, 'docena_2': 1, 'docena_3': 3, 'columna_1': 0, 'columna_2': 6, 'columna_3': 1}
[2026-04-26 15:00:24.091] [INFO    ] [bot.scanner] 🔥 Turkish Roulette: Nuevos -> [7]
[2026-04-26 15:00:24.114] [DEBUG   ] [bot.scanner] TG check: Turkish Roulette Delays={'docena_1': 0, 'docena_2': 4, 'docena_3': 1, 'columna_1': 0, 'columna_2': 1, 'columna_3': 12}
[2026-04-26 15:00:25.182] [INFO    ] [bot.scanner] 🔥 Romanian Roulette: Nuevos -> [35]
[2026-04-26 15:00:25.201] [DEBUG   ] [bot.scanner] TG check: Romanian Roulette Delays={'docena_1': 2, 'docena_2': 4, 'docena_3': 0, 'columna_1': 2, 'columna_2': 0, 'columna_3': 3}
[2026-04-26 15:00:25.735] [INFO    ] [bot.scanner] 🔥 Roulette Italia Tricolore: Nuevos -> [36]
[2026-04-26 15:00:25.750] [DEBUG   ] [bot.scanner] TG check: Roulette Italia Tricolore Delays={'docena_1': 1, 'docena_2': 5, 'docena_3': 0, 'columna_1': 5, 'columna_2': 3, 'columna_3': 0}
[2026-04-26 15:00:26.281] [INFO    ] [bot.scanner] 🔥 Russian Roulette: Nuevos -> [1]
[2026-04-26 15:00:26.295] [DEBUG   ] [bot.scanner] TG check: Russian Roulette Delays={'docena_1': 0, 'docena_2': 2, 'docena_3': 1, 'columna_1': 0, 'columna_2': 1, 'columna_3': 9}
[2026-04-26 15:00:29.788] [INFO    ] [bot.scanner] 🔥 Roulette 1: Nuevos -> [29]
[2026-04-26 15:00:29.803] [DEBUG   ] [bot.scanner] TG check: Roulette 1 Delays={'docena_1': 6, 'docena_2': 1, 'docena_3': 0, 'columna_1': 1, 'columna_2': 0, 'columna_3': 3}
[2026-04-26 15:00:30.343] [INFO    ] [bot.scanner] 🔥 Roulette 3: Nuevos -> [27]
[2026-04-26 15:00:30.360] [DEBUG   ] [bot.scanner] TG check: Roulette 3 Delays={'docena_1': 1, 'docena_2': 2, 'docena_3': 0, 'columna_1': 3, 'columna_2': 1, 'columna_3': 0}
[2026-04-26 15:00:33.051] [INFO    ] [bot.scanner] 🔥 Auto Roulette: Nuevos -> [35]
[2026-04-26 15:00:33.066] [DEBUG   ] [bot.scanner] TG check: Auto Roulette Delays={'docena_1': 1, 'docena_2': 6, 'docena_3': 0, 'columna_1': 4, 'columna_2': 0, 'columna_3': 3}
[2026-04-26 15:00:33.607] [INFO    ] [bot.scanner] 🔥 Stake Roulette: Nuevos -> [4]
[2026-04-26 15:00:33.621] [DEBUG   ] [bot.scanner] TG check: Stake Roulette Delays={'docena_1': 0, 'docena_2': 2, 'docena_3': 3, 'columna_1': 0, 'columna_2': 6, 'columna_3': 2}
[2026-04-26 15:00:42.652] [INFO    ] [bot.scanner] 🔥 Lucky 6 Roulette: Nuevos -> [1]
[2026-04-26 15:00:42.664] [DEBUG   ] [bot.scanner] TG check: Lucky 6 Roulette Delays={'docena_1': 0, 'docena_2': 2, 'docena_3': 6, 'columna_1': 0, 'columna_2': 1, 'columna_3': 4}
[2026-04-26 15:00:44.858] [INFO    ] [bot.scanner] 🔥 German Roulette: Nuevos -> [27]
[2026-04-26 15:00:44.875] [DEBUG   ] [bot.scanner] TG check: German Roulette Delays={'docena_1': 5, 'docena_2': 1, 'docena_3': 0, 'columna_1': 2, 'columna_2': 6, 'columna_3': 0}
[2026-04-26 15:00:47.058] [INFO    ] [bot.scanner] 🔥 Dutch Roulette: Nuevos -> [6]
[2026-04-26 15:00:47.077] [DEBUG   ] [bot.scanner] TG check: Dutch Roulette Delays={'docena_1': 0, 'docena_2': 2, 'docena_3': 1, 'columna_1': 2, 'columna_2': 1, 'columna_3': 0}
[2026-04-26 15:00:48.487] [INFO    ] [bot.scanner] 🔥 Ruleta Latina: Nuevos -> [26]
[2026-04-26 15:00:48.500] [DEBUG   ] [bot.scanner] TG check: Ruleta Latina Delays={'docena_1': 4, 'docena_2': 8, 'docena_3': 0, 'columna_1': 1, 'columna_2': 0, 'columna_3': 2}
[2026-04-26 15:00:51.229] [INFO    ] [bot.scanner] 🔥 Roulette Macao: Nuevos -> [20]
[2026-04-26 15:00:51.248] [DEBUG   ] [bot.scanner] TG check: Roulette Macao Delays={'docena_1': 1, 'docena_2': 0, 'docena_3': 2, 'columna_1': 1, 'columna_2': 0, 'columna_3': 2}
[2026-04-26 15:00:52.350] [INFO    ] [bot.scanner] 🔥 Brazilian Mega Roulette: Nuevos -> [24]
[2026-04-26 15:00:52.367] [DEBUG   ] [bot.scanner] TG check: Brazilian Mega Roulette Delays={'docena_1': 6, 'docena_2': 0, 'docena_3': 1, 'columna_1': 3, 'columna_2': 2, 'columna_3': 0}
[2026-04-26 15:00:59.236] [INFO    ] [bot.scanner] 🔥 Mega Roulette: Nuevos -> [16]
[2026-04-26 15:00:59.263] [DEBUG   ] [bot.scanner] TG check: Mega Roulette Delays={'docena_1': 4, 'docena_2': 0, 'docena_3': 3, 'columna_1': 0, 'columna_2': 1, 'columna_3': 2}
[2026-04-26 15:00:59.815] [INFO    ] [bot.scanner] 🔥 Brazilian Roulette: Nuevos -> [26]
[2026-04-26 15:00:59.838] [DEBUG   ] [bot.scanner] TG check: Brazilian Roulette Delays={'docena_1': 1, 'docena_2': 2, 'docena_3': 0, 'columna_1': 1, 'columna_2': 0, 'columna_3': 2}
[2026-04-26 15:01:02.092] [INFO    ] [bot.scanner] 🔥 Roulette 2 Extra Time: Nuevos -> [19]
[2026-04-26 15:01:02.106] [DEBUG   ] [bot.scanner] TG check: Roulette 2 Extra Time Delays={'docena_1': 4, 'docena_2': 0, 'docena_3': 2, 'columna_1': 0, 'columna_2': 1, 'columna_3': 3}
[2026-04-26 15:01:04.828] [INFO    ] [bot.scanner] 🔥 Turkish Roulette: Nuevos -> [31]
[2026-04-26 15:01:04.842] [DEBUG   ] [bot.scanner] TG check: Turkish Roulette Delays={'docena_1': 1, 'docena_2': 5, 'docena_3': 0, 'columna_1': 0, 'columna_2': 2, 'columna_3': 13}
[2026-04-26 15:01:05.924] [INFO    ] [bot.scanner] 🔥 Romanian Roulette: Nuevos -> [17]
[2026-04-26 15:01:05.938] [DEBUG   ] [bot.scanner] TG check: Romanian Roulette Delays={'docena_1': 3, 'docena_2': 0, 'docena_3': 1, 'columna_1': 3, 'columna_2': 0, 'columna_3': 4}
[2026-04-26 15:01:06.479] [INFO    ] [bot.scanner] 🔥 Roulette Italia Tricolore: Nuevos -> [19]
[2026-04-26 15:01:06.505] [DEBUG   ] [bot.scanner] TG check: Roulette Italia Tricolore Delays={'docena_1': 2, 'docena_2': 0, 'docena_3': 1, 'columna_1': 0, 'columna_2': 4, 'columna_3': 1}
[2026-04-26 15:01:07.057] [INFO    ] [bot.scanner] 🔥 Russian Roulette: Nuevos -> [14]
[2026-04-26 15:01:07.081] [DEBUG   ] [bot.scanner] TG check: Russian Roulette Delays={'docena_1': 1, 'docena_2': 0, 'docena_3': 2, 'columna_1': 1, 'columna_2': 0, 'columna_3': 10}
[2026-04-26 15:01:10.667] [INFO    ] [bot.scanner] 🔥 Roulette 1: Nuevos -> [25]
[2026-04-26 15:01:10.682] [DEBUG   ] [bot.scanner] TG check: Roulette 1 Delays={'docena_1': 7, 'docena_2': 2, 'docena_3': 0, 'columna_1': 0, 'columna_2': 1, 'columna_3': 4}
[2026-04-26 15:01:11.213] [INFO    ] [bot.scanner] 🔥 Roulette 3: Nuevos -> [5]
[2026-04-26 15:01:11.224] [DEBUG   ] [bot.scanner] TG check: Roulette 3 Delays={'docena_1': 0, 'docena_2': 3, 'docena_3': 1, 'columna_1': 4, 'columna_2': 0, 'columna_3': 1}
[2026-04-26 15:01:13.915] [INFO    ] [bot.scanner] 🔥 Auto Roulette: Nuevos -> [32]
[2026-04-26 15:01:13.928] [DEBUG   ] [bot.scanner] TG check: Auto Roulette Delays={'docena_1': 2, 'docena_2': 7, 'docena_3': 0, 'columna_1': 5, 'columna_2': 0, 'columna_3': 4}
[2026-04-26 15:01:23.462] [INFO    ] [bot.scanner] 🔥 Lucky 6 Roulette: Nuevos -> [18]
[2026-04-26 15:01:23.476] [DEBUG   ] [bot.scanner] TG check: Lucky 6 Roulette Delays={'docena_1': 1, 'docena_2': 0, 'docena_3': 7, 'columna_1': 1, 'columna_2': 2, 'columna_3': 0}
[2026-04-26 15:01:24.553] [INFO    ] [bot.scanner] 🔥 Stake Roulette: Nuevos -> [9]
[2026-04-26 15:01:24.567] [DEBUG   ] [bot.scanner] TG check: Stake Roulette Delays={'docena_1': 0, 'docena_2': 3, 'docena_3': 4, 'columna_1': 1, 'columna_2': 7, 'columna_3': 0}
[2026-04-26 15:01:25.669] [INFO    ] [bot.scanner] 🔥 German Roulette: Nuevos -> [21]
[2026-04-26 15:01:25.694] [DEBUG   ] [bot.scanner] TG check: German Roulette Delays={'docena_1': 6, 'docena_2': 0, 'docena_3': 1, 'columna_1': 3, 'columna_2': 7, 'columna_3': 0}
[2026-04-26 15:01:27.869] [INFO    ] [bot.scanner] 🔥 Dutch Roulette: Nuevos -> [0]
[2026-04-26 15:01:27.886] [DEBUG   ] [bot.scanner] TG check: Dutch Roulette Delays={'docena_1': 1, 'docena_2': 3, 'docena_3': 2, 'columna_1': 3, 'columna_2': 2, 'columna_3': 1}
[2026-04-26 15:01:29.284] [INFO    ] [bot.scanner] 🔥 Ruleta Latina: Nuevos -> [2]
[2026-04-26 15:01:29.296] [DEBUG   ] [bot.scanner] TG check: Ruleta Latina Delays={'docena_1': 0, 'docena_2': 9, 'docena_3': 1, 'columna_1': 2, 'columna_2': 0, 'columna_3': 3}
[2026-04-26 15:01:32.132] [INFO    ] [bot.scanner] 🔥 Roulette Macao: Nuevos -> [18]
[2026-04-26 15:01:32.145] [DEBUG   ] [bot.scanner] TG check: Roulette Macao Delays={'docena_1': 2, 'docena_2': 0, 'docena_3': 3, 'columna_1': 2, 'columna_2': 1, 'columna_3': 0}
[2026-04-26 15:01:33.206] [INFO    ] [bot.scanner] 🔥 Brazilian Mega Roulette: Nuevos -> [34]
[2026-04-26 15:01:33.220] [DEBUG   ] [bot.scanner] TG check: Brazilian Mega Roulette Delays={'docena_1': 7, 'docena_2': 1, 'docena_3': 0, 'columna_1': 0, 'columna_2': 3, 'columna_3': 1}
[2026-04-26 15:01:35.371] [INFO    ] [bot.scanner] 🔥 Turkish Roulette: Nuevos -> [21]
[2026-04-26 15:01:35.398] [DEBUG   ] [bot.scanner] TG check: Turkish Roulette Delays={'docena_1': 2, 'docena_2': 0, 'docena_3': 1, 'columna_1': 1, 'columna_2': 3, 'columna_3': 0}
[2026-04-26 15:01:36.521] [INFO    ] [bot.scanner] 🔥 Romanian Roulette: Nuevos -> [23]
[2026-04-26 15:01:36.536] [DEBUG   ] [bot.scanner] TG check: Romanian Roulette Delays={'docena_1': 4, 'docena_2': 0, 'docena_3': 2, 'columna_1': 4, 'columna_2': 0, 'columna_3': 5}
[2026-04-26 15:01:37.077] [INFO    ] [bot.scanner] 🔥 Roulette Italia Tricolore: Nuevos -> [22]
[2026-04-26 15:01:37.098] [DEBUG   ] [bot.scanner] TG check: Roulette Italia Tricolore Delays={'docena_1': 3, 'docena_2': 0, 'docena_3': 2, 'columna_1': 0, 'columna_2': 5, 'columna_3': 2}
[2026-04-26 15:01:39.039] [INFO    ] [bot.scanner] 💤 ALERTA ANTI-AFK: Entrando a mesa aleatoria...
[2026-04-26 15:01:39.080] [DEBUG   ] [bot.iframe]    ⏳ Esperando iframe principal (max 15s)...
[2026-04-26 15:01:39.140] [INFO    ] [bot.iframe]    ✅ Cambio a iframe #0 (class='game')
[2026-04-26 15:01:39.140] [DEBUG   ] [bot.iframe]    ⏳ Esperando iframe anidado o elementos del juego (max 15s)...
[2026-04-26 15:01:39.153] [INFO    ] [bot.iframe]    ✅ Elementos del juego encontrados en el iframe principal. No requiere anidado.
[2026-04-26 15:01:39.153] [INFO    ] [bot.scanner] 👉 Intento 1/3: Entrando a 'German Roulette' (ID: s2x6b4jdeqza2ge2-222)...
[2026-04-26 15:01:39.454] [INFO    ] [bot.screenshot] 📸 Screenshot guardado: D:\GITHUBB\bot_stake\dist\data\logs\screenshots\005_2026-04-26_150139_AFK_00_click_mesa_intento1.png
[2026-04-26 15:01:39.472] [DEBUG   ] [bot.screenshot] 📄 HTML source guardado: D:\GITHUBB\bot_stake\dist\data\logs\screenshots\005_2026-04-26_150139_AFK_00_click_mesa_intento1.html
[2026-04-26 15:01:40.515] [INFO    ] [bot.scanner] ⏳ Mesa cliqueada. Esperando 5s...
[2026-04-26 15:01:45.833] [INFO    ] [bot.screenshot] 📸 Screenshot guardado: D:\GITHUBB\bot_stake\dist\data\logs\screenshots\006_2026-04-26_150145_AFK_01_despues_click_intento1.png
[2026-04-26 15:01:45.887] [DEBUG   ] [bot.screenshot] 📄 HTML source guardado: D:\GITHUBB\bot_stake\dist\data\logs\screenshots\006_2026-04-26_150145_AFK_01_despues_click_intento1.html
[2026-04-26 15:01:46.172] [INFO    ] [bot.scanner]    ✅ Mesa 'German Roulette' cargó correctamente. Actividad registrada.
[2026-04-26 15:01:46.172] [INFO    ] [bot.lobby] 🔄 Navegando al Lobby... (from_anti_afk=True)
[2026-04-26 15:01:46.172] [INFO    ] [bot.lobby]    ↩️ Usando browser.back() para volver al lobby...
[2026-04-26 15:01:46.439] [INFO    ] [bot.screenshot] 📸 Screenshot guardado: D:\GITHUBB\bot_stake\dist\data\logs\screenshots\007_2026-04-26_150146_AFK_01_antes_back.png
[2026-04-26 15:01:46.476] [DEBUG   ] [bot.screenshot] 📄 HTML source guardado: D:\GITHUBB\bot_stake\dist\data\logs\screenshots\007_2026-04-26_150146_AFK_01_antes_back.html
[2026-04-26 15:01:49.722] [INFO    ] [bot.screenshot] 📸 Screenshot guardado: D:\GITHUBB\bot_stake\dist\data\logs\screenshots\008_2026-04-26_150149_AFK_02_despues_back.png
[2026-04-26 15:01:49.758] [DEBUG   ] [bot.screenshot] 📄 HTML source guardado: D:\GITHUBB\bot_stake\dist\data\logs\screenshots\008_2026-04-26_150149_AFK_02_despues_back.html
[2026-04-26 15:01:49.765] [INFO    ] [bot.lobby]    📍 URL actual: https://stake.com.co/casino/juego/roulette-lobby-571
[2026-04-26 15:01:50.382] [INFO    ] [bot.screenshot] 📸 Screenshot guardado: D:\GITHUBB\bot_stake\dist\data\logs\screenshots\009_2026-04-26_150149_AFK_04_verificando_sesion.png
[2026-04-26 15:01:50.426] [DEBUG   ] [bot.screenshot] 📄 HTML source guardado: D:\GITHUBB\bot_stake\dist\data\logs\screenshots\009_2026-04-26_150149_AFK_04_verificando_sesion.html
[2026-04-26 15:01:50.481] [DEBUG   ] [bot.lobby] ✅ Sesión activa confirmada
[2026-04-26 15:01:50.481] [INFO    ] [bot.lobby]    ✅ Sesión sigue activa tras Anti-AFK
[2026-04-26 15:01:51.206] [INFO    ] [bot.lobby]    ✅ Sesión activa en modo real (no requirió botón 'Juego real')
[2026-04-26 15:01:51.208] [DEBUG   ] [bot.iframe]    ⏳ Esperando iframe principal (max 15s)...
[2026-04-26 15:01:51.251] [INFO    ] [bot.iframe]    ✅ Cambio a iframe #0 (class='game')
[2026-04-26 15:01:51.251] [DEBUG   ] [bot.iframe]    ⏳ Esperando iframe anidado o elementos del juego (max 15s)...
[2026-04-26 15:01:51.261] [INFO    ] [bot.iframe]    ✅ Elementos del juego encontrados en el iframe principal. No requiere anidado.
[2026-04-26 15:01:51.262] [INFO    ] [bot.lobby] ✅ Contexto cambiado al iframe del juego.
[2026-04-26 15:01:51.262] [INFO    ] [bot.lobby]    ⏳ Esperando a que el lobby termine de cargar...
[2026-04-26 15:01:54.295] [INFO    ] [bot.lobby]    ✅ Lobby cargado! 31 tiles encontrados (3s)
[2026-04-26 15:01:54.295] [INFO    ] [bot.iframe] 🛡️ Verificando modales bloquantes...
[2026-04-26 15:01:55.395] [INFO    ] [bot.scanner] 🔄 Re-escaneando IDs tras Anti-AFK...
[2026-04-26 15:01:55.395] [INFO    ] [bot.lobby] 🗺️  Escaneando IDs de mesas dinámicamente (modo robusto)...
[2026-04-26 15:01:55.398] [DEBUG   ] [bot.iframe]    ⏳ Esperando iframe principal (max 15s)...
[2026-04-26 15:01:55.438] [INFO    ] [bot.iframe]    ✅ Cambio a iframe #0 (class='game')
[2026-04-26 15:01:55.438] [DEBUG   ] [bot.iframe]    ⏳ Esperando iframe anidado o elementos del juego (max 15s)...
[2026-04-26 15:01:55.447] [INFO    ] [bot.iframe]    ✅ Elementos del juego encontrados en el iframe principal. No requiere anidado.
[2026-04-26 15:01:55.447] [DEBUG   ] [bot.lobby]    Bajando scroll en contenedor interno...
[2026-04-26 15:02:00.076] [INFO    ] [bot.lobby]    Encontrados 31 tiles totales. Escaneando uno por uno...
[2026-04-26 15:02:26.929] [INFO    ] [bot.lobby] 
   ID                             | TÍTULO
[2026-04-26 15:02:26.929] [INFO    ] [bot.lobby]    ------------------------------------------------------------
[2026-04-26 15:02:26.929] [INFO    ] [bot.lobby]    gatesofolympus01-2244          | Gates of Olympus Roulette
[2026-04-26 15:02:26.929] [INFO    ] [bot.lobby]    crystalroul00001-2501          | Crystal Roulette
[2026-04-26 15:02:26.929] [INFO    ] [bot.lobby]    rw321stakerws321-236           | Stake Roulette
[2026-04-26 15:02:26.929] [INFO    ] [bot.lobby]    roulerw234rwl292-234           | Ruleta Latina
[2026-04-26 15:02:26.929] [INFO    ] [bot.lobby]    1hl65ce1lxuqdrkr-204           | Mega Roulette
[2026-04-26 15:02:26.930] [INFO    ] [bot.lobby]    g03y1t9vvuhrfytl-227           | Roulette 1
[2026-04-26 15:02:26.930] [INFO    ] [bot.lobby]    yqpz3ichst2xg439-206           | Roulette Macao
[2026-04-26 15:02:26.930] [INFO    ] [bot.lobby]    powruprw1qm3xc25-240           | PowerUP Roulette
[2026-04-26 15:02:26.930] [INFO    ] [bot.lobby]    rwbrzportrwa16rg-237           | Brazilian Roulette
[2026-04-26 15:02:26.930] [INFO    ] [bot.lobby]    1hl323e1lxuqdrkr-210           | Auto Mega Roulette
[2026-04-26 15:02:26.930] [INFO    ] [bot.lobby]    chroma229rwltr22-230           | Roulette 3
[2026-04-26 15:02:26.930] [INFO    ] [bot.lobby]    fl9knouu0yjez2wi-203           | Speed Roulette 1
[2026-04-26 15:02:26.930] [INFO    ] [bot.lobby]    5kvxlw4c1qm3xcyn-201           | Roulette 2 Extra Time
[2026-04-26 15:02:26.930] [INFO    ] [bot.lobby]    megaroulette3k01-2901          | Mega Roulette 3000
[2026-04-26 15:02:26.930] [INFO    ] [bot.lobby]    5bzl2835s5ruvweg-225           | Auto Roulette
[2026-04-26 15:02:26.930] [INFO    ] [bot.lobby]    r20speedrtwo201s-205           | Speed Roulette 2
[2026-04-26 15:02:26.930] [INFO    ] [bot.lobby]    lucky6roulettea3-211a1         | Lucky 6 Roulette
[2026-04-26 15:02:26.930] [INFO    ] [bot.lobby]    geogamingh2rw545-545           | VIP Roulette
[2026-04-26 15:02:26.930] [INFO    ] [bot.lobby]    autorwra311autor-226           | Speed Auto Roulette
[2026-04-26 15:02:26.931] [INFO    ] [bot.lobby]    mrbras531mrbr532-287           | Brazilian Mega Roulette
[2026-04-26 15:02:26.931] [INFO    ] [bot.lobby]    ar25vipautorw251-266           | VIP Auto Roulette
[2026-04-26 15:02:26.931] [INFO    ] [bot.lobby]    privroulettegt01-28201         | Privé Lounge Roulette
[2026-04-26 15:02:26.931] [INFO    ] [bot.lobby]    privroudeluxgt01-28301         | Privé Lounge Roulette Deluxe
[2026-04-26 15:02:26.931] [INFO    ] [bot.lobby]    p8l1j84prrmxzyic-224           | Turkish Roulette
[2026-04-26 15:02:26.931] [INFO    ] [bot.lobby]    s2x6b4jdeqza2ge2-222           | German Roulette
[2026-04-26 15:02:26.931] [INFO    ] [bot.lobby]    t4jzencinod6iqwi-221           | Russian Roulette
[2026-04-26 15:02:26.931] [INFO    ] [bot.lobby]    v1c52fgw7yy02upz-223           | Roulette Italia Tricolore
[2026-04-26 15:02:26.931] [INFO    ] [bot.lobby]    romania233rwl291-233           | Romanian Roulette
[2026-04-26 15:02:26.931] [INFO    ] [bot.lobby]    megar0ul3tt3trk1-208           | Turkish Mega Roulette
[2026-04-26 15:02:26.931] [INFO    ] [bot.lobby]    greekchr11genric-297           | Greek Roulette
[2026-04-26 15:02:26.931] [INFO    ] [bot.lobby]    dutchrw235rwl293-235           | Dutch Roulette
[2026-04-26 15:02:26.931] [INFO    ] [bot.lobby]    ------------------------------------------------------------
[2026-04-26 15:02:26.931] [INFO    ] [bot.lobby]    ✅ Ruleta Latina: ID confirmado (roulerw234rwl292-234)
[2026-04-26 15:02:26.931] [INFO    ] [bot.lobby]    ✅ Mega Roulette: ID confirmado (1hl65ce1lxuqdrkr-204)
[2026-04-26 15:02:26.931] [INFO    ] [bot.lobby]    ✅ Brazilian Roulette: ID confirmado (rwbrzportrwa16rg-237)
[2026-04-26 15:02:26.932] [INFO    ] [bot.lobby]    ✅ Roulette 1: ID confirmado (g03y1t9vvuhrfytl-227)
[2026-04-26 15:02:26.932] [INFO    ] [bot.lobby]    ✅ Roulette 3: ID confirmado (chroma229rwltr22-230)
[2026-04-26 15:02:26.932] [INFO    ] [bot.lobby]    ✅ Roulette Macao: ID confirmado (yqpz3ichst2xg439-206)
[2026-04-26 15:02:26.932] [INFO    ] [bot.lobby]    ✅ Roulette 2 Extra Time: ID confirmado (5kvxlw4c1qm3xcyn-201)
[2026-04-26 15:02:26.932] [INFO    ] [bot.lobby]    ✅ Brazilian Mega Roulette: ID confirmado (mrbras531mrbr532-287)
[2026-04-26 15:02:26.932] [INFO    ] [bot.lobby]    ✅ Lucky 6 Roulette: ID confirmado (lucky6roulettea3-211a1)
[2026-04-26 15:02:26.932] [INFO    ] [bot.lobby]    ✅ Auto Roulette: ID confirmado (5bzl2835s5ruvweg-225)
[2026-04-26 15:02:26.932] [INFO    ] [bot.lobby]    ✅ Stake Roulette: ID confirmado (rw321stakerws321-236)
[2026-04-26 15:02:26.932] [INFO    ] [bot.lobby]    ✅ Turkish Roulette: ID confirmado (p8l1j84prrmxzyic-224)
[2026-04-26 15:02:26.932] [INFO    ] [bot.lobby]    ✅ German Roulette: ID confirmado (s2x6b4jdeqza2ge2-222)
[2026-04-26 15:02:26.932] [INFO    ] [bot.lobby]    ✅ Romanian Roulette: ID confirmado (romania233rwl291-233)
[2026-04-26 15:02:26.932] [INFO    ] [bot.lobby]    ✅ Roulette Italia Tricolore: ID confirmado (v1c52fgw7yy02upz-223)
[2026-04-26 15:02:26.932] [INFO    ] [bot.lobby]    ✅ Russian Roulette: ID confirmado (t4jzencinod6iqwi-221)
[2026-04-26 15:02:26.932] [INFO    ] [bot.lobby]    ✅ Dutch Roulette: ID confirmado (dutchrw235rwl293-235)
[2026-04-26 15:02:26.932] [INFO    ] [bot.lobby] 
✅ Mapeo completado. 17/17 mesas emparejadas.
[2026-04-26 15:02:27.804] [INFO    ] [bot.scanner] 🔥 Ruleta Latina: Nuevos -> [11]
[2026-04-26 15:02:27.818] [DEBUG   ] [bot.scanner] TG check: Ruleta Latina Delays={'docena_1': 0, 'docena_2': 10, 'docena_3': 2, 'columna_1': 3, 'columna_2': 0, 'columna_3': 4}
[2026-04-26 15:02:28.358] [INFO    ] [bot.scanner] 🔥 Mega Roulette: Nuevos -> [34, 29]
[2026-04-26 15:02:28.386] [DEBUG   ] [bot.scanner] TG check: Mega Roulette Delays={'docena_1': 6, 'docena_2': 2, 'docena_3': 0, 'columna_1': 1, 'columna_2': 0, 'columna_3': 4}
[2026-04-26 15:02:28.920] [INFO    ] [bot.scanner] 🔥 Brazilian Roulette: Nuevos -> [14, 36]
[2026-04-26 15:02:28.944] [DEBUG   ] [bot.scanner] TG check: Brazilian Roulette Delays={'docena_1': 3, 'docena_2': 1, 'docena_3': 0, 'columna_1': 3, 'columna_2': 1, 'columna_3': 0}
[2026-04-26 15:02:29.487] [INFO    ] [bot.scanner] 🔥 Roulette 1: Nuevos -> [34, 4]
[2026-04-26 15:02:29.514] [DEBUG   ] [bot.scanner] TG check: Roulette 1 Delays={'docena_1': 0, 'docena_2': 4, 'docena_3': 1, 'columna_1': 0, 'columna_2': 3, 'columna_3': 6}
[2026-04-26 15:02:30.054] [INFO    ] [bot.scanner] 🔥 Roulette 3: Nuevos -> [28, 5]
[2026-04-26 15:02:30.086] [DEBUG   ] [bot.scanner] TG check: Roulette 3 Delays={'docena_1': 0, 'docena_2': 5, 'docena_3': 1, 'columna_1': 1, 'columna_2': 0, 'columna_3': 3}
[2026-04-26 15:02:30.623] [INFO    ] [bot.scanner] 🔥 Roulette Macao: Nuevos -> [10]
[2026-04-26 15:02:30.640] [DEBUG   ] [bot.scanner] TG check: Roulette Macao Delays={'docena_1': 0, 'docena_2': 1, 'docena_3': 4, 'columna_1': 0, 'columna_2': 2, 'columna_3': 1}
[2026-04-26 15:02:31.178] [INFO    ] [bot.scanner] 🔥 Roulette 2 Extra Time: Nuevos -> [31, 16]
[2026-04-26 15:02:31.205] [DEBUG   ] [bot.scanner] TG check: Roulette 2 Extra Time Delays={'docena_1': 6, 'docena_2': 0, 'docena_3': 1, 'columna_1': 0, 'columna_2': 3, 'columna_3': 5}
[2026-04-26 15:02:31.749] [INFO    ] [bot.scanner] 🔥 Brazilian Mega Roulette: Nuevos -> [8]
[2026-04-26 15:02:31.764] [DEBUG   ] [bot.scanner] TG check: Brazilian Mega Roulette Delays={'docena_1': 0, 'docena_2': 2, 'docena_3': 1, 'columna_1': 1, 'columna_2': 0, 'columna_3': 2}
[2026-04-26 15:02:32.306] [INFO    ] [bot.scanner] 🔥 Lucky 6 Roulette: Nuevos -> [34]
[2026-04-26 15:02:32.323] [DEBUG   ] [bot.scanner] TG check: Lucky 6 Roulette Delays={'docena_1': 2, 'docena_2': 1, 'docena_3': 0, 'columna_1': 0, 'columna_2': 3, 'columna_3': 1}
[2026-04-26 15:02:32.861] [INFO    ] [bot.scanner] 🔥 Auto Roulette: Nuevos -> [30, 31]
[2026-04-26 15:02:32.888] [DEBUG   ] [bot.scanner] TG check: Auto Roulette Delays={'docena_1': 4, 'docena_2': 9, 'docena_3': 0, 'columna_1': 0, 'columna_2': 2, 'columna_3': 1}
[2026-04-26 15:02:33.448] [INFO    ] [bot.scanner] 🔥 Stake Roulette: Nuevos -> [32]
[2026-04-26 15:02:33.464] [DEBUG   ] [bot.scanner] TG check: Stake Roulette Delays={'docena_1': 1, 'docena_2': 4, 'docena_3': 0, 'columna_1': 2, 'columna_2': 0, 'columna_3': 1}
[2026-04-26 15:02:33.996] [INFO    ] [bot.scanner] 🔥 Turkish Roulette: Nuevos -> [19]
[2026-04-26 15:02:34.007] [DEBUG   ] [bot.scanner] TG check: Turkish Roulette Delays={'docena_1': 3, 'docena_2': 0, 'docena_3': 2, 'columna_1': 0, 'columna_2': 4, 'columna_3': 1}
[2026-04-26 15:02:34.541] [INFO    ] [bot.scanner] 🔥 German Roulette: Nuevos -> [35]
[2026-04-26 15:02:34.555] [DEBUG   ] [bot.scanner] TG check: German Roulette Delays={'docena_1': 7, 'docena_2': 1, 'docena_3': 0, 'columna_1': 4, 'columna_2': 0, 'columna_3': 1}
[2026-04-26 15:02:35.087] [INFO    ] [bot.scanner] 🔥 Romanian Roulette: Nuevos -> [36]
[2026-04-26 15:02:35.100] [DEBUG   ] [bot.scanner] TG check: Romanian Roulette Delays={'docena_1': 5, 'docena_2': 1, 'docena_3': 0, 'columna_1': 5, 'columna_2': 1, 'columna_3': 0}
[2026-04-26 15:02:35.643] [INFO    ] [bot.scanner] 🔥 Roulette Italia Tricolore: Nuevos -> [19]
[2026-04-26 15:02:35.659] [DEBUG   ] [bot.scanner] TG check: Roulette Italia Tricolore Delays={'docena_1': 4, 'docena_2': 0, 'docena_3': 3, 'columna_1': 0, 'columna_2': 6, 'columna_3': 3}
[2026-04-26 15:02:36.201] [INFO    ] [bot.scanner] 🔥 Russian Roulette: Nuevos -> [34, 30]
[2026-04-26 15:02:36.231] [DEBUG   ] [bot.scanner] TG check: Russian Roulette Delays={'docena_1': 3, 'docena_2': 2, 'docena_3': 0, 'columna_1': 1, 'columna_2': 2, 'columna_3': 0}
[2026-04-26 15:02:36.775] [INFO    ] [bot.scanner] 🔥 Dutch Roulette: Nuevos -> [9]
[2026-04-26 15:02:36.790] [DEBUG   ] [bot.scanner] TG check: Dutch Roulette Delays={'docena_1': 0, 'docena_2': 4, 'docena_3': 3, 'columna_1': 4, 'columna_2': 3, 'columna_3': 0}
[2026-04-26 15:02:38.180] [INFO    ] [bot.scanner] 🔥 Ruleta Latina: Nuevos -> [7]
[2026-04-26 15:02:38.202] [DEBUG   ] [bot.scanner] TG check: Ruleta Latina Delays={'docena_1': 0, 'docena_2': 11, 'docena_3': 3, 'columna_1': 0, 'columna_2': 1, 'columna_3': 5}
[2026-04-26 15:02:40.961] [INFO    ] [bot.scanner] 🔥 Roulette Macao: Nuevos -> [32]
[2026-04-26 15:02:40.980] [DEBUG   ] [bot.scanner] TG check: Roulette Macao Delays={'docena_1': 1, 'docena_2': 2, 'docena_3': 0, 'columna_1': 1, 'columna_2': 0, 'columna_3': 2}
[2026-04-26 15:02:43.737] [INFO    ] [bot.scanner] 🔥 Stake Roulette: Nuevos -> [29]
[2026-04-26 15:02:43.760] [DEBUG   ] [bot.scanner] TG check: Stake Roulette Delays={'docena_1': 2, 'docena_2': 5, 'docena_3': 0, 'columna_1': 3, 'columna_2': 0, 'columna_3': 2}
[2026-04-26 15:02:44.869] [INFO    ] [bot.scanner] 🔥 German Roulette: Nuevos -> [22]
[2026-04-26 15:02:44.881] [DEBUG   ] [bot.scanner] TG check: German Roulette Delays={'docena_1': 8, 'docena_2': 0, 'docena_3': 1, 'columna_1': 0, 'columna_2': 1, 'columna_3': 2}
[2026-04-26 15:02:47.075] [INFO    ] [bot.scanner] 🔥 Dutch Roulette: Nuevos -> [27]
[2026-04-26 15:02:47.094] [DEBUG   ] [bot.scanner] TG check: Dutch Roulette Delays={'docena_1': 1, 'docena_2': 5, 'docena_3': 0, 'columna_1': 5, 'columna_2': 4, 'columna_3': 0}
[2026-04-26 15:02:52.279] [INFO    ] [bot.scanner] 🔥 Brazilian Mega Roulette: Nuevos -> [36]
[2026-04-26 15:02:52.299] [DEBUG   ] [bot.scanner] TG check: Brazilian Mega Roulette Delays={'docena_1': 1, 'docena_2': 3, 'docena_3': 0, 'columna_1': 2, 'columna_2': 1, 'columna_3': 0}
[2026-04-26 15:02:52.844] [INFO    ] [bot.scanner] 🔥 Lucky 6 Roulette: Nuevos -> [8]
[2026-04-26 15:02:52.865] [DEBUG   ] [bot.scanner] TG check: Lucky 6 Roulette Delays={'docena_1': 0, 'docena_2': 2, 'docena_3': 1, 'columna_1': 1, 'columna_2': 0, 'columna_3': 2}
[2026-04-26 15:02:54.507] [INFO    ] [bot.scanner] 🔥 Turkish Roulette: Nuevos -> [22]
[2026-04-26 15:02:54.524] [DEBUG   ] [bot.scanner] TG check: Turkish Roulette Delays={'docena_1': 4, 'docena_2': 0, 'docena_3': 3, 'columna_1': 0, 'columna_2': 5, 'columna_3': 2}
[2026-04-26 15:02:55.625] [INFO    ] [bot.scanner] 🔥 Romanian Roulette: Nuevos -> [4]
[2026-04-26 15:02:55.640] [DEBUG   ] [bot.scanner] TG check: Romanian Roulette Delays={'docena_1': 0, 'docena_2': 2, 'docena_3': 1, 'columna_1': 0, 'columna_2': 2, 'columna_3': 1}
[2026-04-26 15:02:56.167] [INFO    ] [bot.scanner] 🔥 Roulette Italia Tricolore: Nuevos -> [22]
[2026-04-26 15:02:56.177] [DEBUG   ] [bot.scanner] TG check: Roulette Italia Tricolore Delays={'docena_1': 5, 'docena_2': 0, 'docena_3': 4, 'columna_1': 0, 'columna_2': 7, 'columna_3': 4}
[2026-04-26 15:02:59.714] [INFO    ] [bot.scanner] 🔥 Brazilian Roulette: Nuevos -> [6]
[2026-04-26 15:02:59.724] [DEBUG   ] [bot.scanner] TG check: Brazilian Roulette Delays={'docena_1': 0, 'docena_2': 2, 'docena_3': 1, 'columna_1': 4, 'columna_2': 2, 'columna_3': 0}
[2026-04-26 15:03:00.816] [INFO    ] [bot.scanner] 🔥 Roulette 3: Nuevos -> [22]
[2026-04-26 15:03:00.827] [DEBUG   ] [bot.scanner] TG check: Roulette 3 Delays={'docena_1': 1, 'docena_2': 0, 'docena_3': 2, 'columna_1': 0, 'columna_2': 1, 'columna_3': 4}
[2026-04-26 15:03:06.786] [INFO    ] [bot.scanner] 🔥 Russian Roulette: Nuevos -> [33]
[2026-04-26 15:03:06.801] [DEBUG   ] [bot.scanner] TG check: Russian Roulette Delays={'docena_1': 4, 'docena_2': 3, 'docena_3': 0, 'columna_1': 2, 'columna_2': 3, 'columna_3': 0}
[2026-04-26 15:03:08.717] [INFO    ] [bot.scanner] 🔥 Ruleta Latina: Nuevos -> [0]
[2026-04-26 15:03:08.729] [DEBUG   ] [bot.scanner] TG check: Ruleta Latina Delays={'docena_1': 1, 'docena_2': 12, 'docena_3': 4, 'columna_1': 1, 'columna_2': 2, 'columna_3': 6}
[2026-04-26 15:03:09.259] [INFO    ] [bot.scanner] 🔥 Mega Roulette: Nuevos -> [34]
[2026-04-26 15:03:09.273] [DEBUG   ] [bot.scanner] TG check: Mega Roulette Delays={'docena_1': 7, 'docena_2': 3, 'docena_3': 0, 'columna_1': 0, 'columna_2': 1, 'columna_3': 5}
[2026-04-26 15:03:10.364] [INFO    ] [bot.scanner] 🔥 Roulette 1: Nuevos -> [29]
[2026-04-26 15:03:10.388] [DEBUG   ] [bot.scanner] TG check: Roulette 1 Delays={'docena_1': 1, 'docena_2': 5, 'docena_3': 0, 'columna_1': 1, 'columna_2': 0, 'columna_3': 7}
[2026-04-26 15:03:13.657] [INFO    ] [bot.scanner] 🔥 Auto Roulette: Nuevos -> [14]
[2026-04-26 15:03:13.670] [DEBUG   ] [bot.scanner] TG check: Auto Roulette Delays={'docena_1': 5, 'docena_2': 0, 'docena_3': 1, 'columna_1': 1, 'columna_2': 0, 'columna_3': 2}
[2026-04-26 15:03:21.655] [INFO    ] [bot.scanner] 🔥 Roulette Macao: Nuevos -> [16]
[2026-04-26 15:03:21.671] [DEBUG   ] [bot.scanner] TG check: Roulette Macao Delays={'docena_1': 2, 'docena_2': 0, 'docena_3': 1, 'columna_1': 0, 'columna_2': 1, 'columna_3': 3}
[2026-04-26 15:03:22.225] [INFO    ] [bot.scanner] 🔥 Roulette 2 Extra Time: Nuevos -> [14]
[2026-04-26 15:03:22.236] [DEBUG   ] [bot.scanner] TG check: Roulette 2 Extra Time Delays={'docena_1': 7, 'docena_2': 0, 'docena_3': 2, 'columna_1': 1, 'columna_2': 0, 'columna_3': 6}
[2026-04-26 15:03:25.513] [INFO    ] [bot.scanner] 🔥 German Roulette: Nuevos -> [35]
[2026-04-26 15:03:25.537] [DEBUG   ] [bot.scanner] TG check: German Roulette Delays={'docena_1': 9, 'docena_2': 1, 'docena_3': 0, 'columna_1': 1, 'columna_2': 0, 'columna_3': 3}
[2026-04-26 15:03:27.712] [INFO    ] [bot.scanner] 🔥 Dutch Roulette: Nuevos -> [16]
[2026-04-26 15:03:27.732] [DEBUG   ] [bot.scanner] TG check: Dutch Roulette Delays={'docena_1': 2, 'docena_2': 0, 'docena_3': 1, 'columna_1': 0, 'columna_2': 5, 'columna_3': 1}
[2026-04-26 15:03:30.266] [INFO    ] [bot.scanner] 🔥 Brazilian Roulette: Nuevos -> [7]
[2026-04-26 15:03:30.285] [DEBUG   ] [bot.scanner] TG check: Brazilian Roulette Delays={'docena_1': 0, 'docena_2': 3, 'docena_3': 2, 'columna_1': 0, 'columna_2': 3, 'columna_3': 1}
[2026-04-26 15:03:33.040] [INFO    ] [bot.scanner] 🔥 Brazilian Mega Roulette: Nuevos -> [28]
[2026-04-26 15:03:33.059] [DEBUG   ] [bot.scanner] TG check: Brazilian Mega Roulette Delays={'docena_1': 2, 'docena_2': 4, 'docena_3': 0, 'columna_1': 0, 'columna_2': 2, 'columna_3': 1}
[2026-04-26 15:03:33.599] [INFO    ] [bot.scanner] 🔥 Lucky 6 Roulette: Nuevos -> [2]
[2026-04-26 15:03:33.616] [DEBUG   ] [bot.scanner] TG check: Lucky 6 Roulette Delays={'docena_1': 0, 'docena_2': 3, 'docena_3': 2, 'columna_1': 2, 'columna_2': 0, 'columna_3': 3}
[2026-04-26 15:03:34.668] [INFO    ] [bot.scanner] 🔥 Stake Roulette: Nuevos -> [31]
[2026-04-26 15:03:34.683] [DEBUG   ] [bot.scanner] TG check: Stake Roulette Delays={'docena_1': 3, 'docena_2': 6, 'docena_3': 0, 'columna_1': 0, 'columna_2': 1, 'columna_3': 3}
[2026-04-26 15:03:35.242] [INFO    ] [bot.scanner] 🔥 Turkish Roulette: Nuevos -> [26]
[2026-04-26 15:03:35.266] [DEBUG   ] [bot.scanner] TG check: Turkish Roulette Delays={'docena_1': 5, 'docena_2': 1, 'docena_3': 0, 'columna_1': 1, 'columna_2': 0, 'columna_3': 3}
[2026-04-26 15:03:36.364] [INFO    ] [bot.scanner] 🔥 Romanian Roulette: Nuevos -> [19]
[2026-04-26 15:03:36.387] [DEBUG   ] [bot.scanner] TG check: Romanian Roulette Delays={'docena_1': 1, 'docena_2': 0, 'docena_3': 2, 'columna_1': 0, 'columna_2': 3, 'columna_3': 2}
[2026-04-26 15:03:36.948] [INFO    ] [bot.scanner] 🔥 Roulette Italia Tricolore: Nuevos -> [32]
[2026-04-26 15:03:36.970] [DEBUG   ] [bot.scanner] TG check: Roulette Italia Tricolore Delays={'docena_1': 6, 'docena_2': 1, 'docena_3': 0, 'columna_1': 1, 'columna_2': 0, 'columna_3': 5}
[2026-04-26 15:03:41.629] [INFO    ] [bot.scanner] 🔥 Roulette 3: Nuevos -> [15]
[2026-04-26 15:03:41.649] [DEBUG   ] [bot.scanner] TG check: Roulette 3 Delays={'docena_1': 2, 'docena_2': 0, 'docena_3': 3, 'columna_1': 1, 'columna_2': 2, 'columna_3': 0}
[2026-04-26 15:03:44.396] [INFO    ] [bot.scanner] 🔥 Auto Roulette: Nuevos -> [33]
[2026-04-26 15:03:44.411] [DEBUG   ] [bot.scanner] TG check: Auto Roulette Delays={'docena_1': 6, 'docena_2': 1, 'docena_3': 0, 'columna_1': 2, 'columna_2': 1, 'columna_3': 0}
[2026-04-26 15:03:47.613] [INFO    ] [bot.scanner] 🔥 Russian Roulette: Nuevos -> [29]
[2026-04-26 15:03:47.627] [DEBUG   ] [bot.scanner] TG check: Russian Roulette Delays={'docena_1': 5, 'docena_2': 4, 'docena_3': 0, 'columna_1': 3, 'columna_2': 0, 'columna_3': 1}
[2026-04-26 15:03:49.503] [INFO    ] [bot.scanner] 🔥 Ruleta Latina: Nuevos -> [2]
[2026-04-26 15:03:49.514] [DEBUG   ] [bot.scanner] TG check: Ruleta Latina Delays={'docena_1': 0, 'docena_2': 13, 'docena_3': 5, 'columna_1': 2, 'columna_2': 0, 'columna_3': 7}
[2026-04-26 15:03:51.112] [INFO    ] [bot.scanner] 🔥 Roulette 1: Nuevos -> [18]
[2026-04-26 15:03:51.127] [DEBUG   ] [bot.scanner] TG check: Roulette 1 Delays={'docena_1': 2, 'docena_2': 0, 'docena_3': 1, 'columna_1': 2, 'columna_2': 1, 'columna_3': 0}
[2026-04-26 15:03:52.209] [INFO    ] [bot.scanner] 🔥 Roulette Macao: Nuevos -> [19]
[2026-04-26 15:03:52.222] [DEBUG   ] [bot.scanner] TG check: Roulette Macao Delays={'docena_1': 3, 'docena_2': 0, 'docena_3': 2, 'columna_1': 0, 'columna_2': 2, 'columna_3': 4}
[2026-04-26 15:03:58.219] [INFO    ] [bot.scanner] 🔥 Dutch Roulette: Nuevos -> [14]
[2026-04-26 15:03:58.239] [DEBUG   ] [bot.scanner] TG check: Dutch Roulette Delays={'docena_1': 3, 'docena_2': 0, 'docena_3': 2, 'columna_1': 1, 'columna_2': 0, 'columna_3': 2}
[2026-04-26 15:04:00.168] [INFO    ] [bot.scanner] 🔥 Mega Roulette: Nuevos -> [27]
[2026-04-26 15:04:00.184] [DEBUG   ] [bot.scanner] TG check: Mega Roulette Delays={'docena_1': 8, 'docena_2': 4, 'docena_3': 0, 'columna_1': 1, 'columna_2': 2, 'columna_3': 0}
[2026-04-26 15:04:02.927] [INFO    ] [bot.scanner] 🔥 Roulette 2 Extra Time: Nuevos -> [18]
[2026-04-26 15:04:02.951] [DEBUG   ] [bot.scanner] TG check: Roulette 2 Extra Time Delays={'docena_1': 8, 'docena_2': 0, 'docena_3': 3, 'columna_1': 2, 'columna_2': 1, 'columna_3': 0}
[2026-04-26 15:04:05.693] [INFO    ] [bot.scanner] 🔥 Turkish Roulette: Nuevos -> [8]
[2026-04-26 15:04:05.706] [DEBUG   ] [bot.scanner] TG check: Turkish Roulette Delays={'docena_1': 0, 'docena_2': 2, 'docena_3': 1, 'columna_1': 2, 'columna_2': 0, 'columna_3': 4}
[2026-04-26 15:04:06.236] [INFO    ] [bot.scanner] 🔥 German Roulette: Nuevos -> [16]
[2026-04-26 15:04:06.249] [DEBUG   ] [bot.scanner] TG check: German Roulette Delays={'docena_1': 10, 'docena_2': 0, 'docena_3': 1, 'columna_1': 0, 'columna_2': 1, 'columna_3': 4}
[2026-04-26 15:04:07.301] [INFO    ] [bot.scanner] 🔥 Roulette Italia Tricolore: Nuevos -> [0]
[2026-04-26 15:04:07.314] [DEBUG   ] [bot.scanner] TG check: Roulette Italia Tricolore Delays={'docena_1': 7, 'docena_2': 2, 'docena_3': 1, 'columna_1': 2, 'columna_2': 1, 'columna_3': 6}
[2026-04-26 15:04:10.813] [INFO    ] [bot.scanner] 🔥 Brazilian Roulette: Nuevos -> [27]
[2026-04-26 15:04:10.824] [DEBUG   ] [bot.scanner] TG check: Brazilian Roulette Delays={'docena_1': 1, 'docena_2': 4, 'docena_3': 0, 'columna_1': 1, 'columna_2': 4, 'columna_3': 0}
[2026-04-26 15:04:13.517] [INFO    ] [bot.scanner] 🔥 Brazilian Mega Roulette: Nuevos -> [12]
[2026-04-26 15:04:13.534] [DEBUG   ] [bot.scanner] TG check: Brazilian Mega Roulette Delays={'docena_1': 0, 'docena_2': 5, 'docena_3': 1, 'columna_1': 1, 'columna_2': 3, 'columna_3': 0}
[2026-04-26 15:04:14.073] [INFO    ] [bot.scanner] 🔥 Lucky 6 Roulette: Nuevos -> [33]
[2026-04-26 15:04:14.090] [DEBUG   ] [bot.scanner] TG check: Lucky 6 Roulette Delays={'docena_1': 1, 'docena_2': 4, 'docena_3': 0, 'columna_1': 3, 'columna_2': 1, 'columna_3': 0}
[2026-04-26 15:04:15.156] [INFO    ] [bot.scanner] 🔥 Stake Roulette: Nuevos -> [17]
[2026-04-26 15:04:15.181] [DEBUG   ] [bot.scanner] TG check: Stake Roulette Delays={'docena_1': 4, 'docena_2': 0, 'docena_3': 1, 'columna_1': 1, 'columna_2': 0, 'columna_3': 4}
[2026-04-26 15:04:16.804] [INFO    ] [bot.scanner] 🔥 Romanian Roulette: Nuevos -> [1]
[2026-04-26 15:04:16.819] [DEBUG   ] [bot.scanner] TG check: Romanian Roulette Delays={'docena_1': 0, 'docena_2': 1, 'docena_3': 3, 'columna_1': 0, 'columna_2': 4, 'columna_3': 3}
[2026-04-26 15:04:21.472] [INFO    ] [bot.scanner] 🔥 Roulette 1: Nuevos -> [4]
[2026-04-26 15:04:21.485] [DEBUG   ] [bot.scanner] TG check: Roulette 1 Delays={'docena_1': 0, 'docena_2': 1, 'docena_3': 2, 'columna_1': 0, 'columna_2': 2, 'columna_3': 1}
[2026-04-26 15:04:22.018] [INFO    ] [bot.scanner] 🔥 Roulette 3: Nuevos -> [36]
[2026-04-26 15:04:22.030] [DEBUG   ] [bot.scanner] TG check: Roulette 3 Delays={'docena_1': 3, 'docena_2': 1, 'docena_3': 0, 'columna_1': 2, 'columna_2': 3, 'columna_3': 0}
[2026-04-26 15:04:24.696] [INFO    ] [bot.scanner] 🔥 Auto Roulette: Nuevos -> [21]
[2026-04-26 15:04:24.711] [DEBUG   ] [bot.scanner] TG check: Auto Roulette Delays={'docena_1': 7, 'docena_2': 0, 'docena_3': 1, 'columna_1': 3, 'columna_2': 2, 'columna_3': 0}
[2026-04-26 15:04:27.965] [INFO    ] [bot.scanner] 🔥 Russian Roulette: Nuevos -> [4]
[2026-04-26 15:04:27.979] [DEBUG   ] [bot.scanner] TG check: Russian Roulette Delays={'docena_1': 0, 'docena_2': 5, 'docena_3': 1, 'columna_1': 0, 'columna_2': 1, 'columna_3': 2}
[2026-04-26 15:04:29.895] [INFO    ] [bot.scanner] 🔥 Ruleta Latina: Nuevos -> [34]
[2026-04-26 15:04:29.911] [DEBUG   ] [bot.scanner] TG check: Ruleta Latina Delays={'docena_1': 1, 'docena_2': 14, 'docena_3': 0, 'columna_1': 0, 'columna_2': 1, 'columna_3': 8}
[2026-04-26 15:04:32.622] [INFO    ] [bot.scanner] 🔥 Roulette Macao: Nuevos -> [11]
[2026-04-26 15:04:32.660] [DEBUG   ] [bot.scanner] TG check: Roulette Macao Delays={'docena_1': 0, 'docena_2': 1, 'docena_3': 3, 'columna_1': 1, 'columna_2': 0, 'columna_3': 5}
[2026-04-26 15:04:38.519] [INFO    ] [bot.scanner] 🔥 Dutch Roulette: Nuevos -> [14]
[2026-04-26 15:04:38.532] [DEBUG   ] [bot.scanner] TG check: Dutch Roulette Delays={'docena_1': 4, 'docena_2': 0, 'docena_3': 3, 'columna_1': 2, 'columna_2': 0, 'columna_3': 3}
[2026-04-26 15:04:40.410] [INFO    ] [bot.scanner] 🔥 Mega Roulette: Nuevos -> [10]
[2026-04-26 15:04:40.424] [DEBUG   ] [bot.scanner] TG check: Mega Roulette Delays={'docena_1': 0, 'docena_2': 5, 'docena_3': 1, 'columna_1': 0, 'columna_2': 3, 'columna_3': 1}
[2026-04-26 15:04:45.892] [INFO    ] [bot.scanner] 🔥 Turkish Roulette: Nuevos -> [25]
[2026-04-26 15:04:45.905] [DEBUG   ] [bot.scanner] TG check: Turkish Roulette Delays={'docena_1': 1, 'docena_2': 3, 'docena_3': 0, 'columna_1': 0, 'columna_2': 1, 'columna_3': 5}
[2026-04-26 15:04:46.438] [INFO    ] [bot.scanner] 🔥 German Roulette: Nuevos -> [6]
[2026-04-26 15:04:46.448] [DEBUG   ] [bot.scanner] TG check: German Roulette Delays={'docena_1': 0, 'docena_2': 1, 'docena_3': 2, 'columna_1': 1, 'columna_2': 2, 'columna_3': 0}
[2026-04-26 15:04:46.989] [INFO    ] [bot.scanner] 🔥 Romanian Roulette: Nuevos -> [32]
[2026-04-26 15:04:47.003] [DEBUG   ] [bot.scanner] TG check: Romanian Roulette Delays={'docena_1': 1, 'docena_2': 2, 'docena_3': 0, 'columna_1': 1, 'columna_2': 0, 'columna_3': 4}
[2026-04-26 15:04:47.526] [INFO    ] [bot.scanner] 🔥 Roulette Italia Tricolore: Nuevos -> [10]
[2026-04-26 15:04:47.537] [DEBUG   ] [bot.scanner] TG check: Roulette Italia Tricolore Delays={'docena_1': 0, 'docena_2': 3, 'docena_3': 2, 'columna_1': 0, 'columna_2': 2, 'columna_3': 7}
[2026-04-26 15:04:53.259] [INFO    ] [bot.scanner] 🔥 Roulette 2 Extra Time: Nuevos -> [16]
[2026-04-26 15:04:53.283] [DEBUG   ] [bot.scanner] TG check: Roulette 2 Extra Time Delays={'docena_1': 9, 'docena_2': 0, 'docena_3': 4, 'columna_1': 0, 'columna_2': 2, 'columna_3': 1}
[2026-04-26 15:04:53.841] [INFO    ] [bot.scanner] 🔥 Brazilian Mega Roulette: Nuevos -> [14]
[2026-04-26 15:04:53.857] [DEBUG   ] [bot.scanner] TG check: Brazilian Mega Roulette Delays={'docena_1': 1, 'docena_2': 0, 'docena_3': 2, 'columna_1': 2, 'columna_2': 0, 'columna_3': 1}
[2026-04-26 15:04:54.381] [INFO    ] [bot.scanner] 🔥 Lucky 6 Roulette: Nuevos -> [6]
[2026-04-26 15:04:54.394] [DEBUG   ] [bot.scanner] TG check: Lucky 6 Roulette Delays={'docena_1': 0, 'docena_2': 5, 'docena_3': 1, 'columna_1': 4, 'columna_2': 2, 'columna_3': 0}
[2026-04-26 15:04:55.459] [INFO    ] [bot.scanner] 🔥 Stake Roulette: Nuevos -> [10]
[2026-04-26 15:04:55.477] [DEBUG   ] [bot.scanner] TG check: Stake Roulette Delays={'docena_1': 0, 'docena_2': 1, 'docena_3': 2, 'columna_1': 0, 'columna_2': 1, 'columna_3': 5}
[2026-04-26 15:04:58.206] [INFO    ] [bot.scanner] 🔥 Russian Roulette: Nuevos -> [28]
[2026-04-26 15:04:58.220] [DEBUG   ] [bot.scanner] TG check: Russian Roulette Delays={'docena_1': 1, 'docena_2': 6, 'docena_3': 0, 'columna_1': 0, 'columna_2': 2, 'columna_3': 3}
[2026-04-26 15:05:01.237] [INFO    ] [bot.scanner] 🔥 Brazilian Roulette: Nuevos -> [12]
[2026-04-26 15:05:01.260] [DEBUG   ] [bot.scanner] TG check: Brazilian Roulette Delays={'docena_1': 0, 'docena_2': 5, 'docena_3': 1, 'columna_1': 2, 'columna_2': 5, 'columna_3': 0}
[2026-04-26 15:05:01.817] [INFO    ] [bot.scanner] 🔥 Roulette 1: Nuevos -> [15]
[2026-04-26 15:05:01.843] [DEBUG   ] [bot.scanner] TG check: Roulette 1 Delays={'docena_1': 1, 'docena_2': 0, 'docena_3': 3, 'columna_1': 1, 'columna_2': 3, 'columna_3': 0}
[2026-04-26 15:05:02.404] [INFO    ] [bot.scanner] 🔥 Roulette 3: Nuevos -> [0]
[2026-04-26 15:05:02.425] [DEBUG   ] [bot.scanner] TG check: Roulette 3 Delays={'docena_1': 4, 'docena_2': 2, 'docena_3': 1, 'columna_1': 3, 'columna_2': 4, 'columna_3': 1}
[2026-04-26 15:05:02.990] [INFO    ] [bot.scanner] 🔥 Roulette Macao: Nuevos -> [16]
[2026-04-26 15:05:03.014] [DEBUG   ] [bot.scanner] TG check: Roulette Macao Delays={'docena_1': 1, 'docena_2': 0, 'docena_3': 4, 'columna_1': 0, 'columna_2': 1, 'columna_3': 6}
[2026-04-26 15:05:05.239] [INFO    ] [bot.scanner] 🔥 Auto Roulette: Nuevos -> [23]
[2026-04-26 15:05:05.253] [DEBUG   ] [bot.scanner] TG check: Auto Roulette Delays={'docena_1': 8, 'docena_2': 0, 'docena_3': 2, 'columna_1': 4, 'columna_2': 0, 'columna_3': 1}
[2026-04-26 15:05:10.396] [INFO    ] [bot.scanner] 🔥 Ruleta Latina: Nuevos -> [15]
[2026-04-26 15:05:10.411] [DEBUG   ] [bot.scanner] TG check: Ruleta Latina Delays={'docena_1': 2, 'docena_2': 0, 'docena_3': 1, 'columna_1': 1, 'columna_2': 2, 'columna_3': 0}
[2026-04-26 15:05:18.914] [INFO    ] [bot.scanner] 🔥 Dutch Roulette: Nuevos -> [19]
[2026-04-26 15:05:18.929] [DEBUG   ] [bot.scanner] TG check: Dutch Roulette Delays={'docena_1': 5, 'docena_2': 0, 'docena_3': 4, 'columna_1': 0, 'columna_2': 1, 'columna_3': 4}
[2026-04-26 15:05:20.840] [INFO    ] [bot.scanner] 🔥 Mega Roulette: Nuevos -> [19]
[2026-04-26 15:05:20.856] [DEBUG   ] [bot.scanner] TG check: Mega Roulette Delays={'docena_1': 1, 'docena_2': 0, 'docena_3': 2, 'columna_1': 0, 'columna_2': 4, 'columna_3': 2}
[2026-04-26 15:05:26.334] [INFO    ] [bot.scanner] 🔥 Turkish Roulette: Nuevos -> [29]
[2026-04-26 15:05:26.347] [DEBUG   ] [bot.scanner] TG check: Turkish Roulette Delays={'docena_1': 2, 'docena_2': 4, 'docena_3': 0, 'columna_1': 1, 'columna_2': 0, 'columna_3': 6}
[2026-04-26 15:05:26.884] [INFO    ] [bot.scanner] 🔥 German Roulette: Nuevos -> [29]
[2026-04-26 15:05:26.907] [DEBUG   ] [bot.scanner] TG check: German Roulette Delays={'docena_1': 1, 'docena_2': 2, 'docena_3': 0, 'columna_1': 2, 'columna_2': 0, 'columna_3': 1}
[2026-04-26 15:05:27.441] [INFO    ] [bot.scanner] 🔥 Romanian Roulette: Nuevos -> [32]
[2026-04-26 15:05:27.455] [DEBUG   ] [bot.scanner] TG check: Romanian Roulette Delays={'docena_1': 2, 'docena_2': 3, 'docena_3': 0, 'columna_1': 2, 'columna_2': 0, 'columna_3': 5}
[2026-04-26 15:05:27.987] [INFO    ] [bot.scanner] 🔥 Roulette Italia Tricolore: Nuevos -> [1]
[2026-04-26 15:05:28.004] [DEBUG   ] [bot.scanner] TG check: Roulette Italia Tricolore Delays={'docena_1': 0, 'docena_2': 4, 'docena_3': 3, 'columna_1': 0, 'columna_2': 3, 'columna_3': 8}
[2026-04-26 15:05:32.166] [INFO    ] [bot.scanner] 🔥 Roulette 1: Nuevos -> [1]
[2026-04-26 15:05:32.181] [DEBUG   ] [bot.scanner] TG check: Roulette 1 Delays={'docena_1': 0, 'docena_2': 1, 'docena_3': 4, 'columna_1': 0, 'columna_2': 4, 'columna_3': 1}
[2026-04-26 15:05:32.715] [INFO    ] [bot.scanner] 🔥 Roulette 3: Nuevos -> [2]
[2026-04-26 15:05:32.731] [DEBUG   ] [bot.scanner] TG check: Roulette 3 Delays={'docena_1': 0, 'docena_2': 3, 'docena_3': 2, 'columna_1': 4, 'columna_2': 0, 'columna_3': 2}
[2026-04-26 15:05:34.362] [INFO    ] [bot.scanner] 🔥 Brazilian Mega Roulette: Nuevos -> [0]
[2026-04-26 15:05:34.374] [DEBUG   ] [bot.scanner] TG check: Brazilian Mega Roulette Delays={'docena_1': 2, 'docena_2': 1, 'docena_3': 3, 'columna_1': 3, 'columna_2': 1, 'columna_3': 2}
[2026-04-26 15:05:34.920] [INFO    ] [bot.scanner] 🔥 Lucky 6 Roulette: Nuevos -> [2]
[2026-04-26 15:05:34.935] [DEBUG   ] [bot.scanner] TG check: Lucky 6 Roulette Delays={'docena_1': 0, 'docena_2': 6, 'docena_3': 2, 'columna_1': 5, 'columna_2': 0, 'columna_3': 1}
[2026-04-26 15:05:36.010] [INFO    ] [bot.scanner] 🔥 Stake Roulette: Nuevos -> [30]
[2026-04-26 15:05:36.020] [DEBUG   ] [bot.scanner] TG check: Stake Roulette Delays={'docena_1': 1, 'docena_2': 2, 'docena_3': 0, 'columna_1': 1, 'columna_2': 2, 'columna_3': 0}
[2026-04-26 15:05:38.747] [INFO    ] [bot.scanner] 🔥 Russian Roulette: Nuevos -> [16]
[2026-04-26 15:05:38.761] [DEBUG   ] [bot.scanner] TG check: Russian Roulette Delays={'docena_1': 2, 'docena_2': 0, 'docena_3': 1, 'columna_1': 0, 'columna_2': 3, 'columna_3': 4}
[2026-04-26 15:05:40.677] [INFO    ] [bot.scanner] 🔥 Ruleta Latina: Nuevos -> [31]
[2026-04-26 15:05:40.690] [DEBUG   ] [bot.scanner] TG check: Ruleta Latina Delays={'docena_1': 3, 'docena_2': 1, 'docena_3': 0, 'columna_1': 0, 'columna_2': 3, 'columna_3': 1}
[2026-04-26 15:05:41.800] [INFO    ] [bot.scanner] 🔥 Brazilian Roulette: Nuevos -> [3]
[2026-04-26 15:05:41.815] [DEBUG   ] [bot.scanner] TG check: Brazilian Roulette Delays={'docena_1': 0, 'docena_2': 6, 'docena_3': 2, 'columna_1': 3, 'columna_2': 6, 'columna_3': 0}
[2026-04-26 15:05:43.435] [INFO    ] [bot.scanner] 🔥 Roulette Macao: Nuevos -> [2]
[2026-04-26 15:05:43.451] [DEBUG   ] [bot.scanner] TG check: Roulette Macao Delays={'docena_1': 0, 'docena_2': 1, 'docena_3': 5, 'columna_1': 1, 'columna_2': 0, 'columna_3': 7}
[2026-04-26 15:05:43.995] [INFO    ] [bot.scanner] 🔥 Roulette 2 Extra Time: Nuevos -> [4]
[2026-04-26 15:05:44.010] [DEBUG   ] [bot.scanner] TG check: Roulette 2 Extra Time Delays={'docena_1': 0, 'docena_2': 1, 'docena_3': 5, 'columna_1': 0, 'columna_2': 3, 'columna_3': 2}
[2026-04-26 15:05:45.605] [INFO    ] [bot.scanner] 🔥 Auto Roulette: Nuevos -> [2]
[2026-04-26 15:05:45.621] [DEBUG   ] [bot.scanner] TG check: Auto Roulette Delays={'docena_1': 0, 'docena_2': 1, 'docena_3': 3, 'columna_1': 5, 'columna_2': 0, 'columna_3': 2}
[2026-04-26 15:05:57.918] [INFO    ] [bot.scanner] 🔥 Romanian Roulette: Nuevos -> [2]
[2026-04-26 15:05:57.930] [DEBUG   ] [bot.scanner] TG check: Romanian Roulette Delays={'docena_1': 0, 'docena_2': 4, 'docena_3': 1, 'columna_1': 3, 'columna_2': 0, 'columna_3': 6}
[2026-04-26 15:05:58.473] [INFO    ] [bot.scanner] 🔥 Roulette Italia Tricolore: Nuevos -> [11]
[2026-04-26 15:05:58.488] [DEBUG   ] [bot.scanner] TG check: Roulette Italia Tricolore Delays={'docena_1': 0, 'docena_2': 5, 'docena_3': 4, 'columna_1': 1, 'columna_2': 0, 'columna_3': 9}
[2026-04-26 15:05:59.559] [INFO    ] [bot.scanner] 🔥 Dutch Roulette: Nuevos -> [10]
[2026-04-26 15:05:59.576] [DEBUG   ] [bot.scanner] TG check: Dutch Roulette Delays={'docena_1': 0, 'docena_2': 1, 'docena_3': 5, 'columna_1': 0, 'columna_2': 2, 'columna_3': 5}
[2026-04-26 15:06:07.066] [INFO    ] [bot.scanner] 🔥 Turkish Roulette: Nuevos -> [24]
[2026-04-26 15:06:07.079] [DEBUG   ] [bot.scanner] TG check: Turkish Roulette Delays={'docena_1': 3, 'docena_2': 0, 'docena_3': 1, 'columna_1': 2, 'columna_2': 1, 'columna_3': 0}
[2026-04-26 15:06:07.611] [INFO    ] [bot.scanner] 🔥 German Roulette: Nuevos -> [14]
[2026-04-26 15:06:07.626] [DEBUG   ] [bot.scanner] TG check: German Roulette Delays={'docena_1': 2, 'docena_2': 0, 'docena_3': 1, 'columna_1': 3, 'columna_2': 0, 'columna_3': 2}
[2026-04-26 15:06:11.883] [INFO    ] [bot.scanner] 🔥 Mega Roulette: Nuevos -> [33]
[2026-04-26 15:06:11.895] [DEBUG   ] [bot.scanner] TG check: Mega Roulette Delays={'docena_1': 2, 'docena_2': 1, 'docena_3': 0, 'columna_1': 1, 'columna_2': 5, 'columna_3': 0}
[2026-04-26 15:06:12.434] [INFO    ] [bot.scanner] 🔥 Brazilian Roulette: Nuevos -> [16]
[2026-04-26 15:06:12.450] [DEBUG   ] [bot.scanner] TG check: Brazilian Roulette Delays={'docena_1': 1, 'docena_2': 0, 'docena_3': 3, 'columna_1': 0, 'columna_2': 7, 'columna_3': 1}
[2026-04-26 15:06:12.981] [INFO    ] [bot.scanner] 🔥 Roulette 1: Nuevos -> [13]
[2026-04-26 15:06:12.993] [DEBUG   ] [bot.scanner] TG check: Roulette 1 Delays={'docena_1': 1, 'docena_2': 0, 'docena_3': 5, 'columna_1': 0, 'columna_2': 5, 'columna_3': 2}
[2026-04-26 15:06:13.522] [INFO    ] [bot.scanner] 🔥 Roulette 3: Nuevos -> [22]
[2026-04-26 15:06:13.532] [DEBUG   ] [bot.scanner] TG check: Roulette 3 Delays={'docena_1': 1, 'docena_2': 0, 'docena_3': 3, 'columna_1': 0, 'columna_2': 1, 'columna_3': 3}
[2026-04-26 15:06:14.068] [INFO    ] [bot.scanner] 🔥 Roulette Macao: Nuevos -> [23]
[2026-04-26 15:06:14.081] [DEBUG   ] [bot.scanner] TG check: Roulette Macao Delays={'docena_1': 1, 'docena_2': 0, 'docena_3': 6, 'columna_1': 2, 'columna_2': 0, 'columna_3': 8}
[2026-04-26 15:06:15.148] [INFO    ] [bot.scanner] 🔥 Brazilian Mega Roulette: Nuevos -> [13]
[2026-04-26 15:06:15.169] [DEBUG   ] [bot.scanner] TG check: Brazilian Mega Roulette Delays={'docena_1': 3, 'docena_2': 0, 'docena_3': 4, 'columna_1': 0, 'columna_2': 2, 'columna_3': 3}
[2026-04-26 15:06:16.842] [INFO    ] [bot.scanner] 🔥 Stake Roulette: Nuevos -> [32]
[2026-04-26 15:06:16.859] [DEBUG   ] [bot.scanner] TG check: Stake Roulette Delays={'docena_1': 2, 'docena_2': 3, 'docena_3': 0, 'columna_1': 2, 'columna_2': 0, 'columna_3': 1}
[2026-04-26 15:06:19.549] [INFO    ] [bot.scanner] 🔥 Russian Roulette: Nuevos -> [7]
[2026-04-26 15:06:19.567] [DEBUG   ] [bot.scanner] TG check: Russian Roulette Delays={'docena_1': 0, 'docena_2': 1, 'docena_3': 2, 'columna_1': 0, 'columna_2': 4, 'columna_3': 5}
[2026-04-26 15:06:21.493] [INFO    ] [bot.scanner] 🔥 Ruleta Latina: Nuevos -> [2]
[2026-04-26 15:06:21.515] [DEBUG   ] [bot.scanner] TG check: Ruleta Latina Delays={'docena_1': 0, 'docena_2': 2, 'docena_3': 1, 'columna_1': 1, 'columna_2': 0, 'columna_3': 2}
[2026-04-26 15:06:24.743] [INFO    ] [bot.scanner] 🔥 Roulette 2 Extra Time: Nuevos -> [9]
[2026-04-26 15:06:24.760] [DEBUG   ] [bot.scanner] TG check: Roulette 2 Extra Time Delays={'docena_1': 0, 'docena_2': 2, 'docena_3': 6, 'columna_1': 1, 'columna_2': 4, 'columna_3': 0}
[2026-04-26 15:06:25.843] [INFO    ] [bot.scanner] 🔥 Lucky 6 Roulette: Nuevos -> [15]
[2026-04-26 15:06:25.855] [DEBUG   ] [bot.scanner] TG check: Lucky 6 Roulette Delays={'docena_1': 1, 'docena_2': 0, 'docena_3': 3, 'columna_1': 6, 'columna_2': 1, 'columna_3': 0}
[2026-04-26 15:06:26.385] [INFO    ] [bot.scanner] 🔥 Auto Roulette: Nuevos -> [34]
[2026-04-26 15:06:26.402] [DEBUG   ] [bot.scanner] TG check: Auto Roulette Delays={'docena_1': 1, 'docena_2': 2, 'docena_3': 0, 'columna_1': 0, 'columna_2': 1, 'columna_3': 3}
[2026-04-26 15:06:37.679] [INFO    ] [bot.scanner] 🔥 Turkish Roulette: Nuevos -> [29]
[2026-04-26 15:06:37.699] [DEBUG   ] [bot.scanner] TG check: Turkish Roulette Delays={'docena_1': 4, 'docena_2': 1, 'docena_3': 0, 'columna_1': 3, 'columna_2': 0, 'columna_3': 1}
[2026-04-26 15:06:38.767] [INFO    ] [bot.scanner] 🔥 Romanian Roulette: Nuevos -> [29]
[2026-04-26 15:06:38.784] [DEBUG   ] [bot.scanner] TG check: Romanian Roulette Delays={'docena_1': 1, 'docena_2': 5, 'docena_3': 0, 'columna_1': 4, 'columna_2': 0, 'columna_3': 7}
[2026-04-26 15:06:39.324] [INFO    ] [bot.scanner] 🔥 Roulette Italia Tricolore: Nuevos -> [33]
[2026-04-26 15:06:39.341] [DEBUG   ] [bot.scanner] TG check: Roulette Italia Tricolore Delays={'docena_1': 1, 'docena_2': 6, 'docena_3': 0, 'columna_1': 2, 'columna_2': 1, 'columna_3': 0}
[2026-04-26 15:06:40.444] [INFO    ] [bot.scanner] 🔥 Dutch Roulette: Nuevos -> [5]
[2026-04-26 15:06:40.468] [DEBUG   ] [bot.scanner] TG check: Dutch Roulette Delays={'docena_1': 0, 'docena_2': 2, 'docena_3': 6, 'columna_1': 1, 'columna_2': 0, 'columna_3': 6}
[2026-04-26 15:06:43.505] [INFO    ] [bot.scanner] 🔥 Roulette 1: Nuevos -> [23]
[2026-04-26 15:06:43.520] [DEBUG   ] [bot.scanner] TG check: Roulette 1 Delays={'docena_1': 2, 'docena_2': 0, 'docena_3': 6, 'columna_1': 1, 'columna_2': 0, 'columna_3': 3}
[2026-04-26 15:06:48.369] [INFO    ] [bot.scanner] 🔥 German Roulette: Nuevos -> [17]
[2026-04-26 15:06:48.382] [DEBUG   ] [bot.scanner] TG check: German Roulette Delays={'docena_1': 3, 'docena_2': 0, 'docena_3': 2, 'columna_1': 4, 'columna_2': 0, 'columna_3': 3}
[2026-04-26 15:06:52.395] [INFO    ] [bot.scanner] 🔥 Mega Roulette: Nuevos -> [15]
[2026-04-26 15:06:52.406] [DEBUG   ] [bot.scanner] TG check: Mega Roulette Delays={'docena_1': 3, 'docena_2': 0, 'docena_3': 1, 'columna_1': 2, 'columna_2': 6, 'columna_3': 0}
[2026-04-26 15:06:54.019] [INFO    ] [bot.scanner] 🔥 Roulette 3: Nuevos -> [33]
[2026-04-26 15:06:54.041] [DEBUG   ] [bot.scanner] TG check: Roulette 3 Delays={'docena_1': 2, 'docena_2': 1, 'docena_3': 0, 'columna_1': 1, 'columna_2': 2, 'columna_3': 0}
[2026-04-26 15:06:54.581] [INFO    ] [bot.scanner] 🔥 Roulette Macao: Nuevos -> [14]
[2026-04-26 15:06:54.607] [DEBUG   ] [bot.scanner] TG check: Roulette Macao Delays={'docena_1': 2, 'docena_2': 0, 'docena_3': 7, 'columna_1': 3, 'columna_2': 0, 'columna_3': 9}
[2026-04-26 15:06:55.693] [INFO    ] [bot.scanner] 🔥 Brazilian Mega Roulette: Nuevos -> [12]
[2026-04-26 15:06:55.713] [DEBUG   ] [bot.scanner] TG check: Brazilian Mega Roulette Delays={'docena_1': 0, 'docena_2': 1, 'docena_3': 5, 'columna_1': 1, 'columna_2': 3, 'columna_3': 0}
[2026-04-26 15:07:00.042] [INFO    ] [bot.scanner] 🔥 Russian Roulette: Nuevos -> [23]
[2026-04-26 15:07:00.056] [DEBUG   ] [bot.scanner] TG check: Russian Roulette Delays={'docena_1': 1, 'docena_2': 0, 'docena_3': 3, 'columna_1': 1, 'columna_2': 0, 'columna_3': 6}
[2026-04-26 15:07:01.976] [INFO    ] [bot.scanner] 🔥 Ruleta Latina: Nuevos -> [8]
[2026-04-26 15:07:01.987] [DEBUG   ] [bot.scanner] TG check: Ruleta Latina Delays={'docena_1': 0, 'docena_2': 3, 'docena_3': 2, 'columna_1': 2, 'columna_2': 0, 'columna_3': 3}
[2026-04-26 15:07:03.065] [INFO    ] [bot.scanner] 🔥 Brazilian Roulette: Nuevos -> [12]
[2026-04-26 15:07:03.087] [DEBUG   ] [bot.scanner] TG check: Brazilian Roulette Delays={'docena_1': 0, 'docena_2': 1, 'docena_3': 4, 'columna_1': 1, 'columna_2': 8, 'columna_3': 0}
[2026-04-26 15:07:06.372] [INFO    ] [bot.scanner] 🔥 Lucky 6 Roulette: Nuevos -> [5]
[2026-04-26 15:07:06.387] [DEBUG   ] [bot.scanner] TG check: Lucky 6 Roulette Delays={'docena_1': 0, 'docena_2': 1, 'docena_3': 4, 'columna_1': 7, 'columna_2': 0, 'columna_3': 1}
[2026-04-26 15:07:06.928] [INFO    ] [bot.scanner] 🔥 Auto Roulette: Nuevos -> [26]
[2026-04-26 15:07:06.941] [DEBUG   ] [bot.scanner] TG check: Auto Roulette Delays={'docena_1': 2, 'docena_2': 3, 'docena_3': 0, 'columna_1': 1, 'columna_2': 0, 'columna_3': 4}
[2026-04-26 15:07:07.469] [INFO    ] [bot.scanner] 🔥 Stake Roulette: Nuevos -> [18]
[2026-04-26 15:07:07.485] [DEBUG   ] [bot.scanner] TG check: Stake Roulette Delays={'docena_1': 3, 'docena_2': 0, 'docena_3': 1, 'columna_1': 3, 'columna_2': 1, 'columna_3': 0}
[2026-04-26 15:07:15.415] [INFO    ] [bot.scanner] 🔥 Roulette 2 Extra Time: Nuevos -> [32]
[2026-04-26 15:07:15.431] [DEBUG   ] [bot.scanner] TG check: Roulette 2 Extra Time Delays={'docena_1': 1, 'docena_2': 3, 'docena_3': 0, 'columna_1': 2, 'columna_2': 0, 'columna_3': 1}
[2026-04-26 15:07:18.158] [INFO    ] [bot.scanner] 🔥 Turkish Roulette: Nuevos -> [11]
[2026-04-26 15:07:18.172] [DEBUG   ] [bot.scanner] TG check: Turkish Roulette Delays={'docena_1': 0, 'docena_2': 2, 'docena_3': 1, 'columna_1': 4, 'columna_2': 0, 'columna_3': 2}
[2026-04-26 15:07:19.227] [INFO    ] [bot.scanner] 🔥 Romanian Roulette: Nuevos -> [35]
[2026-04-26 15:07:19.240] [DEBUG   ] [bot.scanner] TG check: Romanian Roulette Delays={'docena_1': 2, 'docena_2': 6, 'docena_3': 0, 'columna_1': 5, 'columna_2': 0, 'columna_3': 8}
[2026-04-26 15:07:19.769] [INFO    ] [bot.scanner] 🔥 Roulette Italia Tricolore: Nuevos -> [11]
[2026-04-26 15:07:19.780] [DEBUG   ] [bot.scanner] TG check: Roulette Italia Tricolore Delays={'docena_1': 0, 'docena_2': 7, 'docena_3': 1, 'columna_1': 3, 'columna_2': 0, 'columna_3': 1}
[2026-04-26 15:07:20.844] [INFO    ] [bot.scanner] 🔥 Dutch Roulette: Nuevos -> [17]
[2026-04-26 15:07:20.856] [DEBUG   ] [bot.scanner] TG check: Dutch Roulette Delays={'docena_1': 1, 'docena_2': 0, 'docena_3': 7, 'columna_1': 2, 'columna_2': 0, 'columna_3': 7}
[2026-04-26 15:07:23.901] [INFO    ] [bot.scanner] 🔥 Roulette 1: Nuevos -> [12]
[2026-04-26 15:07:23.913] [DEBUG   ] [bot.scanner] TG check: Roulette 1 Delays={'docena_1': 0, 'docena_2': 1, 'docena_3': 7, 'columna_1': 2, 'columna_2': 1, 'columna_3': 0}
[2026-04-26 15:07:28.748] [INFO    ] [bot.scanner] 🔥 German Roulette: Nuevos -> [30]
[2026-04-26 15:07:28.764] [DEBUG   ] [bot.scanner] TG check: German Roulette Delays={'docena_1': 4, 'docena_2': 1, 'docena_3': 0, 'columna_1': 5, 'columna_2': 1, 'columna_3': 0}
[2026-04-26 15:07:30.944] [DEBUG   ] [bot.scanner] 💓 Heartbeat: ciclo 60, tiles OK en último escaneo: 17
[2026-04-26 15:07:31.778] [INFO    ] [bot.scanner] 💤 ALERTA ANTI-AFK: Entrando a mesa aleatoria...
[2026-04-26 15:07:31.812] [DEBUG   ] [bot.iframe]    ⏳ Esperando iframe principal (max 15s)...
[2026-04-26 15:07:31.873] [INFO    ] [bot.iframe]    ✅ Cambio a iframe #0 (class='game')
[2026-04-26 15:07:31.874] [DEBUG   ] [bot.iframe]    ⏳ Esperando iframe anidado o elementos del juego (max 15s)...
[2026-04-26 15:07:31.886] [INFO    ] [bot.iframe]    ✅ Elementos del juego encontrados en el iframe principal. No requiere anidado.
[2026-04-26 15:07:31.886] [INFO    ] [bot.scanner] 👉 Intento 1/3: Entrando a 'German Roulette' (ID: s2x6b4jdeqza2ge2-222)...
[2026-04-26 15:07:32.035] [INFO    ] [bot.screenshot] 📸 Screenshot guardado: D:\GITHUBB\bot_stake\dist\data\logs\screenshots\010_2026-04-26_150731_AFK_00_click_mesa_intento1.png
[2026-04-26 15:07:32.055] [DEBUG   ] [bot.screenshot] 📄 HTML source guardado: D:\GITHUBB\bot_stake\dist\data\logs\screenshots\010_2026-04-26_150731_AFK_00_click_mesa_intento1.html
[2026-04-26 15:07:33.612] [INFO    ] [bot.scanner] ⏳ Mesa cliqueada. Esperando 5s...
[2026-04-26 15:07:38.898] [INFO    ] [bot.screenshot] 📸 Screenshot guardado: D:\GITHUBB\bot_stake\dist\data\logs\screenshots\011_2026-04-26_150738_AFK_01_despues_click_intento1.png
[2026-04-26 15:07:38.939] [DEBUG   ] [bot.screenshot] 📄 HTML source guardado: D:\GITHUBB\bot_stake\dist\data\logs\screenshots\011_2026-04-26_150738_AFK_01_despues_click_intento1.html
[2026-04-26 15:07:39.319] [INFO    ] [bot.scanner]    ✅ Mesa 'German Roulette' cargó correctamente. Actividad registrada.
[2026-04-26 15:07:39.319] [INFO    ] [bot.lobby] 🔄 Navegando al Lobby... (from_anti_afk=True)
[2026-04-26 15:07:39.319] [INFO    ] [bot.lobby]    ↩️ Usando browser.back() para volver al lobby...
[2026-04-26 15:07:39.633] [INFO    ] [bot.screenshot] 📸 Screenshot guardado: D:\GITHUBB\bot_stake\dist\data\logs\screenshots\012_2026-04-26_150739_AFK_01_antes_back.png
[2026-04-26 15:07:39.673] [DEBUG   ] [bot.screenshot] 📄 HTML source guardado: D:\GITHUBB\bot_stake\dist\data\logs\screenshots\012_2026-04-26_150739_AFK_01_antes_back.html
[2026-04-26 15:07:42.937] [INFO    ] [bot.screenshot] 📸 Screenshot guardado: D:\GITHUBB\bot_stake\dist\data\logs\screenshots\013_2026-04-26_150742_AFK_02_despues_back.png
[2026-04-26 15:07:42.973] [DEBUG   ] [bot.screenshot] 📄 HTML source guardado: D:\GITHUBB\bot_stake\dist\data\logs\screenshots\013_2026-04-26_150742_AFK_02_despues_back.html
[2026-04-26 15:07:42.980] [INFO    ] [bot.lobby]    📍 URL actual: https://stake.com.co/casino/juego/roulette-lobby-571
[2026-04-26 15:07:43.199] [INFO    ] [bot.screenshot] 📸 Screenshot guardado: D:\GITHUBB\bot_stake\dist\data\logs\screenshots\014_2026-04-26_150742_AFK_04_verificando_sesion.png
[2026-04-26 15:07:43.233] [DEBUG   ] [bot.screenshot] 📄 HTML source guardado: D:\GITHUBB\bot_stake\dist\data\logs\screenshots\014_2026-04-26_150742_AFK_04_verificando_sesion.html
[2026-04-26 15:07:43.290] [DEBUG   ] [bot.lobby] ✅ Sesión activa confirmada
[2026-04-26 15:07:43.290] [INFO    ] [bot.lobby]    ✅ Sesión sigue activa tras Anti-AFK
[2026-04-26 15:07:43.907] [INFO    ] [bot.lobby]    ✅ Sesión activa en modo real (no requirió botón 'Juego real')
[2026-04-26 15:07:43.910] [DEBUG   ] [bot.iframe]    ⏳ Esperando iframe principal (max 15s)...
[2026-04-26 15:07:43.956] [INFO    ] [bot.iframe]    ✅ Cambio a iframe #0 (class='game')
[2026-04-26 15:07:43.956] [DEBUG   ] [bot.iframe]    ⏳ Esperando iframe anidado o elementos del juego (max 15s)...
[2026-04-26 15:07:43.967] [INFO    ] [bot.iframe]    ✅ Elementos del juego encontrados en el iframe principal. No requiere anidado.
[2026-04-26 15:07:43.967] [INFO    ] [bot.lobby] ✅ Contexto cambiado al iframe del juego.
[2026-04-26 15:07:43.967] [INFO    ] [bot.lobby]    ⏳ Esperando a que el lobby termine de cargar...
[2026-04-26 15:07:47.002] [INFO    ] [bot.lobby]    ✅ Lobby cargado! 31 tiles encontrados (3s)
[2026-04-26 15:07:47.003] [INFO    ] [bot.iframe] 🛡️ Verificando modales bloquantes...
[2026-04-26 15:07:48.110] [INFO    ] [bot.scanner] 🔄 Re-escaneando IDs tras Anti-AFK...
[2026-04-26 15:07:48.111] [INFO    ] [bot.lobby] 🗺️  Escaneando IDs de mesas dinámicamente (modo robusto)...
[2026-04-26 15:07:48.114] [DEBUG   ] [bot.iframe]    ⏳ Esperando iframe principal (max 15s)...
[2026-04-26 15:07:48.166] [INFO    ] [bot.iframe]    ✅ Cambio a iframe #0 (class='game')
[2026-04-26 15:07:48.166] [DEBUG   ] [bot.iframe]    ⏳ Esperando iframe anidado o elementos del juego (max 15s)...
[2026-04-26 15:07:48.175] [INFO    ] [bot.iframe]    ✅ Elementos del juego encontrados en el iframe principal. No requiere anidado.
[2026-04-26 15:07:48.176] [DEBUG   ] [bot.lobby]    Bajando scroll en contenedor interno...
[2026-04-26 15:07:52.786] [INFO    ] [bot.lobby]    Encontrados 31 tiles totales. Escaneando uno por uno...
[2026-04-26 15:08:19.435] [INFO    ] [bot.lobby] 
   ID                             | TÍTULO
[2026-04-26 15:08:19.436] [INFO    ] [bot.lobby]    ------------------------------------------------------------
[2026-04-26 15:08:19.436] [INFO    ] [bot.lobby]    gatesofolympus01-2244          | Gates of Olympus Roulette
[2026-04-26 15:08:19.436] [INFO    ] [bot.lobby]    crystalroul00001-2501          | Crystal Roulette
[2026-04-26 15:08:19.436] [INFO    ] [bot.lobby]    rw321stakerws321-236           | Stake Roulette
[2026-04-26 15:08:19.436] [INFO    ] [bot.lobby]    roulerw234rwl292-234           | Ruleta Latina
[2026-04-26 15:08:19.436] [INFO    ] [bot.lobby]    1hl65ce1lxuqdrkr-204           | Mega Roulette
[2026-04-26 15:08:19.436] [INFO    ] [bot.lobby]    g03y1t9vvuhrfytl-227           | Roulette 1
[2026-04-26 15:08:19.436] [INFO    ] [bot.lobby]    yqpz3ichst2xg439-206           | Roulette Macao
[2026-04-26 15:08:19.436] [INFO    ] [bot.lobby]    powruprw1qm3xc25-240           | PowerUP Roulette
[2026-04-26 15:08:19.436] [INFO    ] [bot.lobby]    rwbrzportrwa16rg-237           | Brazilian Roulette
[2026-04-26 15:08:19.436] [INFO    ] [bot.lobby]    1hl323e1lxuqdrkr-210           | Auto Mega Roulette
[2026-04-26 15:08:19.436] [INFO    ] [bot.lobby]    chroma229rwltr22-230           | Roulette 3
[2026-04-26 15:08:19.436] [INFO    ] [bot.lobby]    fl9knouu0yjez2wi-203           | Speed Roulette 1
[2026-04-26 15:08:19.437] [INFO    ] [bot.lobby]    5kvxlw4c1qm3xcyn-201           | Roulette 2 Extra Time
[2026-04-26 15:08:19.437] [INFO    ] [bot.lobby]    megaroulette3k01-2901          | Mega Roulette 3000
[2026-04-26 15:08:19.437] [INFO    ] [bot.lobby]    5bzl2835s5ruvweg-225           | Auto Roulette
[2026-04-26 15:08:19.437] [INFO    ] [bot.lobby]    r20speedrtwo201s-205           | Speed Roulette 2
[2026-04-26 15:08:19.437] [INFO    ] [bot.lobby]    lucky6roulettea3-211a1         | Lucky 6 Roulette
[2026-04-26 15:08:19.437] [INFO    ] [bot.lobby]    geogamingh2rw545-545           | VIP Roulette
[2026-04-26 15:08:19.437] [INFO    ] [bot.lobby]    autorwra311autor-226           | Speed Auto Roulette
[2026-04-26 15:08:19.437] [INFO    ] [bot.lobby]    mrbras531mrbr532-287           | Brazilian Mega Roulette
[2026-04-26 15:08:19.437] [INFO    ] [bot.lobby]    ar25vipautorw251-266           | VIP Auto Roulette
[2026-04-26 15:08:19.437] [INFO    ] [bot.lobby]    privroulettegt01-28201         | Privé Lounge Roulette
[2026-04-26 15:08:19.437] [INFO    ] [bot.lobby]    privroudeluxgt01-28301         | Privé Lounge Roulette Deluxe
[2026-04-26 15:08:19.437] [INFO    ] [bot.lobby]    p8l1j84prrmxzyic-224           | Turkish Roulette
[2026-04-26 15:08:19.437] [INFO    ] [bot.lobby]    s2x6b4jdeqza2ge2-222           | German Roulette
[2026-04-26 15:08:19.438] [INFO    ] [bot.lobby]    t4jzencinod6iqwi-221           | Russian Roulette
[2026-04-26 15:08:19.438] [INFO    ] [bot.lobby]    v1c52fgw7yy02upz-223           | Roulette Italia Tricolore
[2026-04-26 15:08:19.438] [INFO    ] [bot.lobby]    romania233rwl291-233           | Romanian Roulette
[2026-04-26 15:08:19.438] [INFO    ] [bot.lobby]    megar0ul3tt3trk1-208           | Turkish Mega Roulette
[2026-04-26 15:08:19.438] [INFO    ] [bot.lobby]    greekchr11genric-297           | Greek Roulette
[2026-04-26 15:08:19.438] [INFO    ] [bot.lobby]    dutchrw235rwl293-235           | Dutch Roulette
[2026-04-26 15:08:19.438] [INFO    ] [bot.lobby]    ------------------------------------------------------------
[2026-04-26 15:08:19.438] [INFO    ] [bot.lobby]    ✅ Ruleta Latina: ID confirmado (roulerw234rwl292-234)
[2026-04-26 15:08:19.438] [INFO    ] [bot.lobby]    ✅ Mega Roulette: ID confirmado (1hl65ce1lxuqdrkr-204)
[2026-04-26 15:08:19.438] [INFO    ] [bot.lobby]    ✅ Brazilian Roulette: ID confirmado (rwbrzportrwa16rg-237)
[2026-04-26 15:08:19.438] [INFO    ] [bot.lobby]    ✅ Roulette 1: ID confirmado (g03y1t9vvuhrfytl-227)
[2026-04-26 15:08:19.438] [INFO    ] [bot.lobby]    ✅ Roulette 3: ID confirmado (chroma229rwltr22-230)
[2026-04-26 15:08:19.439] [INFO    ] [bot.lobby]    ✅ Roulette Macao: ID confirmado (yqpz3ichst2xg439-206)
[2026-04-26 15:08:19.439] [INFO    ] [bot.lobby]    ✅ Roulette 2 Extra Time: ID confirmado (5kvxlw4c1qm3xcyn-201)
[2026-04-26 15:08:19.439] [INFO    ] [bot.lobby]    ✅ Brazilian Mega Roulette: ID confirmado (mrbras531mrbr532-287)
[2026-04-26 15:08:19.439] [INFO    ] [bot.lobby]    ✅ Lucky 6 Roulette: ID confirmado (lucky6roulettea3-211a1)
[2026-04-26 15:08:19.439] [INFO    ] [bot.lobby]    ✅ Auto Roulette: ID confirmado (5bzl2835s5ruvweg-225)
[2026-04-26 15:08:19.439] [INFO    ] [bot.lobby]    ✅ Stake Roulette: ID confirmado (rw321stakerws321-236)
[2026-04-26 15:08:19.439] [INFO    ] [bot.lobby]    ✅ Turkish Roulette: ID confirmado (p8l1j84prrmxzyic-224)
[2026-04-26 15:08:19.439] [INFO    ] [bot.lobby]    ✅ German Roulette: ID confirmado (s2x6b4jdeqza2ge2-222)
[2026-04-26 15:08:19.439] [INFO    ] [bot.lobby]    ✅ Romanian Roulette: ID confirmado (romania233rwl291-233)
[2026-04-26 15:08:19.439] [INFO    ] [bot.lobby]    ✅ Roulette Italia Tricolore: ID confirmado (v1c52fgw7yy02upz-223)
[2026-04-26 15:08:19.439] [INFO    ] [bot.lobby]    ✅ Russian Roulette: ID confirmado (t4jzencinod6iqwi-221)
[2026-04-26 15:08:19.439] [INFO    ] [bot.lobby]    ✅ Dutch Roulette: ID confirmado (dutchrw235rwl293-235)
[2026-04-26 15:08:19.439] [INFO    ] [bot.lobby] 
✅ Mapeo completado. 17/17 mesas emparejadas.
[2026-04-26 15:08:20.327] [INFO    ] [bot.scanner] 🔥 Ruleta Latina: Nuevos -> [18, 28]
[2026-04-26 15:08:20.358] [DEBUG   ] [bot.scanner] TG check: Ruleta Latina Delays={'docena_1': 2, 'docena_2': 1, 'docena_3': 0, 'columna_1': 0, 'columna_2': 2, 'columna_3': 1}
[2026-04-26 15:08:20.900] [INFO    ] [bot.scanner] 🔥 Mega Roulette: Nuevos -> [28, 32]
[2026-04-26 15:08:20.939] [DEBUG   ] [bot.scanner] TG check: Mega Roulette Delays={'docena_1': 5, 'docena_2': 2, 'docena_3': 0, 'columna_1': 1, 'columna_2': 0, 'columna_3': 2}
[2026-04-26 15:08:21.485] [INFO    ] [bot.scanner] 🔥 Brazilian Roulette: Nuevos -> [10, 9]
[2026-04-26 15:08:21.519] [DEBUG   ] [bot.scanner] TG check: Brazilian Roulette Delays={'docena_1': 0, 'docena_2': 3, 'docena_3': 6, 'columna_1': 1, 'columna_2': 10, 'columna_3': 0}
[2026-04-26 15:08:22.063] [INFO    ] [bot.scanner] 🔥 Roulette 1: Nuevos -> [21]
[2026-04-26 15:08:22.079] [DEBUG   ] [bot.scanner] TG check: Roulette 1 Delays={'docena_1': 1, 'docena_2': 0, 'docena_3': 8, 'columna_1': 3, 'columna_2': 2, 'columna_3': 0}
[2026-04-26 15:08:22.614] [INFO    ] [bot.scanner] 🔥 Roulette 3: Nuevos -> [27, 24]
[2026-04-26 15:08:22.633] [DEBUG   ] [bot.scanner] TG check: Roulette 3 Delays={'docena_1': 4, 'docena_2': 0, 'docena_3': 1, 'columna_1': 3, 'columna_2': 4, 'columna_3': 0}
[2026-04-26 15:08:23.173] [INFO    ] [bot.scanner] 🔥 Roulette Macao: Nuevos -> [2, 1]
[2026-04-26 15:08:23.197] [DEBUG   ] [bot.scanner] TG check: Roulette Macao Delays={'docena_1': 0, 'docena_2': 2, 'docena_3': 9, 'columna_1': 0, 'columna_2': 1, 'columna_3': 11}
[2026-04-26 15:08:23.733] [INFO    ] [bot.scanner] 🔥 Roulette 2 Extra Time: Nuevos -> [29]
[2026-04-26 15:08:23.750] [DEBUG   ] [bot.scanner] TG check: Roulette 2 Extra Time Delays={'docena_1': 2, 'docena_2': 4, 'docena_3': 0, 'columna_1': 3, 'columna_2': 0, 'columna_3': 2}
[2026-04-26 15:08:24.289] [INFO    ] [bot.scanner] 🔥 Brazilian Mega Roulette: Nuevos -> [22, 20]
[2026-04-26 15:08:24.316] [DEBUG   ] [bot.scanner] TG check: Brazilian Mega Roulette Delays={'docena_1': 2, 'docena_2': 0, 'docena_3': 7, 'columna_1': 1, 'columna_2': 0, 'columna_3': 2}
[2026-04-26 15:08:24.865] [INFO    ] [bot.scanner] 🔥 Lucky 6 Roulette: Nuevos -> [3, 12]
[2026-04-26 15:08:24.894] [DEBUG   ] [bot.scanner] TG check: Lucky 6 Roulette Delays={'docena_1': 0, 'docena_2': 3, 'docena_3': 6, 'columna_1': 9, 'columna_2': 2, 'columna_3': 0}
[2026-04-26 15:08:25.438] [INFO    ] [bot.scanner] 🔥 Auto Roulette: Nuevos -> [5, 24]
[2026-04-26 15:08:25.466] [DEBUG   ] [bot.scanner] TG check: Auto Roulette Delays={'docena_1': 1, 'docena_2': 0, 'docena_3': 2, 'columna_1': 3, 'columna_2': 1, 'columna_3': 0}
[2026-04-26 15:08:26.004] [INFO    ] [bot.scanner] 🔥 Stake Roulette: Nuevos -> [0]
[2026-04-26 15:08:26.020] [DEBUG   ] [bot.scanner] TG check: Stake Roulette Delays={'docena_1': 4, 'docena_2': 1, 'docena_3': 2, 'columna_1': 4, 'columna_2': 2, 'columna_3': 1}
[2026-04-26 15:08:26.560] [INFO    ] [bot.scanner] 🔥 Turkish Roulette: Nuevos -> [13]
[2026-04-26 15:08:26.569] [DEBUG   ] [bot.scanner] TG check: Turkish Roulette Delays={'docena_1': 1, 'docena_2': 0, 'docena_3': 2, 'columna_1': 0, 'columna_2': 1, 'columna_3': 3}
[2026-04-26 15:08:27.111] [INFO    ] [bot.scanner] 🔥 German Roulette: Nuevos -> [15]
[2026-04-26 15:08:27.128] [DEBUG   ] [bot.scanner] TG check: German Roulette Delays={'docena_1': 5, 'docena_2': 0, 'docena_3': 1, 'columna_1': 6, 'columna_2': 2, 'columna_3': 0}
[2026-04-26 15:08:27.672] [INFO    ] [bot.scanner] 🔥 Romanian Roulette: Nuevos -> [3]
[2026-04-26 15:08:27.685] [DEBUG   ] [bot.scanner] TG check: Romanian Roulette Delays={'docena_1': 0, 'docena_2': 7, 'docena_3': 1, 'columna_1': 6, 'columna_2': 1, 'columna_3': 0}
[2026-04-26 15:08:28.230] [INFO    ] [bot.scanner] 🔥 Roulette Italia Tricolore: Nuevos -> [26, 29]
[2026-04-26 15:08:28.261] [DEBUG   ] [bot.scanner] TG check: Roulette Italia Tricolore Delays={'docena_1': 2, 'docena_2': 9, 'docena_3': 0, 'columna_1': 5, 'columna_2': 0, 'columna_3': 3}
[2026-04-26 15:08:28.801] [INFO    ] [bot.scanner] 🔥 Russian Roulette: Nuevos -> [28, 8]
[2026-04-26 15:08:28.830] [DEBUG   ] [bot.scanner] TG check: Russian Roulette Delays={'docena_1': 0, 'docena_2': 2, 'docena_3': 1, 'columna_1': 1, 'columna_2': 0, 'columna_3': 8}
[2026-04-26 15:08:29.374] [INFO    ] [bot.scanner] 🔥 Dutch Roulette: Nuevos -> [28]
[2026-04-26 15:08:29.394] [DEBUG   ] [bot.scanner] TG check: Dutch Roulette Delays={'docena_1': 2, 'docena_2': 1, 'docena_3': 0, 'columna_1': 0, 'columna_2': 1, 'columna_3': 8}
[2026-04-26 15:08:32.418] [INFO    ] [bot.scanner] 🔥 Roulette 1: Nuevos -> [14]
[2026-04-26 15:08:32.430] [DEBUG   ] [bot.scanner] TG check: Roulette 1 Delays={'docena_1': 2, 'docena_2': 0, 'docena_3': 9, 'columna_1': 4, 'columna_2': 0, 'columna_3': 1}
[2026-04-26 15:08:36.206] [INFO    ] [bot.scanner] 🔥 Stake Roulette: Nuevos -> [33]
[2026-04-26 15:08:36.226] [DEBUG   ] [bot.scanner] TG check: Stake Roulette Delays={'docena_1': 5, 'docena_2': 2, 'docena_3': 0, 'columna_1': 5, 'columna_2': 3, 'columna_3': 0}
[2026-04-26 15:08:36.772] [INFO    ] [bot.scanner] 🔥 Turkish Roulette: Nuevos -> [15]
[2026-04-26 15:08:36.784] [DEBUG   ] [bot.scanner] TG check: Turkish Roulette Delays={'docena_1': 2, 'docena_2': 0, 'docena_3': 3, 'columna_1': 1, 'columna_2': 2, 'columna_3': 0}
[2026-04-26 15:08:37.876] [INFO    ] [bot.scanner] 🔥 Romanian Roulette: Nuevos -> [18]
[2026-04-26 15:08:37.893] [DEBUG   ] [bot.scanner] TG check: Romanian Roulette Delays={'docena_1': 1, 'docena_2': 0, 'docena_3': 2, 'columna_1': 7, 'columna_2': 2, 'columna_3': 0}
[2026-04-26 15:08:39.694] [INFO    ] [bot.scanner] 🔥 Dutch Roulette: Nuevos -> [9]
[2026-04-26 15:08:39.708] [DEBUG   ] [bot.scanner] TG check: Dutch Roulette Delays={'docena_1': 0, 'docena_2': 2, 'docena_3': 1, 'columna_1': 1, 'columna_2': 2, 'columna_3': 0}
[2026-04-26 15:08:43.316] [INFO    ] [bot.scanner] 🔥 Roulette 3: Nuevos -> [14]
[2026-04-26 15:08:43.336] [DEBUG   ] [bot.scanner] TG check: Roulette 3 Delays={'docena_1': 5, 'docena_2': 0, 'docena_3': 2, 'columna_1': 4, 'columna_2': 0, 'columna_3': 1}
[2026-04-26 15:08:43.879] [INFO    ] [bot.scanner] 🔥 Roulette Macao: Nuevos -> [13]
[2026-04-26 15:08:43.905] [DEBUG   ] [bot.scanner] TG check: Roulette Macao Delays={'docena_1': 1, 'docena_2': 0, 'docena_3': 10, 'columna_1': 0, 'columna_2': 2, 'columna_3': 12}
[2026-04-26 15:08:44.448] [INFO    ] [bot.scanner] 🔥 Roulette 2 Extra Time: Nuevos -> [11]
[2026-04-26 15:08:44.462] [DEBUG   ] [bot.scanner] TG check: Roulette 2 Extra Time Delays={'docena_1': 0, 'docena_2': 5, 'docena_3': 1, 'columna_1': 4, 'columna_2': 0, 'columna_3': 3}
[2026-04-26 15:08:51.293] [INFO    ] [bot.scanner] 🔥 Ruleta Latina: Nuevos -> [33]
[2026-04-26 15:08:51.309] [DEBUG   ] [bot.scanner] TG check: Ruleta Latina Delays={'docena_1': 3, 'docena_2': 2, 'docena_3': 0, 'columna_1': 1, 'columna_2': 3, 'columna_3': 0}
[2026-04-26 15:08:55.171] [INFO    ] [bot.scanner] 🔥 Brazilian Mega Roulette: Nuevos -> [35]
[2026-04-26 15:08:55.192] [DEBUG   ] [bot.scanner] TG check: Brazilian Mega Roulette Delays={'docena_1': 3, 'docena_2': 1, 'docena_3': 0, 'columna_1': 2, 'columna_2': 0, 'columna_3': 3}
[2026-04-26 15:08:56.264] [INFO    ] [bot.scanner] 🔥 Auto Roulette: Nuevos -> [6]
[2026-04-26 15:08:56.277] [DEBUG   ] [bot.scanner] TG check: Auto Roulette Delays={'docena_1': 0, 'docena_2': 1, 'docena_3': 3, 'columna_1': 4, 'columna_2': 2, 'columna_3': 0}
[2026-04-26 15:08:57.880] [INFO    ] [bot.scanner] 🔥 German Roulette: Nuevos -> [36]
[2026-04-26 15:08:57.897] [DEBUG   ] [bot.scanner] TG check: German Roulette Delays={'docena_1': 6, 'docena_2': 1, 'docena_3': 0, 'columna_1': 7, 'columna_2': 3, 'columna_3': 0}
[2026-04-26 15:08:59.543] [INFO    ] [bot.scanner] 🔥 Russian Roulette: Nuevos -> [36]
[2026-04-26 15:08:59.559] [DEBUG   ] [bot.scanner] TG check: Russian Roulette Delays={'docena_1': 1, 'docena_2': 3, 'docena_3': 0, 'columna_1': 2, 'columna_2': 1, 'columna_3': 0}
[2026-04-26 15:09:02.614] [INFO    ] [bot.scanner] 🔥 Brazilian Roulette: Nuevos -> [6]
[2026-04-26 15:09:02.640] [DEBUG   ] [bot.scanner] TG check: Brazilian Roulette Delays={'docena_1': 0, 'docena_2': 4, 'docena_3': 7, 'columna_1': 2, 'columna_2': 11, 'columna_3': 0}
[2026-04-26 15:09:05.968] [INFO    ] [bot.scanner] 🔥 Lucky 6 Roulette: Nuevos -> [24]
[2026-04-26 15:09:05.987] [DEBUG   ] [bot.scanner] TG check: Lucky 6 Roulette Delays={'docena_1': 1, 'docena_2': 0, 'docena_3': 7, 'columna_1': 10, 'columna_2': 3, 'columna_3': 0}
[2026-04-26 15:09:08.688] [INFO    ] [bot.scanner] 🔥 Romanian Roulette: Nuevos -> [7]
[2026-04-26 15:09:08.707] [DEBUG   ] [bot.scanner] TG check: Romanian Roulette Delays={'docena_1': 0, 'docena_2': 1, 'docena_3': 3, 'columna_1': 0, 'columna_2': 3, 'columna_3': 1}
[2026-04-26 15:09:09.249] [INFO    ] [bot.scanner] 🔥 Roulette Italia Tricolore: Nuevos -> [4]
[2026-04-26 15:09:09.273] [DEBUG   ] [bot.scanner] TG check: Roulette Italia Tricolore Delays={'docena_1': 0, 'docena_2': 10, 'docena_3': 1, 'columna_1': 0, 'columna_2': 1, 'columna_3': 4}
[2026-04-26 15:09:12.275] [INFO    ] [bot.scanner] 🔥 Mega Roulette: Nuevos -> [1]
[2026-04-26 15:09:12.288] [DEBUG   ] [bot.scanner] TG check: Mega Roulette Delays={'docena_1': 0, 'docena_2': 3, 'docena_3': 1, 'columna_1': 0, 'columna_2': 1, 'columna_3': 3}
[2026-04-26 15:09:13.395] [INFO    ] [bot.scanner] 🔥 Roulette 1: Nuevos -> [16]
[2026-04-26 15:09:13.413] [DEBUG   ] [bot.scanner] TG check: Roulette 1 Delays={'docena_1': 3, 'docena_2': 0, 'docena_3': 10, 'columna_1': 0, 'columna_2': 1, 'columna_3': 2}
[2026-04-26 15:09:14.512] [INFO    ] [bot.scanner] 🔥 Roulette Macao: Nuevos -> [12]
[2026-04-26 15:09:14.527] [DEBUG   ] [bot.scanner] TG check: Roulette Macao Delays={'docena_1': 0, 'docena_2': 1, 'docena_3': 11, 'columna_1': 1, 'columna_2': 3, 'columna_3': 0}
[2026-04-26 15:09:17.266] [INFO    ] [bot.scanner] 🔥 Stake Roulette: Nuevos -> [12]
[2026-04-26 15:09:17.286] [DEBUG   ] [bot.scanner] TG check: Stake Roulette Delays={'docena_1': 0, 'docena_2': 3, 'docena_3': 1, 'columna_1': 6, 'columna_2': 4, 'columna_3': 0}
[2026-04-26 15:09:17.818] [INFO    ] [bot.scanner] 🔥 Turkish Roulette: Nuevos -> [26]
[2026-04-26 15:09:17.832] [DEBUG   ] [bot.scanner] TG check: Turkish Roulette Delays={'docena_1': 3, 'docena_2': 1, 'docena_3': 0, 'columna_1': 2, 'columna_2': 0, 'columna_3': 1}
[2026-04-26 15:09:20.576] [INFO    ] [bot.scanner] 🔥 Dutch Roulette: Nuevos -> [1]
[2026-04-26 15:09:20.593] [DEBUG   ] [bot.scanner] TG check: Dutch Roulette Delays={'docena_1': 0, 'docena_2': 3, 'docena_3': 2, 'columna_1': 0, 'columna_2': 3, 'columna_3': 1}
[2026-04-26 15:09:24.171] [INFO    ] [bot.scanner] 🔥 Roulette 3: Nuevos -> [31]
[2026-04-26 15:09:24.182] [DEBUG   ] [bot.scanner] TG check: Roulette 3 Delays={'docena_1': 6, 'docena_2': 1, 'docena_3': 0, 'columna_1': 0, 'columna_2': 1, 'columna_3': 2}
[2026-04-26 15:09:25.270] [INFO    ] [bot.scanner] 🔥 Roulette 2 Extra Time: Nuevos -> [22]
[2026-04-26 15:09:25.281] [DEBUG   ] [bot.scanner] TG check: Roulette 2 Extra Time Delays={'docena_1': 1, 'docena_2': 0, 'docena_3': 2, 'columna_1': 0, 'columna_2': 1, 'columna_3': 4}
[2026-04-26 15:09:26.898] [INFO    ] [bot.scanner] 🔥 Auto Roulette: Nuevos -> [24]
[2026-04-26 15:09:26.914] [DEBUG   ] [bot.scanner] TG check: Auto Roulette Delays={'docena_1': 1, 'docena_2': 0, 'docena_3': 4, 'columna_1': 5, 'columna_2': 3, 'columna_3': 0}
[2026-04-26 15:09:30.218] [INFO    ] [bot.scanner] 🔥 Russian Roulette: Nuevos -> [34]
[2026-04-26 15:09:30.238] [DEBUG   ] [bot.scanner] TG check: Russian Roulette Delays={'docena_1': 2, 'docena_2': 4, 'docena_3': 0, 'columna_1': 0, 'columna_2': 2, 'columna_3': 1}
[2026-04-26 15:09:32.159] [INFO    ] [bot.scanner] 🔥 Ruleta Latina: Nuevos -> [20]
[2026-04-26 15:09:32.182] [DEBUG   ] [bot.scanner] TG check: Ruleta Latina Delays={'docena_1': 4, 'docena_2': 0, 'docena_3': 1, 'columna_1': 2, 'columna_2': 0, 'columna_3': 1}
[2026-04-26 15:09:35.905] [INFO    ] [bot.scanner] 🔥 Brazilian Mega Roulette: Nuevos -> [18]
[2026-04-26 15:09:35.918] [DEBUG   ] [bot.scanner] TG check: Brazilian Mega Roulette Delays={'docena_1': 4, 'docena_2': 0, 'docena_3': 1, 'columna_1': 3, 'columna_2': 1, 'columna_3': 0}
[2026-04-26 15:09:38.578] [INFO    ] [bot.scanner] 🔥 German Roulette: Nuevos -> [2]
[2026-04-26 15:09:38.591] [DEBUG   ] [bot.scanner] TG check: German Roulette Delays={'docena_1': 0, 'docena_2': 2, 'docena_3': 1, 'columna_1': 8, 'columna_2': 0, 'columna_3': 1}
[2026-04-26 15:09:39.662] [INFO    ] [bot.scanner] 🔥 Roulette Italia Tricolore: Nuevos -> [8]
[2026-04-26 15:09:39.681] [DEBUG   ] [bot.scanner] TG check: Roulette Italia Tricolore Delays={'docena_1': 0, 'docena_2': 11, 'docena_3': 2, 'columna_1': 1, 'columna_2': 0, 'columna_3': 5}
[2026-04-26 15:09:43.184] [INFO    ] [bot.scanner] 🔥 Brazilian Roulette: Nuevos -> [17]
[2026-04-26 15:09:43.199] [DEBUG   ] [bot.scanner] TG check: Brazilian Roulette Delays={'docena_1': 1, 'docena_2': 0, 'docena_3': 8, 'columna_1': 3, 'columna_2': 0, 'columna_3': 1}
[2026-04-26 15:09:49.201] [INFO    ] [bot.scanner] 🔥 Romanian Roulette: Nuevos -> [29]
[2026-04-26 15:09:49.215] [DEBUG   ] [bot.scanner] TG check: Romanian Roulette Delays={'docena_1': 1, 'docena_2': 2, 'docena_3': 0, 'columna_1': 1, 'columna_2': 0, 'columna_3': 2}
[2026-04-26 15:09:50.813] [INFO    ] [bot.scanner] 🔥 Dutch Roulette: Nuevos -> [5]
[2026-04-26 15:09:50.829] [DEBUG   ] [bot.scanner] TG check: Dutch Roulette Delays={'docena_1': 0, 'docena_2': 4, 'docena_3': 3, 'columna_1': 1, 'columna_2': 0, 'columna_3': 2}
[2026-04-26 15:09:52.767] [INFO    ] [bot.scanner] 🔥 Mega Roulette: Nuevos -> [7]
[2026-04-26 15:09:52.783] [DEBUG   ] [bot.scanner] TG check: Mega Roulette Delays={'docena_1': 0, 'docena_2': 4, 'docena_3': 2, 'columna_1': 0, 'columna_2': 2, 'columna_3': 4}
[2026-04-26 15:09:53.857] [INFO    ] [bot.scanner] 🔥 Roulette 1: Nuevos -> [9]
[2026-04-26 15:09:53.870] [DEBUG   ] [bot.scanner] TG check: Roulette 1 Delays={'docena_1': 0, 'docena_2': 1, 'docena_3': 11, 'columna_1': 1, 'columna_2': 2, 'columna_3': 0}
[2026-04-26 15:09:54.943] [INFO    ] [bot.scanner] 🔥 Roulette Macao: Nuevos -> [8]
[2026-04-26 15:09:54.963] [DEBUG   ] [bot.scanner] TG check: Roulette Macao Delays={'docena_1': 0, 'docena_2': 2, 'docena_3': 12, 'columna_1': 2, 'columna_2': 0, 'columna_3': 1}
[2026-04-26 15:09:56.589] [INFO    ] [bot.scanner] 🔥 Lucky 6 Roulette: Nuevos -> [17]
[2026-04-26 15:09:56.616] [DEBUG   ] [bot.scanner] TG check: Lucky 6 Roulette Delays={'docena_1': 2, 'docena_2': 0, 'docena_3': 8, 'columna_1': 11, 'columna_2': 0, 'columna_3': 1}
[2026-04-26 15:09:57.697] [INFO    ] [bot.scanner] 🔥 Stake Roulette: Nuevos -> [23]
[2026-04-26 15:09:57.711] [DEBUG   ] [bot.scanner] TG check: Stake Roulette Delays={'docena_1': 1, 'docena_2': 0, 'docena_3': 2, 'columna_1': 7, 'columna_2': 0, 'columna_3': 1}
[2026-04-26 15:09:58.235] [INFO    ] [bot.scanner] 🔥 Turkish Roulette: Nuevos -> [14]
[2026-04-26 15:09:58.247] [DEBUG   ] [bot.scanner] TG check: Turkish Roulette Delays={'docena_1': 4, 'docena_2': 0, 'docena_3': 1, 'columna_1': 3, 'columna_2': 0, 'columna_3': 2}
[2026-04-26 15:10:04.533] [INFO    ] [bot.scanner] 🔥 Roulette 3: Nuevos -> [12]
[2026-04-26 15:10:04.547] [DEBUG   ] [bot.scanner] TG check: Roulette 3 Delays={'docena_1': 0, 'docena_2': 2, 'docena_3': 1, 'columna_1': 1, 'columna_2': 2, 'columna_3': 0}
[2026-04-26 15:10:05.618] [INFO    ] [bot.scanner] 🔥 Roulette 2 Extra Time: Nuevos -> [24]
[2026-04-26 15:10:05.631] [DEBUG   ] [bot.scanner] TG check: Roulette 2 Extra Time Delays={'docena_1': 2, 'docena_2': 0, 'docena_3': 3, 'columna_1': 1, 'columna_2': 2, 'columna_3': 0}
[2026-04-26 15:10:07.284] [INFO    ] [bot.scanner] 🔥 Auto Roulette: Nuevos -> [8]
[2026-04-26 15:10:07.302] [DEBUG   ] [bot.scanner] TG check: Auto Roulette Delays={'docena_1': 0, 'docena_2': 1, 'docena_3': 5, 'columna_1': 6, 'columna_2': 0, 'columna_3': 1}
[2026-04-26 15:10:10.517] [INFO    ] [bot.scanner] 🔥 Russian Roulette: Nuevos -> [13]
[2026-04-26 15:10:10.529] [DEBUG   ] [bot.scanner] TG check: Russian Roulette Delays={'docena_1': 3, 'docena_2': 0, 'docena_3': 1, 'columna_1': 0, 'columna_2': 3, 'columna_3': 2}
[2026-04-26 15:10:12.458] [INFO    ] [bot.scanner] 🔥 Ruleta Latina: Nuevos -> [32]
[2026-04-26 15:10:12.483] [DEBUG   ] [bot.scanner] TG check: Ruleta Latina Delays={'docena_1': 5, 'docena_2': 1, 'docena_3': 0, 'columna_1': 3, 'columna_2': 0, 'columna_3': 2}
[2026-04-26 15:10:19.043] [INFO    ] [bot.scanner] 🔥 German Roulette: Nuevos -> [23]
[2026-04-26 15:10:19.056] [DEBUG   ] [bot.scanner] TG check: German Roulette Delays={'docena_1': 1, 'docena_2': 0, 'docena_3': 2, 'columna_1': 9, 'columna_2': 0, 'columna_3': 2}
[2026-04-26 15:10:20.123] [INFO    ] [bot.scanner] 🔥 Roulette Italia Tricolore: Nuevos -> [28]
[2026-04-26 15:10:20.133] [DEBUG   ] [bot.scanner] TG check: Roulette Italia Tricolore Delays={'docena_1': 1, 'docena_2': 12, 'docena_3': 0, 'columna_1': 0, 'columna_2': 1, 'columna_3': 6}
[2026-04-26 15:10:26.395] [INFO    ] [bot.scanner] 🔥 Brazilian Mega Roulette: Nuevos -> [27]
[2026-04-26 15:10:26.414] [DEBUG   ] [bot.scanner] TG check: Brazilian Mega Roulette Delays={'docena_1': 5, 'docena_2': 1, 'docena_3': 0, 'columna_1': 4, 'columna_2': 2, 'columna_3': 0}
[2026-04-26 15:10:29.670] [INFO    ] [bot.scanner] 🔥 Romanian Roulette: Nuevos -> [17]
[2026-04-26 15:10:29.686] [DEBUG   ] [bot.scanner] TG check: Romanian Roulette Delays={'docena_1': 2, 'docena_2': 0, 'docena_3': 1, 'columna_1': 2, 'columna_2': 0, 'columna_3': 3}
[2026-04-26 15:10:31.300] [INFO    ] [bot.scanner] 🔥 Dutch Roulette: Nuevos -> [36]
[2026-04-26 15:10:31.318] [DEBUG   ] [bot.scanner] TG check: Dutch Roulette Delays={'docena_1': 1, 'docena_2': 5, 'docena_3': 0, 'columna_1': 2, 'columna_2': 1, 'columna_3': 0}
[2026-04-26 15:10:34.368] [INFO    ] [bot.scanner] 🔥 Roulette 1: Nuevos -> [27]
[2026-04-26 15:10:34.384] [DEBUG   ] [bot.scanner] TG check: Roulette 1 Delays={'docena_1': 1, 'docena_2': 2, 'docena_3': 0, 'columna_1': 2, 'columna_2': 3, 'columna_3': 0}
[2026-04-26 15:10:35.469] [INFO    ] [bot.scanner] 🔥 Roulette Macao: Nuevos -> [1]
[2026-04-26 15:10:35.483] [DEBUG   ] [bot.scanner] TG check: Roulette Macao Delays={'docena_1': 0, 'docena_2': 3, 'docena_3': 13, 'columna_1': 0, 'columna_2': 1, 'columna_3': 2}
[2026-04-26 15:10:37.082] [INFO    ] [bot.scanner] 🔥 Lucky 6 Roulette: Nuevos -> [34]
[2026-04-26 15:10:37.102] [DEBUG   ] [bot.scanner] TG check: Lucky 6 Roulette Delays={'docena_1': 3, 'docena_2': 1, 'docena_3': 0, 'columna_1': 0, 'columna_2': 1, 'columna_3': 2}
[2026-04-26 15:10:38.174] [INFO    ] [bot.scanner] 🔥 Stake Roulette: Nuevos -> [6]
[2026-04-26 15:10:38.184] [DEBUG   ] [bot.scanner] TG check: Stake Roulette Delays={'docena_1': 0, 'docena_2': 1, 'docena_3': 3, 'columna_1': 8, 'columna_2': 1, 'columna_3': 0}
[2026-04-26 15:10:43.358] [INFO    ] [bot.scanner] 🔥 Mega Roulette: Nuevos -> [28]
[2026-04-26 15:10:43.375] [DEBUG   ] [bot.scanner] TG check: Mega Roulette Delays={'docena_1': 1, 'docena_2': 5, 'docena_3': 0, 'columna_1': 0, 'columna_2': 3, 'columna_3': 5}
[2026-04-26 15:10:43.925] [INFO    ] [bot.scanner] 🔥 Brazilian Roulette: Nuevos -> [32]
[2026-04-26 15:10:43.950] [DEBUG   ] [bot.scanner] TG check: Brazilian Roulette Delays={'docena_1': 2, 'docena_2': 1, 'docena_3': 0, 'columna_1': 4, 'columna_2': 0, 'columna_3': 2}
[2026-04-26 15:10:45.038] [INFO    ] [bot.scanner] 🔥 Roulette 3: Nuevos -> [11]
[2026-04-26 15:10:45.053] [DEBUG   ] [bot.scanner] TG check: Roulette 3 Delays={'docena_1': 0, 'docena_2': 3, 'docena_3': 2, 'columna_1': 2, 'columna_2': 0, 'columna_3': 1}
[2026-04-26 15:10:46.103] [INFO    ] [bot.scanner] 🔥 Roulette 2 Extra Time: Nuevos -> [3]
[2026-04-26 15:10:46.117] [DEBUG   ] [bot.scanner] TG check: Roulette 2 Extra Time Delays={'docena_1': 0, 'docena_2': 1, 'docena_3': 4, 'columna_1': 2, 'columna_2': 3, 'columna_3': 0}
[2026-04-26 15:10:47.763] [INFO    ] [bot.scanner] 🔥 Auto Roulette: Nuevos -> [16]
[2026-04-26 15:10:47.777] [DEBUG   ] [bot.scanner] TG check: Auto Roulette Delays={'docena_1': 1, 'docena_2': 0, 'docena_3': 6, 'columna_1': 0, 'columna_2': 1, 'columna_3': 2}
[2026-04-26 15:10:48.871] [INFO    ] [bot.scanner] 🔥 Turkish Roulette: Nuevos -> [6]
[2026-04-26 15:10:48.887] [DEBUG   ] [bot.scanner] TG check: Turkish Roulette Delays={'docena_1': 0, 'docena_2': 1, 'docena_3': 2, 'columna_1': 4, 'columna_2': 1, 'columna_3': 0}
[2026-04-26 15:10:50.488] [INFO    ] [bot.scanner] 🔥 Roulette Italia Tricolore: Nuevos -> [33]
[2026-04-26 15:10:50.511] [DEBUG   ] [bot.scanner] TG check: Roulette Italia Tricolore Delays={'docena_1': 2, 'docena_2': 13, 'docena_3': 0, 'columna_1': 1, 'columna_2': 2, 'columna_3': 0}
[2026-04-26 15:10:51.062] [INFO    ] [bot.scanner] 🔥 Russian Roulette: Nuevos -> [26]
[2026-04-26 15:10:51.084] [DEBUG   ] [bot.scanner] TG check: Russian Roulette Delays={'docena_1': 4, 'docena_2': 1, 'docena_3': 0, 'columna_1': 1, 'columna_2': 0, 'columna_3': 3}
[2026-04-26 15:10:53.011] [INFO    ] [bot.scanner] 🔥 Ruleta Latina: Nuevos -> [17]
[2026-04-26 15:10:53.031] [DEBUG   ] [bot.scanner] TG check: Ruleta Latina Delays={'docena_1': 6, 'docena_2': 0, 'docena_3': 1, 'columna_1': 4, 'columna_2': 0, 'columna_3': 3}
[2026-04-26 15:10:59.539] [INFO    ] [bot.scanner] 🔥 German Roulette: Nuevos -> [11]
[2026-04-26 15:10:59.555] [DEBUG   ] [bot.scanner] TG check: German Roulette Delays={'docena_1': 0, 'docena_2': 1, 'docena_3': 3, 'columna_1': 10, 'columna_2': 0, 'columna_3': 3}
[2026-04-26 15:11:05.841] [INFO    ] [bot.scanner] 🔥 Roulette Macao: Nuevos -> [33]
[2026-04-26 15:11:05.858] [DEBUG   ] [bot.scanner] TG check: Roulette Macao Delays={'docena_1': 1, 'docena_2': 4, 'docena_3': 0, 'columna_1': 1, 'columna_2': 2, 'columna_3': 0}
[2026-04-26 15:11:06.933] [INFO    ] [bot.scanner] 🔥 Brazilian Mega Roulette: Nuevos -> [11]
[2026-04-26 15:11:06.951] [DEBUG   ] [bot.scanner] TG check: Brazilian Mega Roulette Delays={'docena_1': 0, 'docena_2': 2, 'docena_3': 1, 'columna_1': 5, 'columna_2': 0, 'columna_3': 1}
[2026-04-26 15:11:10.252] [INFO    ] [bot.scanner] 🔥 Romanian Roulette: Nuevos -> [10]
[2026-04-26 15:11:10.273] [DEBUG   ] [bot.scanner] TG check: Romanian Roulette Delays={'docena_1': 0, 'docena_2': 1, 'docena_3': 2, 'columna_1': 0, 'columna_2': 1, 'columna_3': 4}
[2026-04-26 15:11:11.904] [INFO    ] [bot.scanner] 🔥 Dutch Roulette: Nuevos -> [1]
[2026-04-26 15:11:11.921] [DEBUG   ] [bot.scanner] TG check: Dutch Roulette Delays={'docena_1': 0, 'docena_2': 6, 'docena_3': 1, 'columna_1': 0, 'columna_2': 2, 'columna_3': 1}
[2026-04-26 15:11:17.616] [INFO    ] [bot.scanner] 🔥 Lucky 6 Roulette: Nuevos -> [23]
[2026-04-26 15:11:17.630] [DEBUG   ] [bot.scanner] TG check: Lucky 6 Roulette Delays={'docena_1': 4, 'docena_2': 0, 'docena_3': 1, 'columna_1': 1, 'columna_2': 0, 'columna_3': 3}
[2026-04-26 15:11:23.927] [INFO    ] [bot.scanner] 🔥 Mega Roulette: Nuevos -> [2]
[2026-04-26 15:11:23.946] [DEBUG   ] [bot.scanner] TG check: Mega Roulette Delays={'docena_1': 0, 'docena_2': 6, 'docena_3': 1, 'columna_1': 1, 'columna_2': 0, 'columna_3': 6}
[2026-04-26 15:11:24.524] [INFO    ] [bot.scanner] 🔥 Brazilian Roulette: Nuevos -> [11]
[2026-04-26 15:11:24.541] [DEBUG   ] [bot.scanner] TG check: Brazilian Roulette Delays={'docena_1': 0, 'docena_2': 2, 'docena_3': 1, 'columna_1': 5, 'columna_2': 0, 'columna_3': 3}
[2026-04-26 15:11:25.076] [INFO    ] [bot.scanner] 🔥 Roulette 1: Nuevos -> [5]
[2026-04-26 15:11:25.101] [DEBUG   ] [bot.scanner] TG check: Roulette 1 Delays={'docena_1': 0, 'docena_2': 3, 'docena_3': 1, 'columna_1': 3, 'columna_2': 0, 'columna_3': 1}
[2026-04-26 15:11:25.660] [INFO    ] [bot.scanner] 🔥 Roulette 3: Nuevos -> [33]
[2026-04-26 15:11:25.678] [DEBUG   ] [bot.scanner] TG check: Roulette 3 Delays={'docena_1': 1, 'docena_2': 4, 'docena_3': 0, 'columna_1': 3, 'columna_2': 1, 'columna_3': 0}
[2026-04-26 15:11:26.781] [INFO    ] [bot.scanner] 🔥 Roulette 2 Extra Time: Nuevos -> [26]
[2026-04-26 15:11:26.793] [DEBUG   ] [bot.scanner] TG check: Roulette 2 Extra Time Delays={'docena_1': 1, 'docena_2': 2, 'docena_3': 0, 'columna_1': 3, 'columna_2': 0, 'columna_3': 1}
[2026-04-26 15:11:28.448] [INFO    ] [bot.scanner] 🔥 Auto Roulette: Nuevos -> [31]
[2026-04-26 15:11:28.460] [DEBUG   ] [bot.scanner] TG check: Auto Roulette Delays={'docena_1': 2, 'docena_2': 1, 'docena_3': 0, 'columna_1': 0, 'columna_2': 2, 'columna_3': 3}
[2026-04-26 15:11:28.983] [INFO    ] [bot.scanner] 🔥 Stake Roulette: Nuevos -> [5]
[2026-04-26 15:11:28.993] [DEBUG   ] [bot.scanner] TG check: Stake Roulette Delays={'docena_1': 0, 'docena_2': 2, 'docena_3': 4, 'columna_1': 9, 'columna_2': 0, 'columna_3': 1}
[2026-04-26 15:11:29.532] [INFO    ] [bot.scanner] 🔥 Turkish Roulette: Nuevos -> [9]
[2026-04-26 15:11:29.551] [DEBUG   ] [bot.scanner] TG check: Turkish Roulette Delays={'docena_1': 0, 'docena_2': 2, 'docena_3': 3, 'columna_1': 5, 'columna_2': 2, 'columna_3': 0}
[2026-04-26 15:11:31.211] [INFO    ] [bot.scanner] 🔥 Roulette Italia Tricolore: Nuevos -> [11]
[2026-04-26 15:11:31.232] [DEBUG   ] [bot.scanner] TG check: Roulette Italia Tricolore Delays={'docena_1': 0, 'docena_2': 14, 'docena_3': 1, 'columna_1': 2, 'columna_2': 0, 'columna_3': 1}
[2026-04-26 15:11:31.767] [INFO    ] [bot.scanner] 🔥 Russian Roulette: Nuevos -> [19]
[2026-04-26 15:11:31.780] [DEBUG   ] [bot.scanner] TG check: Russian Roulette Delays={'docena_1': 5, 'docena_2': 0, 'docena_3': 1, 'columna_1': 0, 'columna_2': 1, 'columna_3': 4}
[2026-04-26 15:11:33.701] [INFO    ] [bot.scanner] 🔥 Ruleta Latina: Nuevos -> [3]
[2026-04-26 15:11:33.716] [DEBUG   ] [bot.scanner] TG check: Ruleta Latina Delays={'docena_1': 0, 'docena_2': 1, 'docena_3': 2, 'columna_1': 5, 'columna_2': 1, 'columna_3': 0}
[2026-04-26 15:11:40.778] [INFO    ] [bot.scanner] 🔥 Romanian Roulette: Nuevos -> [30]
[2026-04-26 15:11:40.791] [DEBUG   ] [bot.scanner] TG check: Romanian Roulette Delays={'docena_1': 1, 'docena_2': 2, 'docena_3': 0, 'columna_1': 1, 'columna_2': 2, 'columna_3': 0}
[2026-04-26 15:11:46.466] [INFO    ] [bot.scanner] 🔥 Roulette Macao: Nuevos -> [15]
[2026-04-26 15:11:46.481] [DEBUG   ] [bot.scanner] TG check: Roulette Macao Delays={'docena_1': 2, 'docena_2': 0, 'docena_3': 1, 'columna_1': 2, 'columna_2': 3, 'columna_3': 0}
[2026-04-26 15:11:47.573] [INFO    ] [bot.scanner] 🔥 Brazilian Mega Roulette: Nuevos -> [5]
[2026-04-26 15:11:47.586] [DEBUG   ] [bot.scanner] TG check: Brazilian Mega Roulette Delays={'docena_1': 0, 'docena_2': 3, 'docena_3': 2, 'columna_1': 6, 'columna_2': 0, 'columna_3': 2}
[2026-04-26 15:11:50.300] [INFO    ] [bot.scanner] 🔥 German Roulette: Nuevos -> [0]
[2026-04-26 15:11:50.321] [DEBUG   ] [bot.scanner] TG check: German Roulette Delays={'docena_1': 1, 'docena_2': 2, 'docena_3': 4, 'columna_1': 11, 'columna_2': 1, 'columna_3': 4}
[2026-04-26 15:11:52.488] [INFO    ] [bot.scanner] 🔥 Dutch Roulette: Nuevos -> [9]
[2026-04-26 15:11:52.502] [DEBUG   ] [bot.scanner] TG check: Dutch Roulette Delays={'docena_1': 0, 'docena_2': 7, 'docena_3': 2, 'columna_1': 1, 'columna_2': 3, 'columna_3': 0}
[2026-04-26 15:11:55.024] [INFO    ] [bot.scanner] 🔥 Brazilian Roulette: Nuevos -> [18]
[2026-04-26 15:11:55.040] [DEBUG   ] [bot.scanner] TG check: Brazilian Roulette Delays={'docena_1': 1, 'docena_2': 0, 'docena_3': 2, 'columna_1': 6, 'columna_2': 1, 'columna_3': 0}
[2026-04-26 15:11:55.569] [INFO    ] [bot.scanner] 🔥 Roulette 1: Nuevos -> [16]
[2026-04-26 15:11:55.580] [DEBUG   ] [bot.scanner] TG check: Roulette 1 Delays={'docena_1': 1, 'docena_2': 0, 'docena_3': 2, 'columna_1': 0, 'columna_2': 1, 'columna_3': 2}
[2026-04-26 15:11:56.121] [INFO    ] [bot.scanner] 🔥 Roulette 3: Nuevos -> [15]
[2026-04-26 15:11:56.144] [DEBUG   ] [bot.scanner] TG check: Roulette 3 Delays={'docena_1': 2, 'docena_2': 0, 'docena_3': 1, 'columna_1': 4, 'columna_2': 2, 'columna_3': 0}
[2026-04-26 15:11:58.302] [INFO    ] [bot.scanner] 🔥 Lucky 6 Roulette: Nuevos -> [13]
[2026-04-26 15:11:58.323] [DEBUG   ] [bot.scanner] TG check: Lucky 6 Roulette Delays={'docena_1': 5, 'docena_2': 0, 'docena_3': 2, 'columna_1': 0, 'columna_2': 1, 'columna_3': 4}
[2026-04-26 15:12:02.128] [INFO    ] [bot.scanner] 🔥 Russian Roulette: Nuevos -> [5]
[2026-04-26 15:12:02.143] [DEBUG   ] [bot.scanner] TG check: Russian Roulette Delays={'docena_1': 0, 'docena_2': 1, 'docena_3': 2, 'columna_1': 1, 'columna_2': 0, 'columna_3': 5}
[2026-04-26 15:12:07.423] [INFO    ] [bot.scanner] 🔥 Roulette 2 Extra Time: Nuevos -> [23]
[2026-04-26 15:12:07.439] [DEBUG   ] [bot.scanner] TG check: Roulette 2 Extra Time Delays={'docena_1': 2, 'docena_2': 0, 'docena_3': 1, 'columna_1': 4, 'columna_2': 0, 'columna_3': 2}
[2026-04-26 15:12:09.103] [INFO    ] [bot.scanner] 🔥 Auto Roulette: Nuevos -> [26]
[2026-04-26 15:12:09.122] [DEBUG   ] [bot.scanner] TG check: Auto Roulette Delays={'docena_1': 3, 'docena_2': 2, 'docena_3': 0, 'columna_1': 1, 'columna_2': 0, 'columna_3': 4}
[2026-04-26 15:12:10.224] [INFO    ] [bot.scanner] 🔥 Turkish Roulette: Nuevos -> [24]
[2026-04-26 15:12:10.239] [DEBUG   ] [bot.scanner] TG check: Turkish Roulette Delays={'docena_1': 1, 'docena_2': 0, 'docena_3': 4, 'columna_1': 6, 'columna_2': 3, 'columna_3': 0}
[2026-04-26 15:12:11.861] [INFO    ] [bot.scanner] 🔥 Roulette Italia Tricolore: Nuevos -> [24]
[2026-04-26 15:12:11.877] [DEBUG   ] [bot.scanner] TG check: Roulette Italia Tricolore Delays={'docena_1': 1, 'docena_2': 0, 'docena_3': 2, 'columna_1': 3, 'columna_2': 1, 'columna_3': 0}
[2026-04-26 15:12:14.342] [INFO    ] [bot.scanner] 🔥 Ruleta Latina: Nuevos -> [3]
[2026-04-26 15:12:14.358] [DEBUG   ] [bot.scanner] TG check: Ruleta Latina Delays={'docena_1': 0, 'docena_2': 2, 'docena_3': 3, 'columna_1': 6, 'columna_2': 2, 'columna_3': 0}
[2026-04-26 15:12:14.899] [INFO    ] [bot.scanner] 🔥 Mega Roulette: Nuevos -> [25]
[2026-04-26 15:12:14.915] [DEBUG   ] [bot.scanner] TG check: Mega Roulette Delays={'docena_1': 1, 'docena_2': 7, 'docena_3': 0, 'columna_1': 0, 'columna_2': 1, 'columna_3': 7}
[2026-04-26 15:12:17.083] [INFO    ] [bot.scanner] 🔥 Roulette Macao: Nuevos -> [5]
[2026-04-26 15:12:17.094] [DEBUG   ] [bot.scanner] TG check: Roulette Macao Delays={'docena_1': 0, 'docena_2': 1, 'docena_3': 2, 'columna_1': 3, 'columna_2': 0, 'columna_3': 1}
[2026-04-26 15:12:19.819] [INFO    ] [bot.scanner] 🔥 Stake Roulette: Nuevos -> [17]
[2026-04-26 15:12:19.831] [DEBUG   ] [bot.scanner] TG check: Stake Roulette Delays={'docena_1': 1, 'docena_2': 0, 'docena_3': 5, 'columna_1': 10, 'columna_2': 0, 'columna_3': 2}
[2026-04-26 15:12:21.454] [INFO    ] [bot.scanner] 🔥 Romanian Roulette: Nuevos -> [19]
[2026-04-26 15:12:21.475] [DEBUG   ] [bot.scanner] TG check: Romanian Roulette Delays={'docena_1': 2, 'docena_2': 0, 'docena_3': 1, 'columna_1': 0, 'columna_2': 3, 'columna_3': 1}
[2026-04-26 15:12:28.290] [INFO    ] [bot.scanner] 🔥 Brazilian Mega Roulette: Nuevos -> [34]
[2026-04-26 15:12:28.307] [DEBUG   ] [bot.scanner] TG check: Brazilian Mega Roulette Delays={'docena_1': 1, 'docena_2': 4, 'docena_3': 0, 'columna_1': 0, 'columna_2': 1, 'columna_3': 3}
[2026-04-26 15:12:31.053] [INFO    ] [bot.scanner] 🔥 German Roulette: Nuevos -> [21]
[2026-04-26 15:12:31.073] [DEBUG   ] [bot.scanner] TG check: German Roulette Delays={'docena_1': 2, 'docena_2': 0, 'docena_3': 5, 'columna_1': 12, 'columna_2': 2, 'columna_3': 0}
[2026-04-26 15:12:33.265] [INFO    ] [bot.scanner] 🔥 Dutch Roulette: Nuevos -> [33]
[2026-04-26 15:12:33.284] [DEBUG   ] [bot.scanner] TG check: Dutch Roulette Delays={'docena_1': 1, 'docena_2': 8, 'docena_3': 0, 'columna_1': 2, 'columna_2': 4, 'columna_3': 0}
[2026-04-26 15:12:35.743] [INFO    ] [bot.scanner] 🔥 Brazilian Roulette: Nuevos -> [36]
[2026-04-26 15:12:35.770] [DEBUG   ] [bot.scanner] TG check: Brazilian Roulette Delays={'docena_1': 2, 'docena_2': 1, 'docena_3': 0, 'columna_1': 7, 'columna_2': 2, 'columna_3': 0}
[2026-04-26 15:12:36.316] [INFO    ] [bot.scanner] 🔥 Roulette 1: Nuevos -> [22]
[2026-04-26 15:12:36.328] [DEBUG   ] [bot.scanner] TG check: Roulette 1 Delays={'docena_1': 2, 'docena_2': 0, 'docena_3': 3, 'columna_1': 0, 'columna_2': 2, 'columna_3': 3}
[2026-04-26 15:12:36.861] [INFO    ] [bot.scanner] 🔥 Roulette 3: Nuevos -> [31]
[2026-04-26 15:12:36.875] [DEBUG   ] [bot.scanner] TG check: Roulette 3 Delays={'docena_1': 3, 'docena_2': 1, 'docena_3': 0, 'columna_1': 0, 'columna_2': 3, 'columna_3': 1}
[2026-04-26 15:12:39.081] [INFO    ] [bot.scanner] 🔥 Lucky 6 Roulette: Nuevos -> [16]
[2026-04-26 15:12:39.105] [DEBUG   ] [bot.scanner] TG check: Lucky 6 Roulette Delays={'docena_1': 6, 'docena_2': 0, 'docena_3': 3, 'columna_1': 0, 'columna_2': 2, 'columna_3': 5}
[2026-04-26 15:12:39.656] [INFO    ] [bot.scanner] 🔥 Auto Roulette: Nuevos -> [23]
[2026-04-26 15:12:39.672] [DEBUG   ] [bot.scanner] TG check: Auto Roulette Delays={'docena_1': 4, 'docena_2': 0, 'docena_3': 1, 'columna_1': 2, 'columna_2': 0, 'columna_3': 5}
[2026-04-26 15:12:42.295] [INFO    ] [bot.scanner] 🔥 Roulette Italia Tricolore: Nuevos -> [1]
[2026-04-26 15:12:42.309] [DEBUG   ] [bot.scanner] TG check: Roulette Italia Tricolore Delays={'docena_1': 0, 'docena_2': 1, 'docena_3': 3, 'columna_1': 0, 'columna_2': 2, 'columna_3': 1}
[2026-04-26 15:12:42.841] [INFO    ] [bot.scanner] 🔥 Russian Roulette: Nuevos -> [22]
[2026-04-26 15:12:42.855] [DEBUG   ] [bot.scanner] TG check: Russian Roulette Delays={'docena_1': 1, 'docena_2': 0, 'docena_3': 3, 'columna_1': 0, 'columna_2': 1, 'columna_3': 6}
[2026-04-26 15:12:44.828] [INFO    ] [bot.scanner] 🔥 Ruleta Latina: Nuevos -> [7]
[2026-04-26 15:12:44.843] [DEBUG   ] [bot.scanner] TG check: Ruleta Latina Delays={'docena_1': 0, 'docena_2': 3, 'docena_3': 4, 'columna_1': 0, 'columna_2': 3, 'columna_3': 1}
[2026-04-26 15:12:48.133] [INFO    ] [bot.scanner] 🔥 Roulette 2 Extra Time: Nuevos -> [29]
[2026-04-26 15:12:48.149] [DEBUG   ] [bot.scanner] TG check: Roulette 2 Extra Time Delays={'docena_1': 3, 'docena_2': 1, 'docena_3': 0, 'columna_1': 5, 'columna_2': 0, 'columna_3': 3}
[2026-04-26 15:12:50.864] [INFO    ] [bot.scanner] 🔥 Turkish Roulette: Nuevos -> [1]
[2026-04-26 15:12:50.875] [DEBUG   ] [bot.scanner] TG check: Turkish Roulette Delays={'docena_1': 0, 'docena_2': 1, 'docena_3': 5, 'columna_1': 0, 'columna_2': 4, 'columna_3': 1}
[2026-04-26 15:12:51.969] [INFO    ] [bot.scanner] 🔥 Romanian Roulette: Nuevos -> [28]
[2026-04-26 15:12:51.980] [DEBUG   ] [bot.scanner] TG check: Romanian Roulette Delays={'docena_1': 3, 'docena_2': 1, 'docena_3': 0, 'columna_1': 0, 'columna_2': 4, 'columna_3': 2}
[2026-04-26 15:12:55.555] [INFO    ] [bot.scanner] 🔥 Mega Roulette: Nuevos -> [6]
[2026-04-26 15:12:55.568] [DEBUG   ] [bot.scanner] TG check: Mega Roulette Delays={'docena_1': 0, 'docena_2': 8, 'docena_3': 1, 'columna_1': 1, 'columna_2': 2, 'columna_3': 0}
[2026-04-26 15:12:57.747] [INFO    ] [bot.scanner] 🔥 Roulette Macao: Nuevos -> [3]
[2026-04-26 15:12:57.764] [DEBUG   ] [bot.scanner] TG check: Roulette Macao Delays={'docena_1': 0, 'docena_2': 2, 'docena_3': 3, 'columna_1': 4, 'columna_2': 1, 'columna_3': 0}
[2026-04-26 15:13:00.518] [INFO    ] [bot.scanner] 🔥 Stake Roulette: Nuevos -> [34]
[2026-04-26 15:13:00.532] [DEBUG   ] [bot.scanner] TG check: Stake Roulette Delays={'docena_1': 2, 'docena_2': 1, 'docena_3': 0, 'columna_1': 0, 'columna_2': 1, 'columna_3': 3}
[2026-04-26 15:13:08.976] [INFO    ] [bot.scanner] 🔥 Brazilian Mega Roulette: Nuevos -> [16]
[2026-04-26 15:13:08.995] [DEBUG   ] [bot.scanner] TG check: Brazilian Mega Roulette Delays={'docena_1': 2, 'docena_2': 0, 'docena_3': 1, 'columna_1': 0, 'columna_2': 2, 'columna_3': 4}
[2026-04-26 15:13:13.973] [INFO    ] [bot.scanner] 🔥 Dutch Roulette: Nuevos -> [26]
[2026-04-26 15:13:13.994] [DEBUG   ] [bot.scanner] TG check: Dutch Roulette Delays={'docena_1': 2, 'docena_2': 9, 'docena_3': 0, 'columna_1': 3, 'columna_2': 0, 'columna_3': 1}
[2026-04-26 15:13:16.461] [INFO    ] [bot.scanner] 🔥 Brazilian Roulette: Nuevos -> [33]
[2026-04-26 15:13:16.475] [DEBUG   ] [bot.scanner] TG check: Brazilian Roulette Delays={'docena_1': 3, 'docena_2': 2, 'docena_3': 0, 'columna_1': 8, 'columna_2': 3, 'columna_3': 0}
[2026-04-26 15:13:17.018] [INFO    ] [bot.scanner] 🔥 Roulette 1: Nuevos -> [33]
[2026-04-26 15:13:17.039] [DEBUG   ] [bot.scanner] TG check: Roulette 1 Delays={'docena_1': 3, 'docena_2': 1, 'docena_3': 0, 'columna_1': 1, 'columna_2': 3, 'columna_3': 0}
[2026-04-26 15:13:17.573] [INFO    ] [bot.scanner] 🔥 Roulette 3: Nuevos -> [7]
[2026-04-26 15:13:17.584] [DEBUG   ] [bot.scanner] TG check: Roulette 3 Delays={'docena_1': 0, 'docena_2': 2, 'docena_3': 1, 'columna_1': 0, 'columna_2': 4, 'columna_3': 2}
[2026-04-26 15:13:19.782] [INFO    ] [bot.scanner] 🔥 Lucky 6 Roulette: Nuevos -> [36]
[2026-04-26 15:13:19.796] [DEBUG   ] [bot.scanner] TG check: Lucky 6 Roulette Delays={'docena_1': 7, 'docena_2': 1, 'docena_3': 0, 'columna_1': 1, 'columna_2': 3, 'columna_3': 0}
[2026-04-26 15:13:20.320] [INFO    ] [bot.scanner] 🔥 Auto Roulette: Nuevos -> [22]
[2026-04-26 15:13:20.335] [DEBUG   ] [bot.scanner] TG check: Auto Roulette Delays={'docena_1': 5, 'docena_2': 0, 'docena_3': 2, 'columna_1': 0, 'columna_2': 1, 'columna_3': 6}
[2026-04-26 15:13:21.945] [INFO    ] [bot.scanner] 🔥 German Roulette: Nuevos -> [10]
[2026-04-26 15:13:21.970] [DEBUG   ] [bot.scanner] TG check: German Roulette Delays={'docena_1': 0, 'docena_2': 1, 'docena_3': 6, 'columna_1': 0, 'columna_2': 3, 'columna_3': 1}
[2026-04-26 15:13:23.596] [INFO    ] [bot.scanner] 🔥 Russian Roulette: Nuevos -> [36]
[2026-04-26 15:13:23.612] [DEBUG   ] [bot.scanner] TG check: Russian Roulette Delays={'docena_1': 2, 'docena_2': 1, 'docena_3': 0, 'columna_1': 1, 'columna_2': 2, 'columna_3': 0}
[2026-04-26 15:13:24.966] [INFO    ] [bot.scanner] 💤 ALERTA ANTI-AFK: Entrando a mesa aleatoria...
[2026-04-26 15:13:24.988] [DEBUG   ] [bot.iframe]    ⏳ Esperando iframe principal (max 15s)...
[2026-04-26 15:13:25.049] [INFO    ] [bot.iframe]    ✅ Cambio a iframe #0 (class='game')
[2026-04-26 15:13:25.049] [DEBUG   ] [bot.iframe]    ⏳ Esperando iframe anidado o elementos del juego (max 15s)...
[2026-04-26 15:13:25.061] [INFO    ] [bot.iframe]    ✅ Elementos del juego encontrados en el iframe principal. No requiere anidado.
[2026-04-26 15:13:25.061] [INFO    ] [bot.scanner] 👉 Intento 1/3: Entrando a 'Auto Roulette' (ID: 5bzl2835s5ruvweg-225)...
[2026-04-26 15:13:25.204] [INFO    ] [bot.screenshot] 📸 Screenshot guardado: D:\GITHUBB\bot_stake\dist\data\logs\screenshots\015_2026-04-26_151325_AFK_00_click_mesa_intento1.png
[2026-04-26 15:13:25.221] [DEBUG   ] [bot.screenshot] 📄 HTML source guardado: D:\GITHUBB\bot_stake\dist\data\logs\screenshots\015_2026-04-26_151325_AFK_00_click_mesa_intento1.html
[2026-04-26 15:13:27.394] [INFO    ] [bot.scanner] ⏳ Mesa cliqueada. Esperando 5s...
[2026-04-26 15:13:32.756] [INFO    ] [bot.screenshot] 📸 Screenshot guardado: D:\GITHUBB\bot_stake\dist\data\logs\screenshots\016_2026-04-26_151332_AFK_01_despues_click_intento1.png
[2026-04-26 15:13:32.807] [DEBUG   ] [bot.screenshot] 📄 HTML source guardado: D:\GITHUBB\bot_stake\dist\data\logs\screenshots\016_2026-04-26_151332_AFK_01_despues_click_intento1.html
[2026-04-26 15:13:33.099] [INFO    ] [bot.scanner]    ✅ Mesa 'Auto Roulette' cargó correctamente. Actividad registrada.
[2026-04-26 15:13:33.100] [INFO    ] [bot.lobby] 🔄 Navegando al Lobby... (from_anti_afk=True)
[2026-04-26 15:13:33.100] [INFO    ] [bot.lobby]    ↩️ Usando browser.back() para volver al lobby...
[2026-04-26 15:13:33.410] [INFO    ] [bot.screenshot] 📸 Screenshot guardado: D:\GITHUBB\bot_stake\dist\data\logs\screenshots\017_2026-04-26_151333_AFK_01_antes_back.png
[2026-04-26 15:13:33.509] [DEBUG   ] [bot.screenshot] 📄 HTML source guardado: D:\GITHUBB\bot_stake\dist\data\logs\screenshots\017_2026-04-26_151333_AFK_01_antes_back.html
[2026-04-26 15:13:36.755] [INFO    ] [bot.screenshot] 📸 Screenshot guardado: D:\GITHUBB\bot_stake\dist\data\logs\screenshots\018_2026-04-26_151336_AFK_02_despues_back.png
[2026-04-26 15:13:36.829] [DEBUG   ] [bot.screenshot] 📄 HTML source guardado: D:\GITHUBB\bot_stake\dist\data\logs\screenshots\018_2026-04-26_151336_AFK_02_despues_back.html
[2026-04-26 15:13:36.835] [INFO    ] [bot.lobby]    📍 URL actual: https://stake.com.co/casino/juego/roulette-lobby-571
[2026-04-26 15:13:37.053] [INFO    ] [bot.screenshot] 📸 Screenshot guardado: D:\GITHUBB\bot_stake\dist\data\logs\screenshots\019_2026-04-26_151336_AFK_04_verificando_sesion.png
[2026-04-26 15:13:37.087] [DEBUG   ] [bot.screenshot] 📄 HTML source guardado: D:\GITHUBB\bot_stake\dist\data\logs\screenshots\019_2026-04-26_151336_AFK_04_verificando_sesion.html
[2026-04-26 15:13:37.136] [DEBUG   ] [bot.lobby] ✅ Sesión activa confirmada
[2026-04-26 15:13:37.136] [INFO    ] [bot.lobby]    ✅ Sesión sigue activa tras Anti-AFK
[2026-04-26 15:13:37.708] [INFO    ] [bot.lobby]    ✅ Sesión activa en modo real (no requirió botón 'Juego real')
[2026-04-26 15:13:37.711] [DEBUG   ] [bot.iframe]    ⏳ Esperando iframe principal (max 15s)...
[2026-04-26 15:13:37.753] [INFO    ] [bot.iframe]    ✅ Cambio a iframe #0 (class='game')
[2026-04-26 15:13:37.754] [DEBUG   ] [bot.iframe]    ⏳ Esperando iframe anidado o elementos del juego (max 15s)...
[2026-04-26 15:13:37.773] [INFO    ] [bot.iframe]    ✅ Elementos del juego encontrados en el iframe principal. No requiere anidado.
[2026-04-26 15:13:37.773] [INFO    ] [bot.lobby] ✅ Contexto cambiado al iframe del juego.
[2026-04-26 15:13:37.773] [INFO    ] [bot.lobby]    ⏳ Esperando a que el lobby termine de cargar...
[2026-04-26 15:13:40.802] [INFO    ] [bot.lobby]    ✅ Lobby cargado! 31 tiles encontrados (3s)
[2026-04-26 15:13:40.802] [INFO    ] [bot.iframe] 🛡️ Verificando modales bloquantes...
[2026-04-26 15:13:41.915] [INFO    ] [bot.scanner] 🔄 Re-escaneando IDs tras Anti-AFK...
[2026-04-26 15:13:41.916] [INFO    ] [bot.lobby] 🗺️  Escaneando IDs de mesas dinámicamente (modo robusto)...
[2026-04-26 15:13:41.918] [DEBUG   ] [bot.iframe]    ⏳ Esperando iframe principal (max 15s)...
[2026-04-26 15:13:41.966] [INFO    ] [bot.iframe]    ✅ Cambio a iframe #0 (class='game')
[2026-04-26 15:13:41.966] [DEBUG   ] [bot.iframe]    ⏳ Esperando iframe anidado o elementos del juego (max 15s)...
[2026-04-26 15:13:41.976] [INFO    ] [bot.iframe]    ✅ Elementos del juego encontrados en el iframe principal. No requiere anidado.
[2026-04-26 15:13:41.976] [DEBUG   ] [bot.lobby]    Bajando scroll en contenedor interno...
[2026-04-26 15:13:46.594] [INFO    ] [bot.lobby]    Encontrados 31 tiles totales. Escaneando uno por uno...
[2026-04-26 15:14:13.126] [INFO    ] [bot.lobby] 
   ID                             | TÍTULO
[2026-04-26 15:14:13.126] [INFO    ] [bot.lobby]    ------------------------------------------------------------
[2026-04-26 15:14:13.126] [INFO    ] [bot.lobby]    gatesofolympus01-2244          | Gates of Olympus Roulette
[2026-04-26 15:14:13.126] [INFO    ] [bot.lobby]    crystalroul00001-2501          | Crystal Roulette
[2026-04-26 15:14:13.126] [INFO    ] [bot.lobby]    rw321stakerws321-236           | Stake Roulette
[2026-04-26 15:14:13.126] [INFO    ] [bot.lobby]    roulerw234rwl292-234           | Ruleta Latina
[2026-04-26 15:14:13.127] [INFO    ] [bot.lobby]    1hl65ce1lxuqdrkr-204           | Mega Roulette
[2026-04-26 15:14:13.127] [INFO    ] [bot.lobby]    g03y1t9vvuhrfytl-227           | Roulette 1
[2026-04-26 15:14:13.127] [INFO    ] [bot.lobby]    yqpz3ichst2xg439-206           | Roulette Macao
[2026-04-26 15:14:13.127] [INFO    ] [bot.lobby]    powruprw1qm3xc25-240           | PowerUP Roulette
[2026-04-26 15:14:13.127] [INFO    ] [bot.lobby]    rwbrzportrwa16rg-237           | Brazilian Roulette
[2026-04-26 15:14:13.127] [INFO    ] [bot.lobby]    1hl323e1lxuqdrkr-210           | Auto Mega Roulette
[2026-04-26 15:14:13.127] [INFO    ] [bot.lobby]    chroma229rwltr22-230           | Roulette 3
[2026-04-26 15:14:13.127] [INFO    ] [bot.lobby]    fl9knouu0yjez2wi-203           | Speed Roulette 1
[2026-04-26 15:14:13.127] [INFO    ] [bot.lobby]    5kvxlw4c1qm3xcyn-201           | Roulette 2 Extra Time
[2026-04-26 15:14:13.127] [INFO    ] [bot.lobby]    megaroulette3k01-2901          | Mega Roulette 3000
[2026-04-26 15:14:13.127] [INFO    ] [bot.lobby]    5bzl2835s5ruvweg-225           | Auto Roulette
[2026-04-26 15:14:13.127] [INFO    ] [bot.lobby]    r20speedrtwo201s-205           | Speed Roulette 2
[2026-04-26 15:14:13.128] [INFO    ] [bot.lobby]    lucky6roulettea3-211a1         | Lucky 6 Roulette
[2026-04-26 15:14:13.128] [INFO    ] [bot.lobby]    geogamingh2rw545-545           | VIP Roulette
[2026-04-26 15:14:13.128] [INFO    ] [bot.lobby]    autorwra311autor-226           | Speed Auto Roulette
[2026-04-26 15:14:13.128] [INFO    ] [bot.lobby]    mrbras531mrbr532-287           | Brazilian Mega Roulette
[2026-04-26 15:14:13.128] [INFO    ] [bot.lobby]    ar25vipautorw251-266           | VIP Auto Roulette
[2026-04-26 15:14:13.128] [INFO    ] [bot.lobby]    privroulettegt01-28201         | Privé Lounge Roulette
[2026-04-26 15:14:13.128] [INFO    ] [bot.lobby]    privroudeluxgt01-28301         | Privé Lounge Roulette Deluxe
[2026-04-26 15:14:13.128] [INFO    ] [bot.lobby]    p8l1j84prrmxzyic-224           | Turkish Roulette
[2026-04-26 15:14:13.128] [INFO    ] [bot.lobby]    s2x6b4jdeqza2ge2-222           | German Roulette
[2026-04-26 15:14:13.128] [INFO    ] [bot.lobby]    t4jzencinod6iqwi-221           | Russian Roulette
[2026-04-26 15:14:13.128] [INFO    ] [bot.lobby]    v1c52fgw7yy02upz-223           | Roulette Italia Tricolore
[2026-04-26 15:14:13.128] [INFO    ] [bot.lobby]    romania233rwl291-233           | Romanian Roulette
[2026-04-26 15:14:13.128] [INFO    ] [bot.lobby]    megar0ul3tt3trk1-208           | Turkish Mega Roulette
[2026-04-26 15:14:13.129] [INFO    ] [bot.lobby]    greekchr11genric-297           | Greek Roulette
[2026-04-26 15:14:13.129] [INFO    ] [bot.lobby]    dutchrw235rwl293-235           | Dutch Roulette
[2026-04-26 15:14:13.129] [INFO    ] [bot.lobby]    ------------------------------------------------------------
[2026-04-26 15:14:13.129] [INFO    ] [bot.lobby]    ✅ Ruleta Latina: ID confirmado (roulerw234rwl292-234)
[2026-04-26 15:14:13.129] [INFO    ] [bot.lobby]    ✅ Mega Roulette: ID confirmado (1hl65ce1lxuqdrkr-204)
[2026-04-26 15:14:13.129] [INFO    ] [bot.lobby]    ✅ Brazilian Roulette: ID confirmado (rwbrzportrwa16rg-237)
[2026-04-26 15:14:13.129] [INFO    ] [bot.lobby]    ✅ Roulette 1: ID confirmado (g03y1t9vvuhrfytl-227)
[2026-04-26 15:14:13.129] [INFO    ] [bot.lobby]    ✅ Roulette 3: ID confirmado (chroma229rwltr22-230)
[2026-04-26 15:14:13.129] [INFO    ] [bot.lobby]    ✅ Roulette Macao: ID confirmado (yqpz3ichst2xg439-206)
[2026-04-26 15:14:13.129] [INFO    ] [bot.lobby]    ✅ Roulette 2 Extra Time: ID confirmado (5kvxlw4c1qm3xcyn-201)
[2026-04-26 15:14:13.129] [INFO    ] [bot.lobby]    ✅ Brazilian Mega Roulette: ID confirmado (mrbras531mrbr532-287)
[2026-04-26 15:14:13.130] [INFO    ] [bot.lobby]    ✅ Lucky 6 Roulette: ID confirmado (lucky6roulettea3-211a1)
[2026-04-26 15:14:13.130] [INFO    ] [bot.lobby]    ✅ Auto Roulette: ID confirmado (5bzl2835s5ruvweg-225)
[2026-04-26 15:14:13.130] [INFO    ] [bot.lobby]    ✅ Stake Roulette: ID confirmado (rw321stakerws321-236)
[2026-04-26 15:14:13.130] [INFO    ] [bot.lobby]    ✅ Turkish Roulette: ID confirmado (p8l1j84prrmxzyic-224)
[2026-04-26 15:14:13.130] [INFO    ] [bot.lobby]    ✅ German Roulette: ID confirmado (s2x6b4jdeqza2ge2-222)
[2026-04-26 15:14:13.130] [INFO    ] [bot.lobby]    ✅ Romanian Roulette: ID confirmado (romania233rwl291-233)
[2026-04-26 15:14:13.130] [INFO    ] [bot.lobby]    ✅ Roulette Italia Tricolore: ID confirmado (v1c52fgw7yy02upz-223)
[2026-04-26 15:14:13.130] [INFO    ] [bot.lobby]    ✅ Russian Roulette: ID confirmado (t4jzencinod6iqwi-221)
[2026-04-26 15:14:13.131] [INFO    ] [bot.lobby]    ✅ Dutch Roulette: ID confirmado (dutchrw235rwl293-235)
[2026-04-26 15:14:13.131] [INFO    ] [bot.lobby] 
✅ Mapeo completado. 17/17 mesas emparejadas.
[2026-04-26 15:14:14.005] [INFO    ] [bot.scanner] 🔥 Ruleta Latina: Nuevos -> [17, 30]
[2026-04-26 15:14:14.023] [DEBUG   ] [bot.scanner] TG check: Ruleta Latina Delays={'docena_1': 2, 'docena_2': 1, 'docena_3': 0, 'columna_1': 2, 'columna_2': 1, 'columna_3': 0}
[2026-04-26 15:14:14.551] [INFO    ] [bot.scanner] 🔥 Mega Roulette: Nuevos -> [31]
[2026-04-26 15:14:14.563] [DEBUG   ] [bot.scanner] TG check: Mega Roulette Delays={'docena_1': 1, 'docena_2': 9, 'docena_3': 0, 'columna_1': 0, 'columna_2': 3, 'columna_3': 1}
[2026-04-26 15:14:15.119] [INFO    ] [bot.scanner] 🔥 Brazilian Roulette: Nuevos -> [14]
[2026-04-26 15:14:15.133] [DEBUG   ] [bot.scanner] TG check: Brazilian Roulette Delays={'docena_1': 4, 'docena_2': 0, 'docena_3': 1, 'columna_1': 9, 'columna_2': 0, 'columna_3': 1}
[2026-04-26 15:14:15.680] [INFO    ] [bot.scanner] 🔥 Roulette 1: Nuevos -> [17]
[2026-04-26 15:14:15.704] [DEBUG   ] [bot.scanner] TG check: Roulette 1 Delays={'docena_1': 4, 'docena_2': 0, 'docena_3': 1, 'columna_1': 2, 'columna_2': 0, 'columna_3': 1}
[2026-04-26 15:14:16.240] [INFO    ] [bot.scanner] 🔥 Roulette 3: Nuevos -> [9]
[2026-04-26 15:14:16.257] [DEBUG   ] [bot.scanner] TG check: Roulette 3 Delays={'docena_1': 0, 'docena_2': 3, 'docena_3': 2, 'columna_1': 1, 'columna_2': 5, 'columna_3': 0}
[2026-04-26 15:14:16.815] [INFO    ] [bot.scanner] 🔥 Roulette Macao: Nuevos -> [29, 9]
[2026-04-26 15:14:16.849] [DEBUG   ] [bot.scanner] TG check: Roulette Macao Delays={'docena_1': 0, 'docena_2': 4, 'docena_3': 1, 'columna_1': 6, 'columna_2': 1, 'columna_3': 0}
[2026-04-26 15:14:17.386] [INFO    ] [bot.scanner] 🔥 Roulette 2 Extra Time: Nuevos -> [23, 20]
[2026-04-26 15:14:17.429] [DEBUG   ] [bot.scanner] TG check: Roulette 2 Extra Time Delays={'docena_1': 5, 'docena_2': 0, 'docena_3': 2, 'columna_1': 7, 'columna_2': 0, 'columna_3': 5}
[2026-04-26 15:14:18.003] [INFO    ] [bot.scanner] 🔥 Brazilian Mega Roulette: Nuevos -> [3]
[2026-04-26 15:14:18.018] [DEBUG   ] [bot.scanner] TG check: Brazilian Mega Roulette Delays={'docena_1': 0, 'docena_2': 1, 'docena_3': 2, 'columna_1': 1, 'columna_2': 3, 'columna_3': 0}
[2026-04-26 15:14:18.571] [INFO    ] [bot.scanner] 🔥 Lucky 6 Roulette: Nuevos -> [8]
[2026-04-26 15:14:18.588] [DEBUG   ] [bot.scanner] TG check: Lucky 6 Roulette Delays={'docena_1': 0, 'docena_2': 2, 'docena_3': 1, 'columna_1': 2, 'columna_2': 0, 'columna_3': 1}
[2026-04-26 15:14:19.130] [INFO    ] [bot.scanner] 🔥 Auto Roulette: Nuevos -> [35]
[2026-04-26 15:14:19.144] [DEBUG   ] [bot.scanner] TG check: Auto Roulette Delays={'docena_1': 6, 'docena_2': 1, 'docena_3': 0, 'columna_1': 1, 'columna_2': 0, 'columna_3': 7}
[2026-04-26 15:14:19.695] [INFO    ] [bot.scanner] 🔥 Stake Roulette: Nuevos -> [13, 32]
[2026-04-26 15:14:19.713] [DEBUG   ] [bot.scanner] TG check: Stake Roulette Delays={'docena_1': 4, 'docena_2': 1, 'docena_3': 0, 'columna_1': 1, 'columna_2': 0, 'columna_3': 5}
[2026-04-26 15:14:20.245] [INFO    ] [bot.scanner] 🔥 Turkish Roulette: Nuevos -> [19, 13]
[2026-04-26 15:14:20.280] [DEBUG   ] [bot.scanner] TG check: Turkish Roulette Delays={'docena_1': 2, 'docena_2': 0, 'docena_3': 7, 'columna_1': 0, 'columna_2': 6, 'columna_3': 3}
[2026-04-26 15:14:20.833] [INFO    ] [bot.scanner] 🔥 German Roulette: Nuevos -> [16]
[2026-04-26 15:14:20.850] [DEBUG   ] [bot.scanner] TG check: German Roulette Delays={'docena_1': 1, 'docena_2': 0, 'docena_3': 7, 'columna_1': 0, 'columna_2': 4, 'columna_3': 2}
[2026-04-26 15:14:21.402] [INFO    ] [bot.scanner] 🔥 Romanian Roulette: Nuevos -> [17, 12]
[2026-04-26 15:14:21.446] [DEBUG   ] [bot.scanner] TG check: Romanian Roulette Delays={'docena_1': 0, 'docena_2': 1, 'docena_3': 2, 'columna_1': 2, 'columna_2': 1, 'columna_3': 0}
[2026-04-26 15:14:21.995] [INFO    ] [bot.scanner] 🔥 Roulette Italia Tricolore: Nuevos -> [10, 28]
[2026-04-26 15:14:22.019] [DEBUG   ] [bot.scanner] TG check: Roulette Italia Tricolore Delays={'docena_1': 1, 'docena_2': 3, 'docena_3': 0, 'columna_1': 0, 'columna_2': 4, 'columna_3': 3}
[2026-04-26 15:14:22.548] [INFO    ] [bot.scanner] 🔥 Russian Roulette: Nuevos -> [34]
[2026-04-26 15:14:22.560] [DEBUG   ] [bot.scanner] TG check: Russian Roulette Delays={'docena_1': 3, 'docena_2': 2, 'docena_3': 0, 'columna_1': 0, 'columna_2': 3, 'columna_3': 1}
[2026-04-26 15:14:23.090] [INFO    ] [bot.scanner] 🔥 Dutch Roulette: Nuevos -> [22, 24]
[2026-04-26 15:14:23.117] [DEBUG   ] [bot.scanner] TG check: Dutch Roulette Delays={'docena_1': 4, 'docena_2': 0, 'docena_3': 2, 'columna_1': 1, 'columna_2': 2, 'columna_3': 0}
[2026-04-26 15:14:25.047] [INFO    ] [bot.scanner] 🔥 Mega Roulette: Nuevos -> [1]
[2026-04-26 15:14:25.057] [DEBUG   ] [bot.scanner] TG check: Mega Roulette Delays={'docena_1': 0, 'docena_2': 10, 'docena_3': 1, 'columna_1': 0, 'columna_2': 4, 'columna_3': 2}
[2026-04-26 15:14:26.714] [INFO    ] [bot.scanner] 🔥 Roulette 3: Nuevos -> [12]
[2026-04-26 15:14:26.727] [DEBUG   ] [bot.scanner] TG check: Roulette 3 Delays={'docena_1': 0, 'docena_2': 4, 'docena_3': 3, 'columna_1': 2, 'columna_2': 6, 'columna_3': 0}
[2026-04-26 15:14:28.361] [INFO    ] [bot.scanner] 🔥 Brazilian Mega Roulette: Nuevos -> [13]
[2026-04-26 15:14:28.377] [DEBUG   ] [bot.scanner] TG check: Brazilian Mega Roulette Delays={'docena_1': 1, 'docena_2': 0, 'docena_3': 3, 'columna_1': 0, 'columna_2': 4, 'columna_3': 1}
[2026-04-26 15:14:34.682] [INFO    ] [bot.scanner] 🔥 Ruleta Latina: Nuevos -> [4]
[2026-04-26 15:14:34.698] [DEBUG   ] [bot.scanner] TG check: Ruleta Latina Delays={'docena_1': 0, 'docena_2': 2, 'docena_3': 1, 'columna_1': 0, 'columna_2': 2, 'columna_3': 1}
[2026-04-26 15:14:35.760] [INFO    ] [bot.scanner] 🔥 Brazilian Roulette: Nuevos -> [14]
[2026-04-26 15:14:35.771] [DEBUG   ] [bot.scanner] TG check: Brazilian Roulette Delays={'docena_1': 5, 'docena_2': 0, 'docena_3': 2, 'columna_1': 10, 'columna_2': 0, 'columna_3': 2}
[2026-04-26 15:14:36.328] [INFO    ] [bot.scanner] 🔥 Roulette 1: Nuevos -> [14]
[2026-04-26 15:14:36.337] [DEBUG   ] [bot.scanner] TG check: Roulette 1 Delays={'docena_1': 5, 'docena_2': 0, 'docena_3': 2, 'columna_1': 3, 'columna_2': 0, 'columna_3': 2}
[2026-04-26 15:14:39.656] [INFO    ] [bot.scanner] 🔥 Auto Roulette: Nuevos -> [7]
[2026-04-26 15:14:39.671] [DEBUG   ] [bot.scanner] TG check: Auto Roulette Delays={'docena_1': 0, 'docena_2': 2, 'docena_3': 1, 'columna_1': 0, 'columna_2': 1, 'columna_3': 8}
[2026-04-26 15:14:41.854] [INFO    ] [bot.scanner] 🔥 Romanian Roulette: Nuevos -> [33]
[2026-04-26 15:14:41.873] [DEBUG   ] [bot.scanner] TG check: Romanian Roulette Delays={'docena_1': 1, 'docena_2': 2, 'docena_3': 0, 'columna_1': 3, 'columna_2': 2, 'columna_3': 0}
[2026-04-26 15:14:42.944] [INFO    ] [bot.scanner] 🔥 Russian Roulette: Nuevos -> [3]
[2026-04-26 15:14:42.960] [DEBUG   ] [bot.scanner] TG check: Russian Roulette Delays={'docena_1': 0, 'docena_2': 3, 'docena_3': 1, 'columna_1': 1, 'columna_2': 4, 'columna_3': 0}
[2026-04-26 15:14:47.549] [INFO    ] [bot.scanner] 🔥 Roulette Macao: Nuevos -> [8]
[2026-04-26 15:14:47.569] [DEBUG   ] [bot.scanner] TG check: Roulette Macao Delays={'docena_1': 0, 'docena_2': 5, 'docena_3': 2, 'columna_1': 7, 'columna_2': 0, 'columna_3': 1}
[2026-04-26 15:14:48.109] [INFO    ] [bot.scanner] 🔥 Roulette 2 Extra Time: Nuevos -> [1]
[2026-04-26 15:14:48.123] [DEBUG   ] [bot.scanner] TG check: Roulette 2 Extra Time Delays={'docena_1': 0, 'docena_2': 1, 'docena_3': 3, 'columna_1': 0, 'columna_2': 1, 'columna_3': 6}
[2026-04-26 15:14:49.177] [INFO    ] [bot.scanner] 🔥 Lucky 6 Roulette: Nuevos -> [27]
[2026-04-26 15:14:49.192] [DEBUG   ] [bot.scanner] TG check: Lucky 6 Roulette Delays={'docena_1': 1, 'docena_2': 3, 'docena_3': 0, 'columna_1': 3, 'columna_2': 1, 'columna_3': 0}
[2026-04-26 15:14:51.327] [INFO    ] [bot.scanner] 🔥 German Roulette: Nuevos -> [12]
[2026-04-26 15:14:51.344] [DEBUG   ] [bot.scanner] TG check: German Roulette Delays={'docena_1': 0, 'docena_2': 1, 'docena_3': 8, 'columna_1': 1, 'columna_2': 5, 'columna_3': 0}
[2026-04-26 15:15:00.268] [INFO    ] [bot.scanner] 🔥 Stake Roulette: Nuevos -> [19]
[2026-04-26 15:15:00.279] [DEBUG   ] [bot.scanner] TG check: Stake Roulette Delays={'docena_1': 5, 'docena_2': 0, 'docena_3': 1, 'columna_1': 0, 'columna_2': 1, 'columna_3': 6}
[2026-04-26 15:15:00.803] [INFO    ] [bot.scanner] 🔥 Turkish Roulette: Nuevos -> [0]
[2026-04-26 15:15:00.812] [DEBUG   ] [bot.scanner] TG check: Turkish Roulette Delays={'docena_1': 3, 'docena_2': 1, 'docena_3': 8, 'columna_1': 1, 'columna_2': 7, 'columna_3': 4}
[2026-04-26 15:15:02.446] [INFO    ] [bot.scanner] 🔥 Roulette Italia Tricolore: Nuevos -> [27]
[2026-04-26 15:15:02.468] [DEBUG   ] [bot.scanner] TG check: Roulette Italia Tricolore Delays={'docena_1': 2, 'docena_2': 4, 'docena_3': 0, 'columna_1': 1, 'columna_2': 5, 'columna_3': 0}
[2026-04-26 15:15:03.575] [INFO    ] [bot.scanner] 🔥 Dutch Roulette: Nuevos -> [26]
[2026-04-26 15:15:03.589] [DEBUG   ] [bot.scanner] TG check: Dutch Roulette Delays={'docena_1': 5, 'docena_2': 1, 'docena_3': 0, 'columna_1': 2, 'columna_2': 0, 'columna_3': 1}
[2026-04-26 15:15:06.009] [INFO    ] [bot.scanner] 🔥 Brazilian Roulette: Nuevos -> [0]
[2026-04-26 15:15:06.027] [DEBUG   ] [bot.scanner] TG check: Brazilian Roulette Delays={'docena_1': 6, 'docena_2': 1, 'docena_3': 3, 'columna_1': 11, 'columna_2': 1, 'columna_3': 3}
[2026-04-26 15:15:07.094] [INFO    ] [bot.scanner] 🔥 Roulette 3: Nuevos -> [12]
[2026-04-26 15:15:07.108] [DEBUG   ] [bot.scanner] TG check: Roulette 3 Delays={'docena_1': 0, 'docena_2': 5, 'docena_3': 4, 'columna_1': 3, 'columna_2': 7, 'columna_3': 0}
[2026-04-26 15:15:08.701] [INFO    ] [bot.scanner] 🔥 Brazilian Mega Roulette: Nuevos -> [30]
[2026-04-26 15:15:08.716] [DEBUG   ] [bot.scanner] TG check: Brazilian Mega Roulette Delays={'docena_1': 2, 'docena_2': 1, 'docena_3': 0, 'columna_1': 1, 'columna_2': 5, 'columna_3': 0}
[2026-04-26 15:15:09.781] [INFO    ] [bot.scanner] 🔥 Auto Roulette: Nuevos -> [22]
[2026-04-26 15:15:09.793] [DEBUG   ] [bot.scanner] TG check: Auto Roulette Delays={'docena_1': 1, 'docena_2': 0, 'docena_3': 2, 'columna_1': 0, 'columna_2': 2, 'columna_3': 9}
[2026-04-26 15:15:12.988] [INFO    ] [bot.scanner] 🔥 Russian Roulette: Nuevos -> [28]
[2026-04-26 15:15:12.998] [DEBUG   ] [bot.scanner] TG check: Russian Roulette Delays={'docena_1': 1, 'docena_2': 4, 'docena_3': 0, 'columna_1': 0, 'columna_2': 5, 'columna_3': 1}
[2026-04-26 15:15:14.880] [INFO    ] [bot.scanner] 🔥 Ruleta Latina: Nuevos -> [32]
[2026-04-26 15:15:14.891] [DEBUG   ] [bot.scanner] TG check: Ruleta Latina Delays={'docena_1': 1, 'docena_2': 3, 'docena_3': 0, 'columna_1': 1, 'columna_2': 0, 'columna_3': 2}
[2026-04-26 15:15:15.413] [INFO    ] [bot.scanner] 🔥 Mega Roulette: Nuevos -> [15]
[2026-04-26 15:15:15.424] [DEBUG   ] [bot.scanner] TG check: Mega Roulette Delays={'docena_1': 1, 'docena_2': 0, 'docena_3': 2, 'columna_1': 1, 'columna_2': 5, 'columna_3': 0}
[2026-04-26 15:15:16.479] [INFO    ] [bot.scanner] 🔥 Roulette 1: Nuevos -> [9]
[2026-04-26 15:15:16.493] [DEBUG   ] [bot.scanner] TG check: Roulette 1 Delays={'docena_1': 0, 'docena_2': 1, 'docena_3': 3, 'columna_1': 4, 'columna_2': 1, 'columna_3': 0}
[2026-04-26 15:15:17.564] [INFO    ] [bot.scanner] 🔥 Roulette Macao: Nuevos -> [18]
[2026-04-26 15:15:17.579] [DEBUG   ] [bot.scanner] TG check: Roulette Macao Delays={'docena_1': 1, 'docena_2': 0, 'docena_3': 3, 'columna_1': 8, 'columna_2': 1, 'columna_3': 0}
[2026-04-26 15:15:21.882] [INFO    ] [bot.scanner] 🔥 Romanian Roulette: Nuevos -> [21]
[2026-04-26 15:15:21.897] [DEBUG   ] [bot.scanner] TG check: Romanian Roulette Delays={'docena_1': 2, 'docena_2': 0, 'docena_3': 1, 'columna_1': 4, 'columna_2': 3, 'columna_3': 0}
[2026-04-26 15:15:24.413] [DEBUG   ] [bot.scanner] Error escaneando tile 'Ruleta Latina': Message: no such element: Unable to locate element: {"method":"css selector","selector":"[id="roulerw234rwl292-234"]"}
  (Session info: chrome=147.0.7727.103); For documentation on this error, please visit: https://www.selenium.dev/documentation/webdriver/troubleshooting/errors#nosuchelementexception
Stacktrace:
	undetected_chromedriver!GetHandleVerifier [0xbcb373+10553]
	undetected_chromedriver!GetHandleVerifier [0xbcb4a4+10684]
	undetected_chromedriver!(No symbol) [0x9d1e10]
	undetected_chromedriver!(No symbol) [0xa1a9da]
	undetected_chromedriver!(No symbol) [0xa1ac7b]
	undetected_chromedriver!(No symbol) [0xa5d162]
	undetected_chromedriver!(No symbol) [0xa3d8b4]
	undetected_chromedriver!(No symbol) [0xa5aa36]
	undetected_chromedriver!(No symbol) [0xa3d606]
	undetected_chromedriver!(No symbol) [0xa10039]
	undetected_chromedriver!(No symbol) [0xa10df4]
	undetected_chromedriver!GetHandleVerifier [0xe4ddb4+292f94]
	undetected_chromedriver!GetHandleVerifier [0xe4937d+28e55d]
	undetected_chromedriver!GetHandleVerifier [0xe68215+2ad3f5]
	undetected_chromedriver!GetHandleVerifier [0xbe4c18+29df8]
	undetected_chromedriver!GetHandleVerifier [0xbec6fd+318dd]
	undetected_chromedriver!GetHandleVerifier [0xbd3c78+18e58]
	undetected_chromedriver!GetHandleVerifier [0xbd3e42+19022]
	undetected_chromedriver!GetHandleVerifier [0xbbd45f+263f]
	KERNEL32!BaseThreadInitThunk [0x74b35d49+19]
	ntdll!RtlInitializeExceptionChain [0x7722d83b+6b]
	ntdll!RtlGetAppContainerNamedObjectPath [0x7722d7c1+231]

[2026-04-26 15:15:24.464] [DEBUG   ] [bot.scanner] Error escaneando tile 'Mega Roulette': Message: no such element: Unable to locate element: {"method":"css selector","selector":"[id="1hl65ce1lxuqdrkr-204"]"}
  (Session info: chrome=147.0.7727.103); For documentation on this error, please visit: https://www.selenium.dev/documentation/webdriver/troubleshooting/errors#nosuchelementexception
Stacktrace:
	undetected_chromedriver!GetHandleVerifier [0xbcb373+10553]
	undetected_chromedriver!GetHandleVerifier [0xbcb4a4+10684]
	undetected_chromedriver!(No symbol) [0x9d1e10]
	undetected_chromedriver!(No symbol) [0xa1a9da]
	undetected_chromedriver!(No symbol) [0xa1ac7b]
	undetected_chromedriver!(No symbol) [0xa5d162]
	undetected_chromedriver!(No symbol) [0xa3d8b4]
	undetected_chromedriver!(No symbol) [0xa5aa36]
	undetected_chromedriver!(No symbol) [0xa3d606]
	undetected_chromedriver!(No symbol) [0xa10039]
	undetected_chromedriver!(No symbol) [0xa10df4]
	undetected_chromedriver!GetHandleVerifier [0xe4ddb4+292f94]
	undetected_chromedriver!GetHandleVerifier [0xe4937d+28e55d]
	undetected_chromedriver!GetHandleVerifier [0xe68215+2ad3f5]
	undetected_chromedriver!GetHandleVerifier [0xbe4c18+29df8]
	undetected_chromedriver!GetHandleVerifier [0xbec6fd+318dd]
	undetected_chromedriver!GetHandleVerifier [0xbd3c78+18e58]
	undetected_chromedriver!GetHandleVerifier [0xbd3e42+19022]
	undetected_chromedriver!GetHandleVerifier [0xbbd45f+263f]
	KERNEL32!BaseThreadInitThunk [0x74b35d49+19]
	ntdll!RtlInitializeExceptionChain [0x7722d83b+6b]
	ntdll!RtlGetAppContainerNamedObjectPath [0x7722d7c1+231]

[2026-04-26 15:15:24.481] [DEBUG   ] [bot.scanner] Error escaneando tile 'Brazilian Roulette': Message: no such element: Unable to locate element: {"method":"css selector","selector":"[id="rwbrzportrwa16rg-237"]"}
  (Session info: chrome=147.0.7727.103); For documentation on this error, please visit: https://www.selenium.dev/documentation/webdriver/troubleshooting/errors#nosuchelementexception
Stacktrace:
	undetected_chromedriver!GetHandleVerifier [0xbcb373+10553]
	undetected_chromedriver!GetHandleVerifier [0xbcb4a4+10684]
	undetected_chromedriver!(No symbol) [0x9d1e10]
	undetected_chromedriver!(No symbol) [0xa1a9da]
	undetected_chromedriver!(No symbol) [0xa1ac7b]
	undetected_chromedriver!(No symbol) [0xa5d162]
	undetected_chromedriver!(No symbol) [0xa3d8b4]
	undetected_chromedriver!(No symbol) [0xa5aa36]
	undetected_chromedriver!(No symbol) [0xa3d606]
	undetected_chromedriver!(No symbol) [0xa10039]
	undetected_chromedriver!(No symbol) [0xa10df4]
	undetected_chromedriver!GetHandleVerifier [0xe4ddb4+292f94]
	undetected_chromedriver!GetHandleVerifier [0xe4937d+28e55d]
	undetected_chromedriver!GetHandleVerifier [0xe68215+2ad3f5]
	undetected_chromedriver!GetHandleVerifier [0xbe4c18+29df8]
	undetected_chromedriver!GetHandleVerifier [0xbec6fd+318dd]
	undetected_chromedriver!GetHandleVerifier [0xbd3c78+18e58]
	undetected_chromedriver!GetHandleVerifier [0xbd3e42+19022]
	undetected_chromedriver!GetHandleVerifier [0xbbd45f+263f]
	KERNEL32!BaseThreadInitThunk [0x74b35d49+19]
	ntdll!RtlInitializeExceptionChain [0x7722d83b+6b]
	ntdll!RtlGetAppContainerNamedObjectPath [0x7722d7c1+231]

[2026-04-26 15:15:24.484] [DEBUG   ] [bot.scanner] Error escaneando tile 'Roulette 1': Message: no such element: Unable to locate element: {"method":"css selector","selector":"[id="g03y1t9vvuhrfytl-227"]"}
  (Session info: chrome=147.0.7727.103); For documentation on this error, please visit: https://www.selenium.dev/documentation/webdriver/troubleshooting/errors#nosuchelementexception
Stacktrace:
	undetected_chromedriver!GetHandleVerifier [0xbcb373+10553]
	undetected_chromedriver!GetHandleVerifier [0xbcb4a4+10684]
	undetected_chromedriver!(No symbol) [0x9d1e10]
	undetected_chromedriver!(No symbol) [0xa1a9da]
	undetected_chromedriver!(No symbol) [0xa1ac7b]
	undetected_chromedriver!(No symbol) [0xa5d162]
	undetected_chromedriver!(No symbol) [0xa3d8b4]
	undetected_chromedriver!(No symbol) [0xa5aa36]
	undetected_chromedriver!(No symbol) [0xa3d606]
	undetected_chromedriver!(No symbol) [0xa10039]
	undetected_chromedriver!(No symbol) [0xa10df4]
	undetected_chromedriver!GetHandleVerifier [0xe4ddb4+292f94]
	undetected_chromedriver!GetHandleVerifier [0xe4937d+28e55d]
	undetected_chromedriver!GetHandleVerifier [0xe68215+2ad3f5]
	undetected_chromedriver!GetHandleVerifier [0xbe4c18+29df8]
	undetected_chromedriver!GetHandleVerifier [0xbec6fd+318dd]
	undetected_chromedriver!GetHandleVerifier [0xbd3c78+18e58]
	undetected_chromedriver!GetHandleVerifier [0xbd3e42+19022]
	undetected_chromedriver!GetHandleVerifier [0xbbd45f+263f]
	KERNEL32!BaseThreadInitThunk [0x74b35d49+19]
	ntdll!RtlInitializeExceptionChain [0x7722d83b+6b]
	ntdll!RtlGetAppContainerNamedObjectPath [0x7722d7c1+231]

[2026-04-26 15:15:24.487] [DEBUG   ] [bot.scanner] Error escaneando tile 'Roulette 3': Message: no such element: Unable to locate element: {"method":"css selector","selector":"[id="chroma229rwltr22-230"]"}
  (Session info: chrome=147.0.7727.103); For documentation on this error, please visit: https://www.selenium.dev/documentation/webdriver/troubleshooting/errors#nosuchelementexception
Stacktrace:
	undetected_chromedriver!GetHandleVerifier [0xbcb373+10553]
	undetected_chromedriver!GetHandleVerifier [0xbcb4a4+10684]
	undetected_chromedriver!(No symbol) [0x9d1e10]
	undetected_chromedriver!(No symbol) [0xa1a9da]
	undetected_chromedriver!(No symbol) [0xa1ac7b]
	undetected_chromedriver!(No symbol) [0xa5d162]
	undetected_chromedriver!(No symbol) [0xa3d8b4]
	undetected_chromedriver!(No symbol) [0xa5aa36]
	undetected_chromedriver!(No symbol) [0xa3d606]
	undetected_chromedriver!(No symbol) [0xa10039]
	undetected_chromedriver!(No symbol) [0xa10df4]
	undetected_chromedriver!GetHandleVerifier [0xe4ddb4+292f94]
	undetected_chromedriver!GetHandleVerifier [0xe4937d+28e55d]
	undetected_chromedriver!GetHandleVerifier [0xe68215+2ad3f5]
	undetected_chromedriver!GetHandleVerifier [0xbe4c18+29df8]
	undetected_chromedriver!GetHandleVerifier [0xbec6fd+318dd]
	undetected_chromedriver!GetHandleVerifier [0xbd3c78+18e58]
	undetected_chromedriver!GetHandleVerifier [0xbd3e42+19022]
	undetected_chromedriver!GetHandleVerifier [0xbbd45f+263f]
	KERNEL32!BaseThreadInitThunk [0x74b35d49+19]
	ntdll!RtlInitializeExceptionChain [0x7722d83b+6b]
	ntdll!RtlGetAppContainerNamedObjectPath [0x7722d7c1+231]

[2026-04-26 15:15:24.493] [DEBUG   ] [bot.scanner] Error escaneando tile 'Roulette Macao': Message: no such element: Unable to locate element: {"method":"css selector","selector":"[id="yqpz3ichst2xg439-206"]"}
  (Session info: chrome=147.0.7727.103); For documentation on this error, please visit: https://www.selenium.dev/documentation/webdriver/troubleshooting/errors#nosuchelementexception
Stacktrace:
	undetected_chromedriver!GetHandleVerifier [0xbcb373+10553]
	undetected_chromedriver!GetHandleVerifier [0xbcb4a4+10684]
	undetected_chromedriver!(No symbol) [0x9d1e10]
	undetected_chromedriver!(No symbol) [0xa1a9da]
	undetected_chromedriver!(No symbol) [0xa1ac7b]
	undetected_chromedriver!(No symbol) [0xa5d162]
	undetected_chromedriver!(No symbol) [0xa3d8b4]
	undetected_chromedriver!(No symbol) [0xa5aa36]
	undetected_chromedriver!(No symbol) [0xa3d606]
	undetected_chromedriver!(No symbol) [0xa10039]
	undetected_chromedriver!(No symbol) [0xa10df4]
	undetected_chromedriver!GetHandleVerifier [0xe4ddb4+292f94]
	undetected_chromedriver!GetHandleVerifier [0xe4937d+28e55d]
	undetected_chromedriver!GetHandleVerifier [0xe68215+2ad3f5]
	undetected_chromedriver!GetHandleVerifier [0xbe4c18+29df8]
	undetected_chromedriver!GetHandleVerifier [0xbec6fd+318dd]
	undetected_chromedriver!GetHandleVerifier [0xbd3c78+18e58]
	undetected_chromedriver!GetHandleVerifier [0xbd3e42+19022]
	undetected_chromedriver!GetHandleVerifier [0xbbd45f+263f]
	KERNEL32!BaseThreadInitThunk [0x74b35d49+19]
	ntdll!RtlInitializeExceptionChain [0x7722d83b+6b]
	ntdll!RtlGetAppContainerNamedObjectPath [0x7722d7c1+231]

[2026-04-26 15:15:24.495] [DEBUG   ] [bot.scanner] Error escaneando tile 'Roulette 2 Extra Time': Message: no such element: Unable to locate element: {"method":"css selector","selector":"[id="5kvxlw4c1qm3xcyn-201"]"}
  (Session info: chrome=147.0.7727.103); For documentation on this error, please visit: https://www.selenium.dev/documentation/webdriver/troubleshooting/errors#nosuchelementexception
Stacktrace:
	undetected_chromedriver!GetHandleVerifier [0xbcb373+10553]
	undetected_chromedriver!GetHandleVerifier [0xbcb4a4+10684]
	undetected_chromedriver!(No symbol) [0x9d1e10]
	undetected_chromedriver!(No symbol) [0xa1a9da]
	undetected_chromedriver!(No symbol) [0xa1ac7b]
	undetected_chromedriver!(No symbol) [0xa5d162]
	undetected_chromedriver!(No symbol) [0xa3d8b4]
	undetected_chromedriver!(No symbol) [0xa5aa36]
	undetected_chromedriver!(No symbol) [0xa3d606]
	undetected_chromedriver!(No symbol) [0xa10039]
	undetected_chromedriver!(No symbol) [0xa10df4]
	undetected_chromedriver!GetHandleVerifier [0xe4ddb4+292f94]
	undetected_chromedriver!GetHandleVerifier [0xe4937d+28e55d]
	undetected_chromedriver!GetHandleVerifier [0xe68215+2ad3f5]
	undetected_chromedriver!GetHandleVerifier [0xbe4c18+29df8]
	undetected_chromedriver!GetHandleVerifier [0xbec6fd+318dd]
	undetected_chromedriver!GetHandleVerifier [0xbd3c78+18e58]
	undetected_chromedriver!GetHandleVerifier [0xbd3e42+19022]
	undetected_chromedriver!GetHandleVerifier [0xbbd45f+263f]
	KERNEL32!BaseThreadInitThunk [0x74b35d49+19]
	ntdll!RtlInitializeExceptionChain [0x7722d83b+6b]
	ntdll!RtlGetAppContainerNamedObjectPath [0x7722d7c1+231]

[2026-04-26 15:15:24.498] [DEBUG   ] [bot.scanner] Error escaneando tile 'Brazilian Mega Roulette': Message: no such element: Unable to locate element: {"method":"css selector","selector":"[id="mrbras531mrbr532-287"]"}
  (Session info: chrome=147.0.7727.103); For documentation on this error, please visit: https://www.selenium.dev/documentation/webdriver/troubleshooting/errors#nosuchelementexception
Stacktrace:
	undetected_chromedriver!GetHandleVerifier [0xbcb373+10553]
	undetected_chromedriver!GetHandleVerifier [0xbcb4a4+10684]
	undetected_chromedriver!(No symbol) [0x9d1e10]
	undetected_chromedriver!(No symbol) [0xa1a9da]
	undetected_chromedriver!(No symbol) [0xa1ac7b]
	undetected_chromedriver!(No symbol) [0xa5d162]
	undetected_chromedriver!(No symbol) [0xa3d8b4]
	undetected_chromedriver!(No symbol) [0xa5aa36]
	undetected_chromedriver!(No symbol) [0xa3d606]
	undetected_chromedriver!(No symbol) [0xa10039]
	undetected_chromedriver!(No symbol) [0xa10df4]
	undetected_chromedriver!GetHandleVerifier [0xe4ddb4+292f94]
	undetected_chromedriver!GetHandleVerifier [0xe4937d+28e55d]
	undetected_chromedriver!GetHandleVerifier [0xe68215+2ad3f5]
	undetected_chromedriver!GetHandleVerifier [0xbe4c18+29df8]
	undetected_chromedriver!GetHandleVerifier [0xbec6fd+318dd]
	undetected_chromedriver!GetHandleVerifier [0xbd3c78+18e58]
	undetected_chromedriver!GetHandleVerifier [0xbd3e42+19022]
	undetected_chromedriver!GetHandleVerifier [0xbbd45f+263f]
	KERNEL32!BaseThreadInitThunk [0x74b35d49+19]
	ntdll!RtlInitializeExceptionChain [0x7722d83b+6b]
	ntdll!RtlGetAppContainerNamedObjectPath [0x7722d7c1+231]

[2026-04-26 15:15:24.501] [DEBUG   ] [bot.scanner] Error escaneando tile 'Lucky 6 Roulette': Message: no such element: Unable to locate element: {"method":"css selector","selector":"[id="lucky6roulettea3-211a1"]"}
  (Session info: chrome=147.0.7727.103); For documentation on this error, please visit: https://www.selenium.dev/documentation/webdriver/troubleshooting/errors#nosuchelementexception
Stacktrace:
	undetected_chromedriver!GetHandleVerifier [0xbcb373+10553]
	undetected_chromedriver!GetHandleVerifier [0xbcb4a4+10684]
	undetected_chromedriver!(No symbol) [0x9d1e10]
	undetected_chromedriver!(No symbol) [0xa1a9da]
	undetected_chromedriver!(No symbol) [0xa1ac7b]
	undetected_chromedriver!(No symbol) [0xa5d162]
	undetected_chromedriver!(No symbol) [0xa3d8b4]
	undetected_chromedriver!(No symbol) [0xa5aa36]
	undetected_chromedriver!(No symbol) [0xa3d606]
	undetected_chromedriver!(No symbol) [0xa10039]
	undetected_chromedriver!(No symbol) [0xa10df4]
	undetected_chromedriver!GetHandleVerifier [0xe4ddb4+292f94]
	undetected_chromedriver!GetHandleVerifier [0xe4937d+28e55d]
	undetected_chromedriver!GetHandleVerifier [0xe68215+2ad3f5]
	undetected_chromedriver!GetHandleVerifier [0xbe4c18+29df8]
	undetected_chromedriver!GetHandleVerifier [0xbec6fd+318dd]
	undetected_chromedriver!GetHandleVerifier [0xbd3c78+18e58]
	undetected_chromedriver!GetHandleVerifier [0xbd3e42+19022]
	undetected_chromedriver!GetHandleVerifier [0xbbd45f+263f]
	KERNEL32!BaseThreadInitThunk [0x74b35d49+19]
	ntdll!RtlInitializeExceptionChain [0x7722d83b+6b]
	ntdll!RtlGetAppContainerNamedObjectPath [0x7722d7c1+231]

[2026-04-26 15:15:24.503] [DEBUG   ] [bot.scanner] Error escaneando tile 'Auto Roulette': Message: no such element: Unable to locate element: {"method":"css selector","selector":"[id="5bzl2835s5ruvweg-225"]"}
  (Session info: chrome=147.0.7727.103); For documentation on this error, please visit: https://www.selenium.dev/documentation/webdriver/troubleshooting/errors#nosuchelementexception
Stacktrace:
	undetected_chromedriver!GetHandleVerifier [0xbcb373+10553]
	undetected_chromedriver!GetHandleVerifier [0xbcb4a4+10684]
	undetected_chromedriver!(No symbol) [0x9d1e10]
	undetected_chromedriver!(No symbol) [0xa1a9da]
	undetected_chromedriver!(No symbol) [0xa1ac7b]
	undetected_chromedriver!(No symbol) [0xa5d162]
	undetected_chromedriver!(No symbol) [0xa3d8b4]
	undetected_chromedriver!(No symbol) [0xa5aa36]
	undetected_chromedriver!(No symbol) [0xa3d606]
	undetected_chromedriver!(No symbol) [0xa10039]
	undetected_chromedriver!(No symbol) [0xa10df4]
	undetected_chromedriver!GetHandleVerifier [0xe4ddb4+292f94]
	undetected_chromedriver!GetHandleVerifier [0xe4937d+28e55d]
	undetected_chromedriver!GetHandleVerifier [0xe68215+2ad3f5]
	undetected_chromedriver!GetHandleVerifier [0xbe4c18+29df8]
	undetected_chromedriver!GetHandleVerifier [0xbec6fd+318dd]
	undetected_chromedriver!GetHandleVerifier [0xbd3c78+18e58]
	undetected_chromedriver!GetHandleVerifier [0xbd3e42+19022]
	undetected_chromedriver!GetHandleVerifier [0xbbd45f+263f]
	KERNEL32!BaseThreadInitThunk [0x74b35d49+19]
	ntdll!RtlInitializeExceptionChain [0x7722d83b+6b]
	ntdll!RtlGetAppContainerNamedObjectPath [0x7722d7c1+231]

[2026-04-26 15:15:24.509] [DEBUG   ] [bot.scanner] Error escaneando tile 'Stake Roulette': Message: no such element: Unable to locate element: {"method":"css selector","selector":"[id="rw321stakerws321-236"]"}
  (Session info: chrome=147.0.7727.103); For documentation on this error, please visit: https://www.selenium.dev/documentation/webdriver/troubleshooting/errors#nosuchelementexception
Stacktrace:
	undetected_chromedriver!GetHandleVerifier [0xbcb373+10553]
	undetected_chromedriver!GetHandleVerifier [0xbcb4a4+10684]
	undetected_chromedriver!(No symbol) [0x9d1e10]
	undetected_chromedriver!(No symbol) [0xa1a9da]
	undetected_chromedriver!(No symbol) [0xa1ac7b]
	undetected_chromedriver!(No symbol) [0xa5d162]
	undetected_chromedriver!(No symbol) [0xa3d8b4]
	undetected_chromedriver!(No symbol) [0xa5aa36]
	undetected_chromedriver!(No symbol) [0xa3d606]
	undetected_chromedriver!(No symbol) [0xa10039]
	undetected_chromedriver!(No symbol) [0xa10df4]
	undetected_chromedriver!GetHandleVerifier [0xe4ddb4+292f94]
	undetected_chromedriver!GetHandleVerifier [0xe4937d+28e55d]
	undetected_chromedriver!GetHandleVerifier [0xe68215+2ad3f5]
	undetected_chromedriver!GetHandleVerifier [0xbe4c18+29df8]
	undetected_chromedriver!GetHandleVerifier [0xbec6fd+318dd]
	undetected_chromedriver!GetHandleVerifier [0xbd3c78+18e58]
	undetected_chromedriver!GetHandleVerifier [0xbd3e42+19022]
	undetected_chromedriver!GetHandleVerifier [0xbbd45f+263f]
	KERNEL32!BaseThreadInitThunk [0x74b35d49+19]
	ntdll!RtlInitializeExceptionChain [0x7722d83b+6b]
	ntdll!RtlGetAppContainerNamedObjectPath [0x7722d7c1+231]

[2026-04-26 15:15:24.512] [DEBUG   ] [bot.scanner] Error escaneando tile 'Turkish Roulette': Message: no such element: Unable to locate element: {"method":"css selector","selector":"[id="p8l1j84prrmxzyic-224"]"}
  (Session info: chrome=147.0.7727.103); For documentation on this error, please visit: https://www.selenium.dev/documentation/webdriver/troubleshooting/errors#nosuchelementexception
Stacktrace:
	undetected_chromedriver!GetHandleVerifier [0xbcb373+10553]
	undetected_chromedriver!GetHandleVerifier [0xbcb4a4+10684]
	undetected_chromedriver!(No symbol) [0x9d1e10]
	undetected_chromedriver!(No symbol) [0xa1a9da]
	undetected_chromedriver!(No symbol) [0xa1ac7b]
	undetected_chromedriver!(No symbol) [0xa5d162]
	undetected_chromedriver!(No symbol) [0xa3d8b4]
	undetected_chromedriver!(No symbol) [0xa5aa36]
	undetected_chromedriver!(No symbol) [0xa3d606]
	undetected_chromedriver!(No symbol) [0xa10039]
	undetected_chromedriver!(No symbol) [0xa10df4]
	undetected_chromedriver!GetHandleVerifier [0xe4ddb4+292f94]
	undetected_chromedriver!GetHandleVerifier [0xe4937d+28e55d]
	undetected_chromedriver!GetHandleVerifier [0xe68215+2ad3f5]
	undetected_chromedriver!GetHandleVerifier [0xbe4c18+29df8]
	undetected_chromedriver!GetHandleVerifier [0xbec6fd+318dd]
	undetected_chromedriver!GetHandleVerifier [0xbd3c78+18e58]
	undetected_chromedriver!GetHandleVerifier [0xbd3e42+19022]
	undetected_chromedriver!GetHandleVerifier [0xbbd45f+263f]
	KERNEL32!BaseThreadInitThunk [0x74b35d49+19]
	ntdll!RtlInitializeExceptionChain [0x7722d83b+6b]
	ntdll!RtlGetAppContainerNamedObjectPath [0x7722d7c1+231]

[2026-04-26 15:15:24.515] [DEBUG   ] [bot.scanner] Error escaneando tile 'German Roulette': Message: no such element: Unable to locate element: {"method":"css selector","selector":"[id="s2x6b4jdeqza2ge2-222"]"}
  (Session info: chrome=147.0.7727.103); For documentation on this error, please visit: https://www.selenium.dev/documentation/webdriver/troubleshooting/errors#nosuchelementexception
Stacktrace:
	undetected_chromedriver!GetHandleVerifier [0xbcb373+10553]
	undetected_chromedriver!GetHandleVerifier [0xbcb4a4+10684]
	undetected_chromedriver!(No symbol) [0x9d1e10]
	undetected_chromedriver!(No symbol) [0xa1a9da]
	undetected_chromedriver!(No symbol) [0xa1ac7b]
	undetected_chromedriver!(No symbol) [0xa5d162]
	undetected_chromedriver!(No symbol) [0xa3d8b4]
	undetected_chromedriver!(No symbol) [0xa5aa36]
	undetected_chromedriver!(No symbol) [0xa3d606]
	undetected_chromedriver!(No symbol) [0xa10039]
	undetected_chromedriver!(No symbol) [0xa10df4]
	undetected_chromedriver!GetHandleVerifier [0xe4ddb4+292f94]
	undetected_chromedriver!GetHandleVerifier [0xe4937d+28e55d]
	undetected_chromedriver!GetHandleVerifier [0xe68215+2ad3f5]
	undetected_chromedriver!GetHandleVerifier [0xbe4c18+29df8]
	undetected_chromedriver!GetHandleVerifier [0xbec6fd+318dd]
	undetected_chromedriver!GetHandleVerifier [0xbd3c78+18e58]
	undetected_chromedriver!GetHandleVerifier [0xbd3e42+19022]
	undetected_chromedriver!GetHandleVerifier [0xbbd45f+263f]
	KERNEL32!BaseThreadInitThunk [0x74b35d49+19]
	ntdll!RtlInitializeExceptionChain [0x7722d83b+6b]
	ntdll!RtlGetAppContainerNamedObjectPath [0x7722d7c1+231]

[2026-04-26 15:15:24.518] [DEBUG   ] [bot.scanner] Error escaneando tile 'Romanian Roulette': Message: no such element: Unable to locate element: {"method":"css selector","selector":"[id="romania233rwl291-233"]"}
  (Session info: chrome=147.0.7727.103); For documentation on this error, please visit: https://www.selenium.dev/documentation/webdriver/troubleshooting/errors#nosuchelementexception
Stacktrace:
	undetected_chromedriver!GetHandleVerifier [0xbcb373+10553]
	undetected_chromedriver!GetHandleVerifier [0xbcb4a4+10684]
	undetected_chromedriver!(No symbol) [0x9d1e10]
	undetected_chromedriver!(No symbol) [0xa1a9da]
	undetected_chromedriver!(No symbol) [0xa1ac7b]
	undetected_chromedriver!(No symbol) [0xa5d162]
	undetected_chromedriver!(No symbol) [0xa3d8b4]
	undetected_chromedriver!(No symbol) [0xa5aa36]
	undetected_chromedriver!(No symbol) [0xa3d606]
	undetected_chromedriver!(No symbol) [0xa10039]
	undetected_chromedriver!(No symbol) [0xa10df4]
	undetected_chromedriver!GetHandleVerifier [0xe4ddb4+292f94]
	undetected_chromedriver!GetHandleVerifier [0xe4937d+28e55d]
	undetected_chromedriver!GetHandleVerifier [0xe68215+2ad3f5]
	undetected_chromedriver!GetHandleVerifier [0xbe4c18+29df8]
	undetected_chromedriver!GetHandleVerifier [0xbec6fd+318dd]
	undetected_chromedriver!GetHandleVerifier [0xbd3c78+18e58]
	undetected_chromedriver!GetHandleVerifier [0xbd3e42+19022]
	undetected_chromedriver!GetHandleVerifier [0xbbd45f+263f]
	KERNEL32!BaseThreadInitThunk [0x74b35d49+19]
	ntdll!RtlInitializeExceptionChain [0x7722d83b+6b]
	ntdll!RtlGetAppContainerNamedObjectPath [0x7722d7c1+231]

[2026-04-26 15:15:24.521] [DEBUG   ] [bot.scanner] Error escaneando tile 'Roulette Italia Tricolore': Message: no such element: Unable to locate element: {"method":"css selector","selector":"[id="v1c52fgw7yy02upz-223"]"}
  (Session info: chrome=147.0.7727.103); For documentation on this error, please visit: https://www.selenium.dev/documentation/webdriver/troubleshooting/errors#nosuchelementexception
Stacktrace:
	undetected_chromedriver!GetHandleVerifier [0xbcb373+10553]
	undetected_chromedriver!GetHandleVerifier [0xbcb4a4+10684]
	undetected_chromedriver!(No symbol) [0x9d1e10]
	undetected_chromedriver!(No symbol) [0xa1a9da]
	undetected_chromedriver!(No symbol) [0xa1ac7b]
	undetected_chromedriver!(No symbol) [0xa5d162]
	undetected_chromedriver!(No symbol) [0xa3d8b4]
	undetected_chromedriver!(No symbol) [0xa5aa36]
	undetected_chromedriver!(No symbol) [0xa3d606]
	undetected_chromedriver!(No symbol) [0xa10039]
	undetected_chromedriver!(No symbol) [0xa10df4]
	undetected_chromedriver!GetHandleVerifier [0xe4ddb4+292f94]
	undetected_chromedriver!GetHandleVerifier [0xe4937d+28e55d]
	undetected_chromedriver!GetHandleVerifier [0xe68215+2ad3f5]
	undetected_chromedriver!GetHandleVerifier [0xbe4c18+29df8]
	undetected_chromedriver!GetHandleVerifier [0xbec6fd+318dd]
	undetected_chromedriver!GetHandleVerifier [0xbd3c78+18e58]
	undetected_chromedriver!GetHandleVerifier [0xbd3e42+19022]
	undetected_chromedriver!GetHandleVerifier [0xbbd45f+263f]
	KERNEL32!BaseThreadInitThunk [0x74b35d49+19]
	ntdll!RtlInitializeExceptionChain [0x7722d83b+6b]
	ntdll!RtlGetAppContainerNamedObjectPath [0x7722d7c1+231]

[2026-04-26 15:15:24.527] [DEBUG   ] [bot.scanner] Error escaneando tile 'Russian Roulette': Message: no such element: Unable to locate element: {"method":"css selector","selector":"[id="t4jzencinod6iqwi-221"]"}
  (Session info: chrome=147.0.7727.103); For documentation on this error, please visit: https://www.selenium.dev/documentation/webdriver/troubleshooting/errors#nosuchelementexception
Stacktrace:
	undetected_chromedriver!GetHandleVerifier [0xbcb373+10553]
	undetected_chromedriver!GetHandleVerifier [0xbcb4a4+10684]
	undetected_chromedriver!(No symbol) [0x9d1e10]
	undetected_chromedriver!(No symbol) [0xa1a9da]
	undetected_chromedriver!(No symbol) [0xa1ac7b]
	undetected_chromedriver!(No symbol) [0xa5d162]
	undetected_chromedriver!(No symbol) [0xa3d8b4]
	undetected_chromedriver!(No symbol) [0xa5aa36]
	undetected_chromedriver!(No symbol) [0xa3d606]
	undetected_chromedriver!(No symbol) [0xa10039]
	undetected_chromedriver!(No symbol) [0xa10df4]
	undetected_chromedriver!GetHandleVerifier [0xe4ddb4+292f94]
	undetected_chromedriver!GetHandleVerifier [0xe4937d+28e55d]
	undetected_chromedriver!GetHandleVerifier [0xe68215+2ad3f5]
	undetected_chromedriver!GetHandleVerifier [0xbe4c18+29df8]
	undetected_chromedriver!GetHandleVerifier [0xbec6fd+318dd]
	undetected_chromedriver!GetHandleVerifier [0xbd3c78+18e58]
	undetected_chromedriver!GetHandleVerifier [0xbd3e42+19022]
	undetected_chromedriver!GetHandleVerifier [0xbbd45f+263f]
	KERNEL32!BaseThreadInitThunk [0x74b35d49+19]
	ntdll!RtlInitializeExceptionChain [0x7722d83b+6b]
	ntdll!RtlGetAppContainerNamedObjectPath [0x7722d7c1+231]

[2026-04-26 15:15:24.530] [DEBUG   ] [bot.scanner] Error escaneando tile 'Dutch Roulette': Message: no such element: Unable to locate element: {"method":"css selector","selector":"[id="dutchrw235rwl293-235"]"}
  (Session info: chrome=147.0.7727.103); For documentation on this error, please visit: https://www.selenium.dev/documentation/webdriver/troubleshooting/errors#nosuchelementexception
Stacktrace:
	undetected_chromedriver!GetHandleVerifier [0xbcb373+10553]
	undetected_chromedriver!GetHandleVerifier [0xbcb4a4+10684]
	undetected_chromedriver!(No symbol) [0x9d1e10]
	undetected_chromedriver!(No symbol) [0xa1a9da]
	undetected_chromedriver!(No symbol) [0xa1ac7b]
	undetected_chromedriver!(No symbol) [0xa5d162]
	undetected_chromedriver!(No symbol) [0xa3d8b4]
	undetected_chromedriver!(No symbol) [0xa5aa36]
	undetected_chromedriver!(No symbol) [0xa3d606]
	undetected_chromedriver!(No symbol) [0xa10039]
	undetected_chromedriver!(No symbol) [0xa10df4]
	undetected_chromedriver!GetHandleVerifier [0xe4ddb4+292f94]
	undetected_chromedriver!GetHandleVerifier [0xe4937d+28e55d]
	undetected_chromedriver!GetHandleVerifier [0xe68215+2ad3f5]
	undetected_chromedriver!GetHandleVerifier [0xbe4c18+29df8]
	undetected_chromedriver!GetHandleVerifier [0xbec6fd+318dd]
	undetected_chromedriver!GetHandleVerifier [0xbd3c78+18e58]
	undetected_chromedriver!GetHandleVerifier [0xbd3e42+19022]
	undetected_chromedriver!GetHandleVerifier [0xbbd45f+263f]
	KERNEL32!BaseThreadInitThunk [0x74b35d49+19]
	ntdll!RtlInitializeExceptionChain [0x7722d83b+6b]
	ntdll!RtlGetAppContainerNamedObjectPath [0x7722d7c1+231]

[2026-04-26 15:15:25.225] [DEBUG   ] [bot.scanner] Error escaneando tile 'Ruleta Latina': Message: no such element: Unable to locate element: {"method":"css selector","selector":"[id="roulerw234rwl292-234"]"}
  (Session info: chrome=147.0.7727.103); For documentation on this error, please visit: https://www.selenium.dev/documentation/webdriver/troubleshooting/errors#nosuchelementexception
Stacktrace:
	undetected_chromedriver!GetHandleVerifier [0xbcb373+10553]
	undetected_chromedriver!GetHandleVerifier [0xbcb4a4+10684]
	undetected_chromedriver!(No symbol) [0x9d1e10]
	undetected_chromedriver!(No symbol) [0xa1a9da]
	undetected_chromedriver!(No symbol) [0xa1ac7b]
	undetected_chromedriver!(No symbol) [0xa5d162]
	undetected_chromedriver!(No symbol) [0xa3d8b4]
	undetected_chromedriver!(No symbol) [0xa5aa36]
	undetected_chromedriver!(No symbol) [0xa3d606]
	undetected_chromedriver!(No symbol) [0xa10039]
	undetected_chromedriver!(No symbol) [0xa10df4]
	undetected_chromedriver!GetHandleVerifier [0xe4ddb4+292f94]
	undetected_chromedriver!GetHandleVerifier [0xe4937d+28e55d]
	undetected_chromedriver!GetHandleVerifier [0xe68215+2ad3f5]
	undetected_chromedriver!GetHandleVerifier [0xbe4c18+29df8]
	undetected_chromedriver!GetHandleVerifier [0xbec6fd+318dd]
	undetected_chromedriver!GetHandleVerifier [0xbd3c78+18e58]
	undetected_chromedriver!GetHandleVerifier [0xbd3e42+19022]
	undetected_chromedriver!GetHandleVerifier [0xbbd45f+263f]
	KERNEL32!BaseThreadInitThunk [0x74b35d49+19]
	ntdll!RtlInitializeExceptionChain [0x7722d83b+6b]
	ntdll!RtlGetAppContainerNamedObjectPath [0x7722d7c1+231]

[2026-04-26 15:15:25.229] [DEBUG   ] [bot.scanner] Error escaneando tile 'Mega Roulette': Message: no such element: Unable to locate element: {"method":"css selector","selector":"[id="1hl65ce1lxuqdrkr-204"]"}
  (Session info: chrome=147.0.7727.103); For documentation on this error, please visit: https://www.selenium.dev/documentation/webdriver/troubleshooting/errors#nosuchelementexception
Stacktrace:
	undetected_chromedriver!GetHandleVerifier [0xbcb373+10553]
	undetected_chromedriver!GetHandleVerifier [0xbcb4a4+10684]
	undetected_chromedriver!(No symbol) [0x9d1e10]
	undetected_chromedriver!(No symbol) [0xa1a9da]
	undetected_chromedriver!(No symbol) [0xa1ac7b]
	undetected_chromedriver!(No symbol) [0xa5d162]
	undetected_chromedriver!(No symbol) [0xa3d8b4]
	undetected_chromedriver!(No symbol) [0xa5aa36]
	undetected_chromedriver!(No symbol) [0xa3d606]
	undetected_chromedriver!(No symbol) [0xa10039]
	undetected_chromedriver!(No symbol) [0xa10df4]
	undetected_chromedriver!GetHandleVerifier [0xe4ddb4+292f94]
	undetected_chromedriver!GetHandleVerifier [0xe4937d+28e55d]
	undetected_chromedriver!GetHandleVerifier [0xe68215+2ad3f5]
	undetected_chromedriver!GetHandleVerifier [0xbe4c18+29df8]
	undetected_chromedriver!GetHandleVerifier [0xbec6fd+318dd]
	undetected_chromedriver!GetHandleVerifier [0xbd3c78+18e58]
	undetected_chromedriver!GetHandleVerifier [0xbd3e42+19022]
	undetected_chromedriver!GetHandleVerifier [0xbbd45f+263f]
	KERNEL32!BaseThreadInitThunk [0x74b35d49+19]
	ntdll!RtlInitializeExceptionChain [0x7722d83b+6b]
	ntdll!RtlGetAppContainerNamedObjectPath [0x7722d7c1+231]

[2026-04-26 15:15:25.233] [DEBUG   ] [bot.scanner] Error escaneando tile 'Brazilian Roulette': Message: no such element: Unable to locate element: {"method":"css selector","selector":"[id="rwbrzportrwa16rg-237"]"}
  (Session info: chrome=147.0.7727.103); For documentation on this error, please visit: https://www.selenium.dev/documentation/webdriver/troubleshooting/errors#nosuchelementexception
Stacktrace:
	undetected_chromedriver!GetHandleVerifier [0xbcb373+10553]
	undetected_chromedriver!GetHandleVerifier [0xbcb4a4+10684]
	undetected_chromedriver!(No symbol) [0x9d1e10]
	undetected_chromedriver!(No symbol) [0xa1a9da]
	undetected_chromedriver!(No symbol) [0xa1ac7b]
	undetected_chromedriver!(No symbol) [0xa5d162]
	undetected_chromedriver!(No symbol) [0xa3d8b4]
	undetected_chromedriver!(No symbol) [0xa5aa36]
	undetected_chromedriver!(No symbol) [0xa3d606]
	undetected_chromedriver!(No symbol) [0xa10039]
	undetected_chromedriver!(No symbol) [0xa10df4]
	undetected_chromedriver!GetHandleVerifier [0xe4ddb4+292f94]
	undetected_chromedriver!GetHandleVerifier [0xe4937d+28e55d]
	undetected_chromedriver!GetHandleVerifier [0xe68215+2ad3f5]
	undetected_chromedriver!GetHandleVerifier [0xbe4c18+29df8]
	undetected_chromedriver!GetHandleVerifier [0xbec6fd+318dd]
	undetected_chromedriver!GetHandleVerifier [0xbd3c78+18e58]
	undetected_chromedriver!GetHandleVerifier [0xbd3e42+19022]
	undetected_chromedriver!GetHandleVerifier [0xbbd45f+263f]
	KERNEL32!BaseThreadInitThunk [0x74b35d49+19]
	ntdll!RtlInitializeExceptionChain [0x7722d83b+6b]
	ntdll!RtlGetAppContainerNamedObjectPath [0x7722d7c1+231]

[2026-04-26 15:15:25.237] [DEBUG   ] [bot.scanner] Error escaneando tile 'Roulette 1': Message: no such element: Unable to locate element: {"method":"css selector","selector":"[id="g03y1t9vvuhrfytl-227"]"}
  (Session info: chrome=147.0.7727.103); For documentation on this error, please visit: https://www.selenium.dev/documentation/webdriver/troubleshooting/errors#nosuchelementexception
Stacktrace:
	undetected_chromedriver!GetHandleVerifier [0xbcb373+10553]
	undetected_chromedriver!GetHandleVerifier [0xbcb4a4+10684]
	undetected_chromedriver!(No symbol) [0x9d1e10]
	undetected_chromedriver!(No symbol) [0xa1a9da]
	undetected_chromedriver!(No symbol) [0xa1ac7b]
	undetected_chromedriver!(No symbol) [0xa5d162]
	undetected_chromedriver!(No symbol) [0xa3d8b4]
	undetected_chromedriver!(No symbol) [0xa5aa36]
	undetected_chromedriver!(No symbol) [0xa3d606]
	undetected_chromedriver!(No symbol) [0xa10039]
	undetected_chromedriver!(No symbol) [0xa10df4]
	undetected_chromedriver!GetHandleVerifier [0xe4ddb4+292f94]
	undetected_chromedriver!GetHandleVerifier [0xe4937d+28e55d]
	undetected_chromedriver!GetHandleVerifier [0xe68215+2ad3f5]
	undetected_chromedriver!GetHandleVerifier [0xbe4c18+29df8]
	undetected_chromedriver!GetHandleVerifier [0xbec6fd+318dd]
	undetected_chromedriver!GetHandleVerifier [0xbd3c78+18e58]
	undetected_chromedriver!GetHandleVerifier [0xbd3e42+19022]
	undetected_chromedriver!GetHandleVerifier [0xbbd45f+263f]
	KERNEL32!BaseThreadInitThunk [0x74b35d49+19]
	ntdll!RtlInitializeExceptionChain [0x7722d83b+6b]
	ntdll!RtlGetAppContainerNamedObjectPath [0x7722d7c1+231]

[2026-04-26 15:15:25.247] [DEBUG   ] [bot.scanner] Error escaneando tile 'Roulette 3': Message: no such element: Unable to locate element: {"method":"css selector","selector":"[id="chroma229rwltr22-230"]"}
  (Session info: chrome=147.0.7727.103); For documentation on this error, please visit: https://www.selenium.dev/documentation/webdriver/troubleshooting/errors#nosuchelementexception
Stacktrace:
	undetected_chromedriver!GetHandleVerifier [0xbcb373+10553]
	undetected_chromedriver!GetHandleVerifier [0xbcb4a4+10684]
	undetected_chromedriver!(No symbol) [0x9d1e10]
	undetected_chromedriver!(No symbol) [0xa1a9da]
	undetected_chromedriver!(No symbol) [0xa1ac7b]
	undetected_chromedriver!(No symbol) [0xa5d162]
	undetected_chromedriver!(No symbol) [0xa3d8b4]
	undetected_chromedriver!(No symbol) [0xa5aa36]
	undetected_chromedriver!(No symbol) [0xa3d606]
	undetected_chromedriver!(No symbol) [0xa10039]
	undetected_chromedriver!(No symbol) [0xa10df4]
	undetected_chromedriver!GetHandleVerifier [0xe4ddb4+292f94]
	undetected_chromedriver!GetHandleVerifier [0xe4937d+28e55d]
	undetected_chromedriver!GetHandleVerifier [0xe68215+2ad3f5]
	undetected_chromedriver!GetHandleVerifier [0xbe4c18+29df8]
	undetected_chromedriver!GetHandleVerifier [0xbec6fd+318dd]
	undetected_chromedriver!GetHandleVerifier [0xbd3c78+18e58]
	undetected_chromedriver!GetHandleVerifier [0xbd3e42+19022]
	undetected_chromedriver!GetHandleVerifier [0xbbd45f+263f]
	KERNEL32!BaseThreadInitThunk [0x74b35d49+19]
	ntdll!RtlInitializeExceptionChain [0x7722d83b+6b]
	ntdll!RtlGetAppContainerNamedObjectPath [0x7722d7c1+231]

[2026-04-26 15:15:25.252] [DEBUG   ] [bot.scanner] Error escaneando tile 'Roulette Macao': Message: no such element: Unable to locate element: {"method":"css selector","selector":"[id="yqpz3ichst2xg439-206"]"}
  (Session info: chrome=147.0.7727.103); For documentation on this error, please visit: https://www.selenium.dev/documentation/webdriver/troubleshooting/errors#nosuchelementexception
Stacktrace:
	undetected_chromedriver!GetHandleVerifier [0xbcb373+10553]
	undetected_chromedriver!GetHandleVerifier [0xbcb4a4+10684]
	undetected_chromedriver!(No symbol) [0x9d1e10]
	undetected_chromedriver!(No symbol) [0xa1a9da]
	undetected_chromedriver!(No symbol) [0xa1ac7b]
	undetected_chromedriver!(No symbol) [0xa5d162]
	undetected_chromedriver!(No symbol) [0xa3d8b4]
	undetected_chromedriver!(No symbol) [0xa5aa36]
	undetected_chromedriver!(No symbol) [0xa3d606]
	undetected_chromedriver!(No symbol) [0xa10039]
	undetected_chromedriver!(No symbol) [0xa10df4]
	undetected_chromedriver!GetHandleVerifier [0xe4ddb4+292f94]
	undetected_chromedriver!GetHandleVerifier [0xe4937d+28e55d]
	undetected_chromedriver!GetHandleVerifier [0xe68215+2ad3f5]
	undetected_chromedriver!GetHandleVerifier [0xbe4c18+29df8]
	undetected_chromedriver!GetHandleVerifier [0xbec6fd+318dd]
	undetected_chromedriver!GetHandleVerifier [0xbd3c78+18e58]
	undetected_chromedriver!GetHandleVerifier [0xbd3e42+19022]
	undetected_chromedriver!GetHandleVerifier [0xbbd45f+263f]
	KERNEL32!BaseThreadInitThunk [0x74b35d49+19]
	ntdll!RtlInitializeExceptionChain [0x7722d83b+6b]
	ntdll!RtlGetAppContainerNamedObjectPath [0x7722d7c1+231]

[2026-04-26 15:15:25.261] [DEBUG   ] [bot.scanner] Error escaneando tile 'Roulette 2 Extra Time': Message: no such element: Unable to locate element: {"method":"css selector","selector":"[id="5kvxlw4c1qm3xcyn-201"]"}
  (Session info: chrome=147.0.7727.103); For documentation on this error, please visit: https://www.selenium.dev/documentation/webdriver/troubleshooting/errors#nosuchelementexception
Stacktrace:
	undetected_chromedriver!GetHandleVerifier [0xbcb373+10553]
	undetected_chromedriver!GetHandleVerifier [0xbcb4a4+10684]
	undetected_chromedriver!(No symbol) [0x9d1e10]
	undetected_chromedriver!(No symbol) [0xa1a9da]
	undetected_chromedriver!(No symbol) [0xa1ac7b]
	undetected_chromedriver!(No symbol) [0xa5d162]
	undetected_chromedriver!(No symbol) [0xa3d8b4]
	undetected_chromedriver!(No symbol) [0xa5aa36]
	undetected_chromedriver!(No symbol) [0xa3d606]
	undetected_chromedriver!(No symbol) [0xa10039]
	undetected_chromedriver!(No symbol) [0xa10df4]
	undetected_chromedriver!GetHandleVerifier [0xe4ddb4+292f94]
	undetected_chromedriver!GetHandleVerifier [0xe4937d+28e55d]
	undetected_chromedriver!GetHandleVerifier [0xe68215+2ad3f5]
	undetected_chromedriver!GetHandleVerifier [0xbe4c18+29df8]
	undetected_chromedriver!GetHandleVerifier [0xbec6fd+318dd]
	undetected_chromedriver!GetHandleVerifier [0xbd3c78+18e58]
	undetected_chromedriver!GetHandleVerifier [0xbd3e42+19022]
	undetected_chromedriver!GetHandleVerifier [0xbbd45f+263f]
	KERNEL32!BaseThreadInitThunk [0x74b35d49+19]
	ntdll!RtlInitializeExceptionChain [0x7722d83b+6b]
	ntdll!RtlGetAppContainerNamedObjectPath [0x7722d7c1+231]

[2026-04-26 15:15:25.265] [DEBUG   ] [bot.scanner] Error escaneando tile 'Brazilian Mega Roulette': Message: no such element: Unable to locate element: {"method":"css selector","selector":"[id="mrbras531mrbr532-287"]"}
  (Session info: chrome=147.0.7727.103); For documentation on this error, please visit: https://www.selenium.dev/documentation/webdriver/troubleshooting/errors#nosuchelementexception
Stacktrace:
	undetected_chromedriver!GetHandleVerifier [0xbcb373+10553]
	undetected_chromedriver!GetHandleVerifier [0xbcb4a4+10684]
	undetected_chromedriver!(No symbol) [0x9d1e10]
	undetected_chromedriver!(No symbol) [0xa1a9da]
	undetected_chromedriver!(No symbol) [0xa1ac7b]
	undetected_chromedriver!(No symbol) [0xa5d162]
	undetected_chromedriver!(No symbol) [0xa3d8b4]
	undetected_chromedriver!(No symbol) [0xa5aa36]
	undetected_chromedriver!(No symbol) [0xa3d606]
	undetected_chromedriver!(No symbol) [0xa10039]
	undetected_chromedriver!(No symbol) [0xa10df4]
	undetected_chromedriver!GetHandleVerifier [0xe4ddb4+292f94]
	undetected_chromedriver!GetHandleVerifier [0xe4937d+28e55d]
	undetected_chromedriver!GetHandleVerifier [0xe68215+2ad3f5]
	undetected_chromedriver!GetHandleVerifier [0xbe4c18+29df8]
	undetected_chromedriver!GetHandleVerifier [0xbec6fd+318dd]
	undetected_chromedriver!GetHandleVerifier [0xbd3c78+18e58]
	undetected_chromedriver!GetHandleVerifier [0xbd3e42+19022]
	undetected_chromedriver!GetHandleVerifier [0xbbd45f+263f]
	KERNEL32!BaseThreadInitThunk [0x74b35d49+19]
	ntdll!RtlInitializeExceptionChain [0x7722d83b+6b]
	ntdll!RtlGetAppContainerNamedObjectPath [0x7722d7c1+231]

[2026-04-26 15:15:25.269] [DEBUG   ] [bot.scanner] Error escaneando tile 'Lucky 6 Roulette': Message: no such element: Unable to locate element: {"method":"css selector","selector":"[id="lucky6roulettea3-211a1"]"}
  (Session info: chrome=147.0.7727.103); For documentation on this error, please visit: https://www.selenium.dev/documentation/webdriver/troubleshooting/errors#nosuchelementexception
Stacktrace:
	undetected_chromedriver!GetHandleVerifier [0xbcb373+10553]
	undetected_chromedriver!GetHandleVerifier [0xbcb4a4+10684]
	undetected_chromedriver!(No symbol) [0x9d1e10]
	undetected_chromedriver!(No symbol) [0xa1a9da]
	undetected_chromedriver!(No symbol) [0xa1ac7b]
	undetected_chromedriver!(No symbol) [0xa5d162]
	undetected_chromedriver!(No symbol) [0xa3d8b4]
	undetected_chromedriver!(No symbol) [0xa5aa36]
	undetected_chromedriver!(No symbol) [0xa3d606]
	undetected_chromedriver!(No symbol) [0xa10039]
	undetected_chromedriver!(No symbol) [0xa10df4]
	undetected_chromedriver!GetHandleVerifier [0xe4ddb4+292f94]
	undetected_chromedriver!GetHandleVerifier [0xe4937d+28e55d]
	undetected_chromedriver!GetHandleVerifier [0xe68215+2ad3f5]
	undetected_chromedriver!GetHandleVerifier [0xbe4c18+29df8]
	undetected_chromedriver!GetHandleVerifier [0xbec6fd+318dd]
	undetected_chromedriver!GetHandleVerifier [0xbd3c78+18e58]
	undetected_chromedriver!GetHandleVerifier [0xbd3e42+19022]
	undetected_chromedriver!GetHandleVerifier [0xbbd45f+263f]
	KERNEL32!BaseThreadInitThunk [0x74b35d49+19]
	ntdll!RtlInitializeExceptionChain [0x7722d83b+6b]
	ntdll!RtlGetAppContainerNamedObjectPath [0x7722d7c1+231]

[2026-04-26 15:15:25.277] [DEBUG   ] [bot.scanner] Error escaneando tile 'Auto Roulette': Message: no such element: Unable to locate element: {"method":"css selector","selector":"[id="5bzl2835s5ruvweg-225"]"}
  (Session info: chrome=147.0.7727.103); For documentation on this error, please visit: https://www.selenium.dev/documentation/webdriver/troubleshooting/errors#nosuchelementexception
Stacktrace:
	undetected_chromedriver!GetHandleVerifier [0xbcb373+10553]
	undetected_chromedriver!GetHandleVerifier [0xbcb4a4+10684]
	undetected_chromedriver!(No symbol) [0x9d1e10]
	undetected_chromedriver!(No symbol) [0xa1a9da]
	undetected_chromedriver!(No symbol) [0xa1ac7b]
	undetected_chromedriver!(No symbol) [0xa5d162]
	undetected_chromedriver!(No symbol) [0xa3d8b4]
	undetected_chromedriver!(No symbol) [0xa5aa36]
	undetected_chromedriver!(No symbol) [0xa3d606]
	undetected_chromedriver!(No symbol) [0xa10039]
	undetected_chromedriver!(No symbol) [0xa10df4]
	undetected_chromedriver!GetHandleVerifier [0xe4ddb4+292f94]
	undetected_chromedriver!GetHandleVerifier [0xe4937d+28e55d]
	undetected_chromedriver!GetHandleVerifier [0xe68215+2ad3f5]
	undetected_chromedriver!GetHandleVerifier [0xbe4c18+29df8]
	undetected_chromedriver!GetHandleVerifier [0xbec6fd+318dd]
	undetected_chromedriver!GetHandleVerifier [0xbd3c78+18e58]
	undetected_chromedriver!GetHandleVerifier [0xbd3e42+19022]
	undetected_chromedriver!GetHandleVerifier [0xbbd45f+263f]
	KERNEL32!BaseThreadInitThunk [0x74b35d49+19]
	ntdll!RtlInitializeExceptionChain [0x7722d83b+6b]
	ntdll!RtlGetAppContainerNamedObjectPath [0x7722d7c1+231]

[2026-04-26 15:15:25.280] [DEBUG   ] [bot.scanner] Error escaneando tile 'Stake Roulette': Message: no such element: Unable to locate element: {"method":"css selector","selector":"[id="rw321stakerws321-236"]"}
  (Session info: chrome=147.0.7727.103); For documentation on this error, please visit: https://www.selenium.dev/documentation/webdriver/troubleshooting/errors#nosuchelementexception
Stacktrace:
	undetected_chromedriver!GetHandleVerifier [0xbcb373+10553]
	undetected_chromedriver!GetHandleVerifier [0xbcb4a4+10684]
	undetected_chromedriver!(No symbol) [0x9d1e10]
	undetected_chromedriver!(No symbol) [0xa1a9da]
	undetected_chromedriver!(No symbol) [0xa1ac7b]
	undetected_chromedriver!(No symbol) [0xa5d162]
	undetected_chromedriver!(No symbol) [0xa3d8b4]
	undetected_chromedriver!(No symbol) [0xa5aa36]
	undetected_chromedriver!(No symbol) [0xa3d606]
	undetected_chromedriver!(No symbol) [0xa10039]
	undetected_chromedriver!(No symbol) [0xa10df4]
	undetected_chromedriver!GetHandleVerifier [0xe4ddb4+292f94]
	undetected_chromedriver!GetHandleVerifier [0xe4937d+28e55d]
	undetected_chromedriver!GetHandleVerifier [0xe68215+2ad3f5]
	undetected_chromedriver!GetHandleVerifier [0xbe4c18+29df8]
	undetected_chromedriver!GetHandleVerifier [0xbec6fd+318dd]
	undetected_chromedriver!GetHandleVerifier [0xbd3c78+18e58]
	undetected_chromedriver!GetHandleVerifier [0xbd3e42+19022]
	undetected_chromedriver!GetHandleVerifier [0xbbd45f+263f]
	KERNEL32!BaseThreadInitThunk [0x74b35d49+19]
	ntdll!RtlInitializeExceptionChain [0x7722d83b+6b]
	ntdll!RtlGetAppContainerNamedObjectPath [0x7722d7c1+231]

[2026-04-26 15:15:25.285] [DEBUG   ] [bot.scanner] Error escaneando tile 'Turkish Roulette': Message: no such element: Unable to locate element: {"method":"css selector","selector":"[id="p8l1j84prrmxzyic-224"]"}
  (Session info: chrome=147.0.7727.103); For documentation on this error, please visit: https://www.selenium.dev/documentation/webdriver/troubleshooting/errors#nosuchelementexception
Stacktrace:
	undetected_chromedriver!GetHandleVerifier [0xbcb373+10553]
	undetected_chromedriver!GetHandleVerifier [0xbcb4a4+10684]
	undetected_chromedriver!(No symbol) [0x9d1e10]
	undetected_chromedriver!(No symbol) [0xa1a9da]
	undetected_chromedriver!(No symbol) [0xa1ac7b]
	undetected_chromedriver!(No symbol) [0xa5d162]
	undetected_chromedriver!(No symbol) [0xa3d8b4]
	undetected_chromedriver!(No symbol) [0xa5aa36]
	undetected_chromedriver!(No symbol) [0xa3d606]
	undetected_chromedriver!(No symbol) [0xa10039]
	undetected_chromedriver!(No symbol) [0xa10df4]
	undetected_chromedriver!GetHandleVerifier [0xe4ddb4+292f94]
	undetected_chromedriver!GetHandleVerifier [0xe4937d+28e55d]
	undetected_chromedriver!GetHandleVerifier [0xe68215+2ad3f5]
	undetected_chromedriver!GetHandleVerifier [0xbe4c18+29df8]
	undetected_chromedriver!GetHandleVerifier [0xbec6fd+318dd]
	undetected_chromedriver!GetHandleVerifier [0xbd3c78+18e58]
	undetected_chromedriver!GetHandleVerifier [0xbd3e42+19022]
	undetected_chromedriver!GetHandleVerifier [0xbbd45f+263f]
	KERNEL32!BaseThreadInitThunk [0x74b35d49+19]
	ntdll!RtlInitializeExceptionChain [0x7722d83b+6b]
	ntdll!RtlGetAppContainerNamedObjectPath [0x7722d7c1+231]

[2026-04-26 15:15:25.294] [DEBUG   ] [bot.scanner] Error escaneando tile 'German Roulette': Message: no such element: Unable to locate element: {"method":"css selector","selector":"[id="s2x6b4jdeqza2ge2-222"]"}
  (Session info: chrome=147.0.7727.103); For documentation on this error, please visit: https://www.selenium.dev/documentation/webdriver/troubleshooting/errors#nosuchelementexception
Stacktrace:
	undetected_chromedriver!GetHandleVerifier [0xbcb373+10553]
	undetected_chromedriver!GetHandleVerifier [0xbcb4a4+10684]
	undetected_chromedriver!(No symbol) [0x9d1e10]
	undetected_chromedriver!(No symbol) [0xa1a9da]
	undetected_chromedriver!(No symbol) [0xa1ac7b]
	undetected_chromedriver!(No symbol) [0xa5d162]
	undetected_chromedriver!(No symbol) [0xa3d8b4]
	undetected_chromedriver!(No symbol) [0xa5aa36]
	undetected_chromedriver!(No symbol) [0xa3d606]
	undetected_chromedriver!(No symbol) [0xa10039]
	undetected_chromedriver!(No symbol) [0xa10df4]
	undetected_chromedriver!GetHandleVerifier [0xe4ddb4+292f94]
	undetected_chromedriver!GetHandleVerifier [0xe4937d+28e55d]
	undetected_chromedriver!GetHandleVerifier [0xe68215+2ad3f5]
	undetected_chromedriver!GetHandleVerifier [0xbe4c18+29df8]
	undetected_chromedriver!GetHandleVerifier [0xbec6fd+318dd]
	undetected_chromedriver!GetHandleVerifier [0xbd3c78+18e58]
	undetected_chromedriver!GetHandleVerifier [0xbd3e42+19022]
	undetected_chromedriver!GetHandleVerifier [0xbbd45f+263f]
	KERNEL32!BaseThreadInitThunk [0x74b35d49+19]
	ntdll!RtlInitializeExceptionChain [0x7722d83b+6b]
	ntdll!RtlGetAppContainerNamedObjectPath [0x7722d7c1+231]

[2026-04-26 15:15:25.297] [DEBUG   ] [bot.scanner] Error escaneando tile 'Romanian Roulette': Message: no such element: Unable to locate element: {"method":"css selector","selector":"[id="romania233rwl291-233"]"}
  (Session info: chrome=147.0.7727.103); For documentation on this error, please visit: https://www.selenium.dev/documentation/webdriver/troubleshooting/errors#nosuchelementexception
Stacktrace:
	undetected_chromedriver!GetHandleVerifier [0xbcb373+10553]
	undetected_chromedriver!GetHandleVerifier [0xbcb4a4+10684]
	undetected_chromedriver!(No symbol) [0x9d1e10]
	undetected_chromedriver!(No symbol) [0xa1a9da]
	undetected_chromedriver!(No symbol) [0xa1ac7b]
	undetected_chromedriver!(No symbol) [0xa5d162]
	undetected_chromedriver!(No symbol) [0xa3d8b4]
	undetected_chromedriver!(No symbol) [0xa5aa36]
	undetected_chromedriver!(No symbol) [0xa3d606]
	undetected_chromedriver!(No symbol) [0xa10039]
	undetected_chromedriver!(No symbol) [0xa10df4]
	undetected_chromedriver!GetHandleVerifier [0xe4ddb4+292f94]
	undetected_chromedriver!GetHandleVerifier [0xe4937d+28e55d]
	undetected_chromedriver!GetHandleVerifier [0xe68215+2ad3f5]
	undetected_chromedriver!GetHandleVerifier [0xbe4c18+29df8]
	undetected_chromedriver!GetHandleVerifier [0xbec6fd+318dd]
	undetected_chromedriver!GetHandleVerifier [0xbd3c78+18e58]
	undetected_chromedriver!GetHandleVerifier [0xbd3e42+19022]
	undetected_chromedriver!GetHandleVerifier [0xbbd45f+263f]
	KERNEL32!BaseThreadInitThunk [0x74b35d49+19]
	ntdll!RtlInitializeExceptionChain [0x7722d83b+6b]
	ntdll!RtlGetAppContainerNamedObjectPath [0x7722d7c1+231]

[2026-04-26 15:15:25.301] [DEBUG   ] [bot.scanner] Error escaneando tile 'Roulette Italia Tricolore': Message: no such element: Unable to locate element: {"method":"css selector","selector":"[id="v1c52fgw7yy02upz-223"]"}
  (Session info: chrome=147.0.7727.103); For documentation on this error, please visit: https://www.selenium.dev/documentation/webdriver/troubleshooting/errors#nosuchelementexception
Stacktrace:
	undetected_chromedriver!GetHandleVerifier [0xbcb373+10553]
	undetected_chromedriver!GetHandleVerifier [0xbcb4a4+10684]
	undetected_chromedriver!(No symbol) [0x9d1e10]
	undetected_chromedriver!(No symbol) [0xa1a9da]
	undetected_chromedriver!(No symbol) [0xa1ac7b]
	undetected_chromedriver!(No symbol) [0xa5d162]
	undetected_chromedriver!(No symbol) [0xa3d8b4]
	undetected_chromedriver!(No symbol) [0xa5aa36]
	undetected_chromedriver!(No symbol) [0xa3d606]
	undetected_chromedriver!(No symbol) [0xa10039]
	undetected_chromedriver!(No symbol) [0xa10df4]
	undetected_chromedriver!GetHandleVerifier [0xe4ddb4+292f94]
	undetected_chromedriver!GetHandleVerifier [0xe4937d+28e55d]
	undetected_chromedriver!GetHandleVerifier [0xe68215+2ad3f5]
	undetected_chromedriver!GetHandleVerifier [0xbe4c18+29df8]
	undetected_chromedriver!GetHandleVerifier [0xbec6fd+318dd]
	undetected_chromedriver!GetHandleVerifier [0xbd3c78+18e58]
	undetected_chromedriver!GetHandleVerifier [0xbd3e42+19022]
	undetected_chromedriver!GetHandleVerifier [0xbbd45f+263f]
	KERNEL32!BaseThreadInitThunk [0x74b35d49+19]
	ntdll!RtlInitializeExceptionChain [0x7722d83b+6b]
	ntdll!RtlGetAppContainerNamedObjectPath [0x7722d7c1+231]

[2026-04-26 15:15:25.313] [DEBUG   ] [bot.scanner] Error escaneando tile 'Russian Roulette': Message: no such element: Unable to locate element: {"method":"css selector","selector":"[id="t4jzencinod6iqwi-221"]"}
  (Session info: chrome=147.0.7727.103); For documentation on this error, please visit: https://www.selenium.dev/documentation/webdriver/troubleshooting/errors#nosuchelementexception
Stacktrace:
	undetected_chromedriver!GetHandleVerifier [0xbcb373+10553]
	undetected_chromedriver!GetHandleVerifier [0xbcb4a4+10684]
	undetected_chromedriver!(No symbol) [0x9d1e10]
	undetected_chromedriver!(No symbol) [0xa1a9da]
	undetected_chromedriver!(No symbol) [0xa1ac7b]
	undetected_chromedriver!(No symbol) [0xa5d162]
	undetected_chromedriver!(No symbol) [0xa3d8b4]
	undetected_chromedriver!(No symbol) [0xa5aa36]
	undetected_chromedriver!(No symbol) [0xa3d606]
	undetected_chromedriver!(No symbol) [0xa10039]
	undetected_chromedriver!(No symbol) [0xa10df4]
	undetected_chromedriver!GetHandleVerifier [0xe4ddb4+292f94]
	undetected_chromedriver!GetHandleVerifier [0xe4937d+28e55d]
	undetected_chromedriver!GetHandleVerifier [0xe68215+2ad3f5]
	undetected_chromedriver!GetHandleVerifier [0xbe4c18+29df8]
	undetected_chromedriver!GetHandleVerifier [0xbec6fd+318dd]
	undetected_chromedriver!GetHandleVerifier [0xbd3c78+18e58]
	undetected_chromedriver!GetHandleVerifier [0xbd3e42+19022]
	undetected_chromedriver!GetHandleVerifier [0xbbd45f+263f]
	KERNEL32!BaseThreadInitThunk [0x74b35d49+19]
	ntdll!RtlInitializeExceptionChain [0x7722d83b+6b]
	ntdll!RtlGetAppContainerNamedObjectPath [0x7722d7c1+231]

[2026-04-26 15:15:25.316] [DEBUG   ] [bot.scanner] Error escaneando tile 'Dutch Roulette': Message: no such element: Unable to locate element: {"method":"css selector","selector":"[id="dutchrw235rwl293-235"]"}
  (Session info: chrome=147.0.7727.103); For documentation on this error, please visit: https://www.selenium.dev/documentation/webdriver/troubleshooting/errors#nosuchelementexception
Stacktrace:
	undetected_chromedriver!GetHandleVerifier [0xbcb373+10553]
	undetected_chromedriver!GetHandleVerifier [0xbcb4a4+10684]
	undetected_chromedriver!(No symbol) [0x9d1e10]
	undetected_chromedriver!(No symbol) [0xa1a9da]
	undetected_chromedriver!(No symbol) [0xa1ac7b]
	undetected_chromedriver!(No symbol) [0xa5d162]
	undetected_chromedriver!(No symbol) [0xa3d8b4]
	undetected_chromedriver!(No symbol) [0xa5aa36]
	undetected_chromedriver!(No symbol) [0xa3d606]
	undetected_chromedriver!(No symbol) [0xa10039]
	undetected_chromedriver!(No symbol) [0xa10df4]
	undetected_chromedriver!GetHandleVerifier [0xe4ddb4+292f94]
	undetected_chromedriver!GetHandleVerifier [0xe4937d+28e55d]
	undetected_chromedriver!GetHandleVerifier [0xe68215+2ad3f5]
	undetected_chromedriver!GetHandleVerifier [0xbe4c18+29df8]
	undetected_chromedriver!GetHandleVerifier [0xbec6fd+318dd]
	undetected_chromedriver!GetHandleVerifier [0xbd3c78+18e58]
	undetected_chromedriver!GetHandleVerifier [0xbd3e42+19022]
	undetected_chromedriver!GetHandleVerifier [0xbbd45f+263f]
	KERNEL32!BaseThreadInitThunk [0x74b35d49+19]
	ntdll!RtlInitializeExceptionChain [0x7722d83b+6b]
	ntdll!RtlGetAppContainerNamedObjectPath [0x7722d7c1+231]

[2026-04-26 15:15:25.862] [DEBUG   ] [bot.scanner] Error escaneando tile 'Ruleta Latina': Message: no such element: Unable to locate element: {"method":"css selector","selector":"[id="roulerw234rwl292-234"]"}
  (Session info: chrome=147.0.7727.103); For documentation on this error, please visit: https://www.selenium.dev/documentation/webdriver/troubleshooting/errors#nosuchelementexception
Stacktrace:
	undetected_chromedriver!GetHandleVerifier [0xbcb373+10553]
	undetected_chromedriver!GetHandleVerifier [0xbcb4a4+10684]
	undetected_chromedriver!(No symbol) [0x9d1e10]
	undetected_chromedriver!(No symbol) [0xa1a9da]
	undetected_chromedriver!(No symbol) [0xa1ac7b]
	undetected_chromedriver!(No symbol) [0xa5d162]
	undetected_chromedriver!(No symbol) [0xa3d8b4]
	undetected_chromedriver!(No symbol) [0xa5aa36]
	undetected_chromedriver!(No symbol) [0xa3d606]
	undetected_chromedriver!(No symbol) [0xa10039]
	undetected_chromedriver!(No symbol) [0xa10df4]
	undetected_chromedriver!GetHandleVerifier [0xe4ddb4+292f94]
	undetected_chromedriver!GetHandleVerifier [0xe4937d+28e55d]
	undetected_chromedriver!GetHandleVerifier [0xe68215+2ad3f5]
	undetected_chromedriver!GetHandleVerifier [0xbe4c18+29df8]
	undetected_chromedriver!GetHandleVerifier [0xbec6fd+318dd]
	undetected_chromedriver!GetHandleVerifier [0xbd3c78+18e58]
	undetected_chromedriver!GetHandleVerifier [0xbd3e42+19022]
	undetected_chromedriver!GetHandleVerifier [0xbbd45f+263f]
	KERNEL32!BaseThreadInitThunk [0x74b35d49+19]
	ntdll!RtlInitializeExceptionChain [0x7722d83b+6b]
	ntdll!RtlGetAppContainerNamedObjectPath [0x7722d7c1+231]

[2026-04-26 15:15:25.869] [DEBUG   ] [bot.scanner] Error escaneando tile 'Mega Roulette': Message: no such element: Unable to locate element: {"method":"css selector","selector":"[id="1hl65ce1lxuqdrkr-204"]"}
  (Session info: chrome=147.0.7727.103); For documentation on this error, please visit: https://www.selenium.dev/documentation/webdriver/troubleshooting/errors#nosuchelementexception
Stacktrace:
	undetected_chromedriver!GetHandleVerifier [0xbcb373+10553]
	undetected_chromedriver!GetHandleVerifier [0xbcb4a4+10684]
	undetected_chromedriver!(No symbol) [0x9d1e10]
	undetected_chromedriver!(No symbol) [0xa1a9da]
	undetected_chromedriver!(No symbol) [0xa1ac7b]
	undetected_chromedriver!(No symbol) [0xa5d162]
	undetected_chromedriver!(No symbol) [0xa3d8b4]
	undetected_chromedriver!(No symbol) [0xa5aa36]
	undetected_chromedriver!(No symbol) [0xa3d606]
	undetected_chromedriver!(No symbol) [0xa10039]
	undetected_chromedriver!(No symbol) [0xa10df4]
	undetected_chromedriver!GetHandleVerifier [0xe4ddb4+292f94]
	undetected_chromedriver!GetHandleVerifier [0xe4937d+28e55d]
	undetected_chromedriver!GetHandleVerifier [0xe68215+2ad3f5]
	undetected_chromedriver!GetHandleVerifier [0xbe4c18+29df8]
	undetected_chromedriver!GetHandleVerifier [0xbec6fd+318dd]
	undetected_chromedriver!GetHandleVerifier [0xbd3c78+18e58]
	undetected_chromedriver!GetHandleVerifier [0xbd3e42+19022]
	undetected_chromedriver!GetHandleVerifier [0xbbd45f+263f]
	KERNEL32!BaseThreadInitThunk [0x74b35d49+19]
	ntdll!RtlInitializeExceptionChain [0x7722d83b+6b]
	ntdll!RtlGetAppContainerNamedObjectPath [0x7722d7c1+231]

[2026-04-26 15:15:25.877] [DEBUG   ] [bot.scanner] Error escaneando tile 'Brazilian Roulette': Message: no such element: Unable to locate element: {"method":"css selector","selector":"[id="rwbrzportrwa16rg-237"]"}
  (Session info: chrome=147.0.7727.103); For documentation on this error, please visit: https://www.selenium.dev/documentation/webdriver/troubleshooting/errors#nosuchelementexception
Stacktrace:
	undetected_chromedriver!GetHandleVerifier [0xbcb373+10553]
	undetected_chromedriver!GetHandleVerifier [0xbcb4a4+10684]
	undetected_chromedriver!(No symbol) [0x9d1e10]
	undetected_chromedriver!(No symbol) [0xa1a9da]
	undetected_chromedriver!(No symbol) [0xa1ac7b]
	undetected_chromedriver!(No symbol) [0xa5d162]
	undetected_chromedriver!(No symbol) [0xa3d8b4]
	undetected_chromedriver!(No symbol) [0xa5aa36]
	undetected_chromedriver!(No symbol) [0xa3d606]
	undetected_chromedriver!(No symbol) [0xa10039]
	undetected_chromedriver!(No symbol) [0xa10df4]
	undetected_chromedriver!GetHandleVerifier [0xe4ddb4+292f94]
	undetected_chromedriver!GetHandleVerifier [0xe4937d+28e55d]
	undetected_chromedriver!GetHandleVerifier [0xe68215+2ad3f5]
	undetected_chromedriver!GetHandleVerifier [0xbe4c18+29df8]
	undetected_chromedriver!GetHandleVerifier [0xbec6fd+318dd]
	undetected_chromedriver!GetHandleVerifier [0xbd3c78+18e58]
	undetected_chromedriver!GetHandleVerifier [0xbd3e42+19022]
	undetected_chromedriver!GetHandleVerifier [0xbbd45f+263f]
	KERNEL32!BaseThreadInitThunk [0x74b35d49+19]
	ntdll!RtlInitializeExceptionChain [0x7722d83b+6b]
	ntdll!RtlGetAppContainerNamedObjectPath [0x7722d7c1+231]

[2026-04-26 15:15:25.881] [DEBUG   ] [bot.scanner] Error escaneando tile 'Roulette 1': Message: no such element: Unable to locate element: {"method":"css selector","selector":"[id="g03y1t9vvuhrfytl-227"]"}
  (Session info: chrome=147.0.7727.103); For documentation on this error, please visit: https://www.selenium.dev/documentation/webdriver/troubleshooting/errors#nosuchelementexception
Stacktrace:
	undetected_chromedriver!GetHandleVerifier [0xbcb373+10553]
	undetected_chromedriver!GetHandleVerifier [0xbcb4a4+10684]
	undetected_chromedriver!(No symbol) [0x9d1e10]
	undetected_chromedriver!(No symbol) [0xa1a9da]
	undetected_chromedriver!(No symbol) [0xa1ac7b]
	undetected_chromedriver!(No symbol) [0xa5d162]
	undetected_chromedriver!(No symbol) [0xa3d8b4]
	undetected_chromedriver!(No symbol) [0xa5aa36]
	undetected_chromedriver!(No symbol) [0xa3d606]
	undetected_chromedriver!(No symbol) [0xa10039]
	undetected_chromedriver!(No symbol) [0xa10df4]
	undetected_chromedriver!GetHandleVerifier [0xe4ddb4+292f94]
	undetected_chromedriver!GetHandleVerifier [0xe4937d+28e55d]
	undetected_chromedriver!GetHandleVerifier [0xe68215+2ad3f5]
	undetected_chromedriver!GetHandleVerifier [0xbe4c18+29df8]
	undetected_chromedriver!GetHandleVerifier [0xbec6fd+318dd]
	undetected_chromedriver!GetHandleVerifier [0xbd3c78+18e58]
	undetected_chromedriver!GetHandleVerifier [0xbd3e42+19022]
	undetected_chromedriver!GetHandleVerifier [0xbbd45f+263f]
	KERNEL32!BaseThreadInitThunk [0x74b35d49+19]
	ntdll!RtlInitializeExceptionChain [0x7722d83b+6b]
	ntdll!RtlGetAppContainerNamedObjectPath [0x7722d7c1+231]

[2026-04-26 15:15:25.885] [DEBUG   ] [bot.scanner] Error escaneando tile 'Roulette 3': Message: no such element: Unable to locate element: {"method":"css selector","selector":"[id="chroma229rwltr22-230"]"}
  (Session info: chrome=147.0.7727.103); For documentation on this error, please visit: https://www.selenium.dev/documentation/webdriver/troubleshooting/errors#nosuchelementexception
Stacktrace:
	undetected_chromedriver!GetHandleVerifier [0xbcb373+10553]
	undetected_chromedriver!GetHandleVerifier [0xbcb4a4+10684]
	undetected_chromedriver!(No symbol) [0x9d1e10]
	undetected_chromedriver!(No symbol) [0xa1a9da]
	undetected_chromedriver!(No symbol) [0xa1ac7b]
	undetected_chromedriver!(No symbol) [0xa5d162]
	undetected_chromedriver!(No symbol) [0xa3d8b4]
	undetected_chromedriver!(No symbol) [0xa5aa36]
	undetected_chromedriver!(No symbol) [0xa3d606]
	undetected_chromedriver!(No symbol) [0xa10039]
	undetected_chromedriver!(No symbol) [0xa10df4]
	undetected_chromedriver!GetHandleVerifier [0xe4ddb4+292f94]
	undetected_chromedriver!GetHandleVerifier [0xe4937d+28e55d]
	undetected_chromedriver!GetHandleVerifier [0xe68215+2ad3f5]
	undetected_chromedriver!GetHandleVerifier [0xbe4c18+29df8]
	undetected_chromedriver!GetHandleVerifier [0xbec6fd+318dd]
	undetected_chromedriver!GetHandleVerifier [0xbd3c78+18e58]
	undetected_chromedriver!GetHandleVerifier [0xbd3e42+19022]
	undetected_chromedriver!GetHandleVerifier [0xbbd45f+263f]
	KERNEL32!BaseThreadInitThunk [0x74b35d49+19]
	ntdll!RtlInitializeExceptionChain [0x7722d83b+6b]
	ntdll!RtlGetAppContainerNamedObjectPath [0x7722d7c1+231]

[2026-04-26 15:15:25.888] [DEBUG   ] [bot.scanner] Error escaneando tile 'Roulette Macao': Message: no such element: Unable to locate element: {"method":"css selector","selector":"[id="yqpz3ichst2xg439-206"]"}
  (Session info: chrome=147.0.7727.103); For documentation on this error, please visit: https://www.selenium.dev/documentation/webdriver/troubleshooting/errors#nosuchelementexception
Stacktrace:
	undetected_chromedriver!GetHandleVerifier [0xbcb373+10553]
	undetected_chromedriver!GetHandleVerifier [0xbcb4a4+10684]
	undetected_chromedriver!(No symbol) [0x9d1e10]
	undetected_chromedriver!(No symbol) [0xa1a9da]
	undetected_chromedriver!(No symbol) [0xa1ac7b]
	undetected_chromedriver!(No symbol) [0xa5d162]
	undetected_chromedriver!(No symbol) [0xa3d8b4]
	undetected_chromedriver!(No symbol) [0xa5aa36]
	undetected_chromedriver!(No symbol) [0xa3d606]
	undetected_chromedriver!(No symbol) [0xa10039]
	undetected_chromedriver!(No symbol) [0xa10df4]
	undetected_chromedriver!GetHandleVerifier [0xe4ddb4+292f94]
	undetected_chromedriver!GetHandleVerifier [0xe4937d+28e55d]
	undetected_chromedriver!GetHandleVerifier [0xe68215+2ad3f5]
	undetected_chromedriver!GetHandleVerifier [0xbe4c18+29df8]
	undetected_chromedriver!GetHandleVerifier [0xbec6fd+318dd]
	undetected_chromedriver!GetHandleVerifier [0xbd3c78+18e58]
	undetected_chromedriver!GetHandleVerifier [0xbd3e42+19022]
	undetected_chromedriver!GetHandleVerifier [0xbbd45f+263f]
	KERNEL32!BaseThreadInitThunk [0x74b35d49+19]
	ntdll!RtlInitializeExceptionChain [0x7722d83b+6b]
	ntdll!RtlGetAppContainerNamedObjectPath [0x7722d7c1+231]

[2026-04-26 15:15:25.894] [DEBUG   ] [bot.scanner] Error escaneando tile 'Roulette 2 Extra Time': Message: no such element: Unable to locate element: {"method":"css selector","selector":"[id="5kvxlw4c1qm3xcyn-201"]"}
  (Session info: chrome=147.0.7727.103); For documentation on this error, please visit: https://www.selenium.dev/documentation/webdriver/troubleshooting/errors#nosuchelementexception
Stacktrace:
	undetected_chromedriver!GetHandleVerifier [0xbcb373+10553]
	undetected_chromedriver!GetHandleVerifier [0xbcb4a4+10684]
	undetected_chromedriver!(No symbol) [0x9d1e10]
	undetected_chromedriver!(No symbol) [0xa1a9da]
	undetected_chromedriver!(No symbol) [0xa1ac7b]
	undetected_chromedriver!(No symbol) [0xa5d162]
	undetected_chromedriver!(No symbol) [0xa3d8b4]
	undetected_chromedriver!(No symbol) [0xa5aa36]
	undetected_chromedriver!(No symbol) [0xa3d606]
	undetected_chromedriver!(No symbol) [0xa10039]
	undetected_chromedriver!(No symbol) [0xa10df4]
	undetected_chromedriver!GetHandleVerifier [0xe4ddb4+292f94]
	undetected_chromedriver!GetHandleVerifier [0xe4937d+28e55d]
	undetected_chromedriver!GetHandleVerifier [0xe68215+2ad3f5]
	undetected_chromedriver!GetHandleVerifier [0xbe4c18+29df8]
	undetected_chromedriver!GetHandleVerifier [0xbec6fd+318dd]
	undetected_chromedriver!GetHandleVerifier [0xbd3c78+18e58]
	undetected_chromedriver!GetHandleVerifier [0xbd3e42+19022]
	undetected_chromedriver!GetHandleVerifier [0xbbd45f+263f]
	KERNEL32!BaseThreadInitThunk [0x74b35d49+19]
	ntdll!RtlInitializeExceptionChain [0x7722d83b+6b]
	ntdll!RtlGetAppContainerNamedObjectPath [0x7722d7c1+231]

[2026-04-26 15:15:25.896] [DEBUG   ] [bot.scanner] Error escaneando tile 'Brazilian Mega Roulette': Message: no such element: Unable to locate element: {"method":"css selector","selector":"[id="mrbras531mrbr532-287"]"}
  (Session info: chrome=147.0.7727.103); For documentation on this error, please visit: https://www.selenium.dev/documentation/webdriver/troubleshooting/errors#nosuchelementexception
Stacktrace:
	undetected_chromedriver!GetHandleVerifier [0xbcb373+10553]
	undetected_chromedriver!GetHandleVerifier [0xbcb4a4+10684]
	undetected_chromedriver!(No symbol) [0x9d1e10]
	undetected_chromedriver!(No symbol) [0xa1a9da]
	undetected_chromedriver!(No symbol) [0xa1ac7b]
	undetected_chromedriver!(No symbol) [0xa5d162]
	undetected_chromedriver!(No symbol) [0xa3d8b4]
	undetected_chromedriver!(No symbol) [0xa5aa36]
	undetected_chromedriver!(No symbol) [0xa3d606]
	undetected_chromedriver!(No symbol) [0xa10039]
	undetected_chromedriver!(No symbol) [0xa10df4]
	undetected_chromedriver!GetHandleVerifier [0xe4ddb4+292f94]
	undetected_chromedriver!GetHandleVerifier [0xe4937d+28e55d]
	undetected_chromedriver!GetHandleVerifier [0xe68215+2ad3f5]
	undetected_chromedriver!GetHandleVerifier [0xbe4c18+29df8]
	undetected_chromedriver!GetHandleVerifier [0xbec6fd+318dd]
	undetected_chromedriver!GetHandleVerifier [0xbd3c78+18e58]
	undetected_chromedriver!GetHandleVerifier [0xbd3e42+19022]
	undetected_chromedriver!GetHandleVerifier [0xbbd45f+263f]
	KERNEL32!BaseThreadInitThunk [0x74b35d49+19]
	ntdll!RtlInitializeExceptionChain [0x7722d83b+6b]
	ntdll!RtlGetAppContainerNamedObjectPath [0x7722d7c1+231]

[2026-04-26 15:15:25.899] [DEBUG   ] [bot.scanner] Error escaneando tile 'Lucky 6 Roulette': Message: no such element: Unable to locate element: {"method":"css selector","selector":"[id="lucky6roulettea3-211a1"]"}
  (Session info: chrome=147.0.7727.103); For documentation on this error, please visit: https://www.selenium.dev/documentation/webdriver/troubleshooting/errors#nosuchelementexception
Stacktrace:
	undetected_chromedriver!GetHandleVerifier [0xbcb373+10553]
	undetected_chromedriver!GetHandleVerifier [0xbcb4a4+10684]
	undetected_chromedriver!(No symbol) [0x9d1e10]
	undetected_chromedriver!(No symbol) [0xa1a9da]
	undetected_chromedriver!(No symbol) [0xa1ac7b]
	undetected_chromedriver!(No symbol) [0xa5d162]
	undetected_chromedriver!(No symbol) [0xa3d8b4]
	undetected_chromedriver!(No symbol) [0xa5aa36]
	undetected_chromedriver!(No symbol) [0xa3d606]
	undetected_chromedriver!(No symbol) [0xa10039]
	undetected_chromedriver!(No symbol) [0xa10df4]
	undetected_chromedriver!GetHandleVerifier [0xe4ddb4+292f94]
	undetected_chromedriver!GetHandleVerifier [0xe4937d+28e55d]
	undetected_chromedriver!GetHandleVerifier [0xe68215+2ad3f5]
	undetected_chromedriver!GetHandleVerifier [0xbe4c18+29df8]
	undetected_chromedriver!GetHandleVerifier [0xbec6fd+318dd]
	undetected_chromedriver!GetHandleVerifier [0xbd3c78+18e58]
	undetected_chromedriver!GetHandleVerifier [0xbd3e42+19022]
	undetected_chromedriver!GetHandleVerifier [0xbbd45f+263f]
	KERNEL32!BaseThreadInitThunk [0x74b35d49+19]
	ntdll!RtlInitializeExceptionChain [0x7722d83b+6b]
	ntdll!RtlGetAppContainerNamedObjectPath [0x7722d7c1+231]

[2026-04-26 15:15:25.902] [DEBUG   ] [bot.scanner] Error escaneando tile 'Auto Roulette': Message: no such element: Unable to locate element: {"method":"css selector","selector":"[id="5bzl2835s5ruvweg-225"]"}
  (Session info: chrome=147.0.7727.103); For documentation on this error, please visit: https://www.selenium.dev/documentation/webdriver/troubleshooting/errors#nosuchelementexception
Stacktrace:
	undetected_chromedriver!GetHandleVerifier [0xbcb373+10553]
	undetected_chromedriver!GetHandleVerifier [0xbcb4a4+10684]
	undetected_chromedriver!(No symbol) [0x9d1e10]
	undetected_chromedriver!(No symbol) [0xa1a9da]
	undetected_chromedriver!(No symbol) [0xa1ac7b]
	undetected_chromedriver!(No symbol) [0xa5d162]
	undetected_chromedriver!(No symbol) [0xa3d8b4]
	undetected_chromedriver!(No symbol) [0xa5aa36]
	undetected_chromedriver!(No symbol) [0xa3d606]
	undetected_chromedriver!(No symbol) [0xa10039]
	undetected_chromedriver!(No symbol) [0xa10df4]
	undetected_chromedriver!GetHandleVerifier [0xe4ddb4+292f94]
	undetected_chromedriver!GetHandleVerifier [0xe4937d+28e55d]
	undetected_chromedriver!GetHandleVerifier [0xe68215+2ad3f5]
	undetected_chromedriver!GetHandleVerifier [0xbe4c18+29df8]
	undetected_chromedriver!GetHandleVerifier [0xbec6fd+318dd]
	undetected_chromedriver!GetHandleVerifier [0xbd3c78+18e58]
	undetected_chromedriver!GetHandleVerifier [0xbd3e42+19022]
	undetected_chromedriver!GetHandleVerifier [0xbbd45f+263f]
	KERNEL32!BaseThreadInitThunk [0x74b35d49+19]
	ntdll!RtlInitializeExceptionChain [0x7722d83b+6b]
	ntdll!RtlGetAppContainerNamedObjectPath [0x7722d7c1+231]

[2026-04-26 15:15:25.906] [DEBUG   ] [bot.scanner] Error escaneando tile 'Stake Roulette': Message: no such element: Unable to locate element: {"method":"css selector","selector":"[id="rw321stakerws321-236"]"}
  (Session info: chrome=147.0.7727.103); For documentation on this error, please visit: https://www.selenium.dev/documentation/webdriver/troubleshooting/errors#nosuchelementexception
Stacktrace:
	undetected_chromedriver!GetHandleVerifier [0xbcb373+10553]
	undetected_chromedriver!GetHandleVerifier [0xbcb4a4+10684]
	undetected_chromedriver!(No symbol) [0x9d1e10]
	undetected_chromedriver!(No symbol) [0xa1a9da]
	undetected_chromedriver!(No symbol) [0xa1ac7b]
	undetected_chromedriver!(No symbol) [0xa5d162]
	undetected_chromedriver!(No symbol) [0xa3d8b4]
	undetected_chromedriver!(No symbol) [0xa5aa36]
	undetected_chromedriver!(No symbol) [0xa3d606]
	undetected_chromedriver!(No symbol) [0xa10039]
	undetected_chromedriver!(No symbol) [0xa10df4]
	undetected_chromedriver!GetHandleVerifier [0xe4ddb4+292f94]
	undetected_chromedriver!GetHandleVerifier [0xe4937d+28e55d]
	undetected_chromedriver!GetHandleVerifier [0xe68215+2ad3f5]
	undetected_chromedriver!GetHandleVerifier [0xbe4c18+29df8]
	undetected_chromedriver!GetHandleVerifier [0xbec6fd+318dd]
	undetected_chromedriver!GetHandleVerifier [0xbd3c78+18e58]
	undetected_chromedriver!GetHandleVerifier [0xbd3e42+19022]
	undetected_chromedriver!GetHandleVerifier [0xbbd45f+263f]
	KERNEL32!BaseThreadInitThunk [0x74b35d49+19]
	ntdll!RtlInitializeExceptionChain [0x7722d83b+6b]
	ntdll!RtlGetAppContainerNamedObjectPath [0x7722d7c1+231]

[2026-04-26 15:15:25.911] [DEBUG   ] [bot.scanner] Error escaneando tile 'Turkish Roulette': Message: no such element: Unable to locate element: {"method":"css selector","selector":"[id="p8l1j84prrmxzyic-224"]"}
  (Session info: chrome=147.0.7727.103); For documentation on this error, please visit: https://www.selenium.dev/documentation/webdriver/troubleshooting/errors#nosuchelementexception
Stacktrace:
	undetected_chromedriver!GetHandleVerifier [0xbcb373+10553]
	undetected_chromedriver!GetHandleVerifier [0xbcb4a4+10684]
	undetected_chromedriver!(No symbol) [0x9d1e10]
	undetected_chromedriver!(No symbol) [0xa1a9da]
	undetected_chromedriver!(No symbol) [0xa1ac7b]
	undetected_chromedriver!(No symbol) [0xa5d162]
	undetected_chromedriver!(No symbol) [0xa3d8b4]
	undetected_chromedriver!(No symbol) [0xa5aa36]
	undetected_chromedriver!(No symbol) [0xa3d606]
	undetected_chromedriver!(No symbol) [0xa10039]
	undetected_chromedriver!(No symbol) [0xa10df4]
	undetected_chromedriver!GetHandleVerifier [0xe4ddb4+292f94]
	undetected_chromedriver!GetHandleVerifier [0xe4937d+28e55d]
	undetected_chromedriver!GetHandleVerifier [0xe68215+2ad3f5]
	undetected_chromedriver!GetHandleVerifier [0xbe4c18+29df8]
	undetected_chromedriver!GetHandleVerifier [0xbec6fd+318dd]
	undetected_chromedriver!GetHandleVerifier [0xbd3c78+18e58]
	undetected_chromedriver!GetHandleVerifier [0xbd3e42+19022]
	undetected_chromedriver!GetHandleVerifier [0xbbd45f+263f]
	KERNEL32!BaseThreadInitThunk [0x74b35d49+19]
	ntdll!RtlInitializeExceptionChain [0x7722d83b+6b]
	ntdll!RtlGetAppContainerNamedObjectPath [0x7722d7c1+231]

[2026-04-26 15:15:25.914] [DEBUG   ] [bot.scanner] Error escaneando tile 'German Roulette': Message: no such element: Unable to locate element: {"method":"css selector","selector":"[id="s2x6b4jdeqza2ge2-222"]"}
  (Session info: chrome=147.0.7727.103); For documentation on this error, please visit: https://www.selenium.dev/documentation/webdriver/troubleshooting/errors#nosuchelementexception
Stacktrace:
	undetected_chromedriver!GetHandleVerifier [0xbcb373+10553]
	undetected_chromedriver!GetHandleVerifier [0xbcb4a4+10684]
	undetected_chromedriver!(No symbol) [0x9d1e10]
	undetected_chromedriver!(No symbol) [0xa1a9da]
	undetected_chromedriver!(No symbol) [0xa1ac7b]
	undetected_chromedriver!(No symbol) [0xa5d162]
	undetected_chromedriver!(No symbol) [0xa3d8b4]
	undetected_chromedriver!(No symbol) [0xa5aa36]
	undetected_chromedriver!(No symbol) [0xa3d606]
	undetected_chromedriver!(No symbol) [0xa10039]
	undetected_chromedriver!(No symbol) [0xa10df4]
	undetected_chromedriver!GetHandleVerifier [0xe4ddb4+292f94]
	undetected_chromedriver!GetHandleVerifier [0xe4937d+28e55d]
	undetected_chromedriver!GetHandleVerifier [0xe68215+2ad3f5]
	undetected_chromedriver!GetHandleVerifier [0xbe4c18+29df8]
	undetected_chromedriver!GetHandleVerifier [0xbec6fd+318dd]
	undetected_chromedriver!GetHandleVerifier [0xbd3c78+18e58]
	undetected_chromedriver!GetHandleVerifier [0xbd3e42+19022]
	undetected_chromedriver!GetHandleVerifier [0xbbd45f+263f]
	KERNEL32!BaseThreadInitThunk [0x74b35d49+19]
	ntdll!RtlInitializeExceptionChain [0x7722d83b+6b]
	ntdll!RtlGetAppContainerNamedObjectPath [0x7722d7c1+231]

[2026-04-26 15:15:25.917] [DEBUG   ] [bot.scanner] Error escaneando tile 'Romanian Roulette': Message: no such element: Unable to locate element: {"method":"css selector","selector":"[id="romania233rwl291-233"]"}
  (Session info: chrome=147.0.7727.103); For documentation on this error, please visit: https://www.selenium.dev/documentation/webdriver/troubleshooting/errors#nosuchelementexception
Stacktrace:
	undetected_chromedriver!GetHandleVerifier [0xbcb373+10553]
	undetected_chromedriver!GetHandleVerifier [0xbcb4a4+10684]
	undetected_chromedriver!(No symbol) [0x9d1e10]
	undetected_chromedriver!(No symbol) [0xa1a9da]
	undetected_chromedriver!(No symbol) [0xa1ac7b]
	undetected_chromedriver!(No symbol) [0xa5d162]
	undetected_chromedriver!(No symbol) [0xa3d8b4]
	undetected_chromedriver!(No symbol) [0xa5aa36]
	undetected_chromedriver!(No symbol) [0xa3d606]
	undetected_chromedriver!(No symbol) [0xa10039]
	undetected_chromedriver!(No symbol) [0xa10df4]
	undetected_chromedriver!GetHandleVerifier [0xe4ddb4+292f94]
	undetected_chromedriver!GetHandleVerifier [0xe4937d+28e55d]
	undetected_chromedriver!GetHandleVerifier [0xe68215+2ad3f5]
	undetected_chromedriver!GetHandleVerifier [0xbe4c18+29df8]
	undetected_chromedriver!GetHandleVerifier [0xbec6fd+318dd]
	undetected_chromedriver!GetHandleVerifier [0xbd3c78+18e58]
	undetected_chromedriver!GetHandleVerifier [0xbd3e42+19022]
	undetected_chromedriver!GetHandleVerifier [0xbbd45f+263f]
	KERNEL32!BaseThreadInitThunk [0x74b35d49+19]
	ntdll!RtlInitializeExceptionChain [0x7722d83b+6b]
	ntdll!RtlGetAppContainerNamedObjectPath [0x7722d7c1+231]

[2026-04-26 15:15:25.920] [DEBUG   ] [bot.scanner] Error escaneando tile 'Roulette Italia Tricolore': Message: no such element: Unable to locate element: {"method":"css selector","selector":"[id="v1c52fgw7yy02upz-223"]"}
  (Session info: chrome=147.0.7727.103); For documentation on this error, please visit: https://www.selenium.dev/documentation/webdriver/troubleshooting/errors#nosuchelementexception
Stacktrace:
	undetected_chromedriver!GetHandleVerifier [0xbcb373+10553]
	undetected_chromedriver!GetHandleVerifier [0xbcb4a4+10684]
	undetected_chromedriver!(No symbol) [0x9d1e10]
	undetected_chromedriver!(No symbol) [0xa1a9da]
	undetected_chromedriver!(No symbol) [0xa1ac7b]
	undetected_chromedriver!(No symbol) [0xa5d162]
	undetected_chromedriver!(No symbol) [0xa3d8b4]
	undetected_chromedriver!(No symbol) [0xa5aa36]
	undetected_chromedriver!(No symbol) [0xa3d606]
	undetected_chromedriver!(No symbol) [0xa10039]
	undetected_chromedriver!(No symbol) [0xa10df4]
	undetected_chromedriver!GetHandleVerifier [0xe4ddb4+292f94]
	undetected_chromedriver!GetHandleVerifier [0xe4937d+28e55d]
	undetected_chromedriver!GetHandleVerifier [0xe68215+2ad3f5]
	undetected_chromedriver!GetHandleVerifier [0xbe4c18+29df8]
	undetected_chromedriver!GetHandleVerifier [0xbec6fd+318dd]
	undetected_chromedriver!GetHandleVerifier [0xbd3c78+18e58]
	undetected_chromedriver!GetHandleVerifier [0xbd3e42+19022]
	undetected_chromedriver!GetHandleVerifier [0xbbd45f+263f]
	KERNEL32!BaseThreadInitThunk [0x74b35d49+19]
	ntdll!RtlInitializeExceptionChain [0x7722d83b+6b]
	ntdll!RtlGetAppContainerNamedObjectPath [0x7722d7c1+231]

[2026-04-26 15:15:25.925] [DEBUG   ] [bot.scanner] Error escaneando tile 'Russian Roulette': Message: no such element: Unable to locate element: {"method":"css selector","selector":"[id="t4jzencinod6iqwi-221"]"}
  (Session info: chrome=147.0.7727.103); For documentation on this error, please visit: https://www.selenium.dev/documentation/webdriver/troubleshooting/errors#nosuchelementexception
Stacktrace:
	undetected_chromedriver!GetHandleVerifier [0xbcb373+10553]
	undetected_chromedriver!GetHandleVerifier [0xbcb4a4+10684]
	undetected_chromedriver!(No symbol) [0x9d1e10]
	undetected_chromedriver!(No symbol) [0xa1a9da]
	undetected_chromedriver!(No symbol) [0xa1ac7b]
	undetected_chromedriver!(No symbol) [0xa5d162]
	undetected_chromedriver!(No symbol) [0xa3d8b4]
	undetected_chromedriver!(No symbol) [0xa5aa36]
	undetected_chromedriver!(No symbol) [0xa3d606]
	undetected_chromedriver!(No symbol) [0xa10039]
	undetected_chromedriver!(No symbol) [0xa10df4]
	undetected_chromedriver!GetHandleVerifier [0xe4ddb4+292f94]
	undetected_chromedriver!GetHandleVerifier [0xe4937d+28e55d]
	undetected_chromedriver!GetHandleVerifier [0xe68215+2ad3f5]
	undetected_chromedriver!GetHandleVerifier [0xbe4c18+29df8]
	undetected_chromedriver!GetHandleVerifier [0xbec6fd+318dd]
	undetected_chromedriver!GetHandleVerifier [0xbd3c78+18e58]
	undetected_chromedriver!GetHandleVerifier [0xbd3e42+19022]
	undetected_chromedriver!GetHandleVerifier [0xbbd45f+263f]
	KERNEL32!BaseThreadInitThunk [0x74b35d49+19]
	ntdll!RtlInitializeExceptionChain [0x7722d83b+6b]
	ntdll!RtlGetAppContainerNamedObjectPath [0x7722d7c1+231]

[2026-04-26 15:15:25.928] [DEBUG   ] [bot.scanner] Error escaneando tile 'Dutch Roulette': Message: no such element: Unable to locate element: {"method":"css selector","selector":"[id="dutchrw235rwl293-235"]"}
  (Session info: chrome=147.0.7727.103); For documentation on this error, please visit: https://www.selenium.dev/documentation/webdriver/troubleshooting/errors#nosuchelementexception
Stacktrace:
	undetected_chromedriver!GetHandleVerifier [0xbcb373+10553]
	undetected_chromedriver!GetHandleVerifier [0xbcb4a4+10684]
	undetected_chromedriver!(No symbol) [0x9d1e10]
	undetected_chromedriver!(No symbol) [0xa1a9da]
	undetected_chromedriver!(No symbol) [0xa1ac7b]
	undetected_chromedriver!(No symbol) [0xa5d162]
	undetected_chromedriver!(No symbol) [0xa3d8b4]
	undetected_chromedriver!(No symbol) [0xa5aa36]
	undetected_chromedriver!(No symbol) [0xa3d606]
	undetected_chromedriver!(No symbol) [0xa10039]
	undetected_chromedriver!(No symbol) [0xa10df4]
	undetected_chromedriver!GetHandleVerifier [0xe4ddb4+292f94]
	undetected_chromedriver!GetHandleVerifier [0xe4937d+28e55d]
	undetected_chromedriver!GetHandleVerifier [0xe68215+2ad3f5]
	undetected_chromedriver!GetHandleVerifier [0xbe4c18+29df8]
	undetected_chromedriver!GetHandleVerifier [0xbec6fd+318dd]
	undetected_chromedriver!GetHandleVerifier [0xbd3c78+18e58]
	undetected_chromedriver!GetHandleVerifier [0xbd3e42+19022]
	undetected_chromedriver!GetHandleVerifier [0xbbd45f+263f]
	KERNEL32!BaseThreadInitThunk [0x74b35d49+19]
	ntdll!RtlInitializeExceptionChain [0x7722d83b+6b]
	ntdll!RtlGetAppContainerNamedObjectPath [0x7722d7c1+231]

[2026-04-26 15:15:26.454] [DEBUG   ] [bot.scanner] Error escaneando tile 'Ruleta Latina': Message: no such element: Unable to locate element: {"method":"css selector","selector":"[id="roulerw234rwl292-234"]"}
  (Session info: chrome=147.0.7727.103); For documentation on this error, please visit: https://www.selenium.dev/documentation/webdriver/troubleshooting/errors#nosuchelementexception
Stacktrace:
	undetected_chromedriver!GetHandleVerifier [0xbcb373+10553]
	undetected_chromedriver!GetHandleVerifier [0xbcb4a4+10684]
	undetected_chromedriver!(No symbol) [0x9d1e10]
	undetected_chromedriver!(No symbol) [0xa1a9da]
	undetected_chromedriver!(No symbol) [0xa1ac7b]
	undetected_chromedriver!(No symbol) [0xa5d162]
	undetected_chromedriver!(No symbol) [0xa3d8b4]
	undetected_chromedriver!(No symbol) [0xa5aa36]
	undetected_chromedriver!(No symbol) [0xa3d606]
	undetected_chromedriver!(No symbol) [0xa10039]
	undetected_chromedriver!(No symbol) [0xa10df4]
	undetected_chromedriver!GetHandleVerifier [0xe4ddb4+292f94]
	undetected_chromedriver!GetHandleVerifier [0xe4937d+28e55d]
	undetected_chromedriver!GetHandleVerifier [0xe68215+2ad3f5]
	undetected_chromedriver!GetHandleVerifier [0xbe4c18+29df8]
	undetected_chromedriver!GetHandleVerifier [0xbec6fd+318dd]
	undetected_chromedriver!GetHandleVerifier [0xbd3c78+18e58]
	undetected_chromedriver!GetHandleVerifier [0xbd3e42+19022]
	undetected_chromedriver!GetHandleVerifier [0xbbd45f+263f]
	KERNEL32!BaseThreadInitThunk [0x74b35d49+19]
	ntdll!RtlInitializeExceptionChain [0x7722d83b+6b]
	ntdll!RtlGetAppContainerNamedObjectPath [0x7722d7c1+231]

[2026-04-26 15:15:26.466] [DEBUG   ] [bot.scanner] Error escaneando tile 'Mega Roulette': Message: no such element: Unable to locate element: {"method":"css selector","selector":"[id="1hl65ce1lxuqdrkr-204"]"}
  (Session info: chrome=147.0.7727.103); For documentation on this error, please visit: https://www.selenium.dev/documentation/webdriver/troubleshooting/errors#nosuchelementexception
Stacktrace:
	undetected_chromedriver!GetHandleVerifier [0xbcb373+10553]
	undetected_chromedriver!GetHandleVerifier [0xbcb4a4+10684]
	undetected_chromedriver!(No symbol) [0x9d1e10]
	undetected_chromedriver!(No symbol) [0xa1a9da]
	undetected_chromedriver!(No symbol) [0xa1ac7b]
	undetected_chromedriver!(No symbol) [0xa5d162]
	undetected_chromedriver!(No symbol) [0xa3d8b4]
	undetected_chromedriver!(No symbol) [0xa5aa36]
	undetected_chromedriver!(No symbol) [0xa3d606]
	undetected_chromedriver!(No symbol) [0xa10039]
	undetected_chromedriver!(No symbol) [0xa10df4]
	undetected_chromedriver!GetHandleVerifier [0xe4ddb4+292f94]
	undetected_chromedriver!GetHandleVerifier [0xe4937d+28e55d]
	undetected_chromedriver!GetHandleVerifier [0xe68215+2ad3f5]
	undetected_chromedriver!GetHandleVerifier [0xbe4c18+29df8]
	undetected_chromedriver!GetHandleVerifier [0xbec6fd+318dd]
	undetected_chromedriver!GetHandleVerifier [0xbd3c78+18e58]
	undetected_chromedriver!GetHandleVerifier [0xbd3e42+19022]
	undetected_chromedriver!GetHandleVerifier [0xbbd45f+263f]
	KERNEL32!BaseThreadInitThunk [0x74b35d49+19]
	ntdll!RtlInitializeExceptionChain [0x7722d83b+6b]
	ntdll!RtlGetAppContainerNamedObjectPath [0x7722d7c1+231]

[2026-04-26 15:15:26.474] [DEBUG   ] [bot.scanner] Error escaneando tile 'Brazilian Roulette': Message: no such element: Unable to locate element: {"method":"css selector","selector":"[id="rwbrzportrwa16rg-237"]"}
  (Session info: chrome=147.0.7727.103); For documentation on this error, please visit: https://www.selenium.dev/documentation/webdriver/troubleshooting/errors#nosuchelementexception
Stacktrace:
	undetected_chromedriver!GetHandleVerifier [0xbcb373+10553]
	undetected_chromedriver!GetHandleVerifier [0xbcb4a4+10684]
	undetected_chromedriver!(No symbol) [0x9d1e10]
	undetected_chromedriver!(No symbol) [0xa1a9da]
	undetected_chromedriver!(No symbol) [0xa1ac7b]
	undetected_chromedriver!(No symbol) [0xa5d162]
	undetected_chromedriver!(No symbol) [0xa3d8b4]
	undetected_chromedriver!(No symbol) [0xa5aa36]
	undetected_chromedriver!(No symbol) [0xa3d606]
	undetected_chromedriver!(No symbol) [0xa10039]
	undetected_chromedriver!(No symbol) [0xa10df4]
	undetected_chromedriver!GetHandleVerifier [0xe4ddb4+292f94]
	undetected_chromedriver!GetHandleVerifier [0xe4937d+28e55d]
	undetected_chromedriver!GetHandleVerifier [0xe68215+2ad3f5]
	undetected_chromedriver!GetHandleVerifier [0xbe4c18+29df8]
	undetected_chromedriver!GetHandleVerifier [0xbec6fd+318dd]
	undetected_chromedriver!GetHandleVerifier [0xbd3c78+18e58]
	undetected_chromedriver!GetHandleVerifier [0xbd3e42+19022]
	undetected_chromedriver!GetHandleVerifier [0xbbd45f+263f]
	KERNEL32!BaseThreadInitThunk [0x74b35d49+19]
	ntdll!RtlInitializeExceptionChain [0x7722d83b+6b]
	ntdll!RtlGetAppContainerNamedObjectPath [0x7722d7c1+231]

[2026-04-26 15:15:26.479] [DEBUG   ] [bot.scanner] Error escaneando tile 'Roulette 1': Message: no such element: Unable to locate element: {"method":"css selector","selector":"[id="g03y1t9vvuhrfytl-227"]"}
  (Session info: chrome=147.0.7727.103); For documentation on this error, please visit: https://www.selenium.dev/documentation/webdriver/troubleshooting/errors#nosuchelementexception
Stacktrace:
	undetected_chromedriver!GetHandleVerifier [0xbcb373+10553]
	undetected_chromedriver!GetHandleVerifier [0xbcb4a4+10684]
	undetected_chromedriver!(No symbol) [0x9d1e10]
	undetected_chromedriver!(No symbol) [0xa1a9da]
	undetected_chromedriver!(No symbol) [0xa1ac7b]
	undetected_chromedriver!(No symbol) [0xa5d162]
	undetected_chromedriver!(No symbol) [0xa3d8b4]
	undetected_chromedriver!(No symbol) [0xa5aa36]
	undetected_chromedriver!(No symbol) [0xa3d606]
	undetected_chromedriver!(No symbol) [0xa10039]
	undetected_chromedriver!(No symbol) [0xa10df4]
	undetected_chromedriver!GetHandleVerifier [0xe4ddb4+292f94]
	undetected_chromedriver!GetHandleVerifier [0xe4937d+28e55d]
	undetected_chromedriver!GetHandleVerifier [0xe68215+2ad3f5]
	undetected_chromedriver!GetHandleVerifier [0xbe4c18+29df8]
	undetected_chromedriver!GetHandleVerifier [0xbec6fd+318dd]
	undetected_chromedriver!GetHandleVerifier [0xbd3c78+18e58]
	undetected_chromedriver!GetHandleVerifier [0xbd3e42+19022]
	undetected_chromedriver!GetHandleVerifier [0xbbd45f+263f]
	KERNEL32!BaseThreadInitThunk [0x74b35d49+19]
	ntdll!RtlInitializeExceptionChain [0x7722d83b+6b]
	ntdll!RtlGetAppContainerNamedObjectPath [0x7722d7c1+231]

[2026-04-26 15:15:26.484] [DEBUG   ] [bot.scanner] Error escaneando tile 'Roulette 3': Message: no such element: Unable to locate element: {"method":"css selector","selector":"[id="chroma229rwltr22-230"]"}
  (Session info: chrome=147.0.7727.103); For documentation on this error, please visit: https://www.selenium.dev/documentation/webdriver/troubleshooting/errors#nosuchelementexception
Stacktrace:
	undetected_chromedriver!GetHandleVerifier [0xbcb373+10553]
	undetected_chromedriver!GetHandleVerifier [0xbcb4a4+10684]
	undetected_chromedriver!(No symbol) [0x9d1e10]
	undetected_chromedriver!(No symbol) [0xa1a9da]
	undetected_chromedriver!(No symbol) [0xa1ac7b]
	undetected_chromedriver!(No symbol) [0xa5d162]
	undetected_chromedriver!(No symbol) [0xa3d8b4]
	undetected_chromedriver!(No symbol) [0xa5aa36]
	undetected_chromedriver!(No symbol) [0xa3d606]
	undetected_chromedriver!(No symbol) [0xa10039]
	undetected_chromedriver!(No symbol) [0xa10df4]
	undetected_chromedriver!GetHandleVerifier [0xe4ddb4+292f94]
	undetected_chromedriver!GetHandleVerifier [0xe4937d+28e55d]
	undetected_chromedriver!GetHandleVerifier [0xe68215+2ad3f5]
	undetected_chromedriver!GetHandleVerifier [0xbe4c18+29df8]
	undetected_chromedriver!GetHandleVerifier [0xbec6fd+318dd]
	undetected_chromedriver!GetHandleVerifier [0xbd3c78+18e58]
	undetected_chromedriver!GetHandleVerifier [0xbd3e42+19022]
	undetected_chromedriver!GetHandleVerifier [0xbbd45f+263f]
	KERNEL32!BaseThreadInitThunk [0x74b35d49+19]
	ntdll!RtlInitializeExceptionChain [0x7722d83b+6b]
	ntdll!RtlGetAppContainerNamedObjectPath [0x7722d7c1+231]

[2026-04-26 15:15:26.488] [DEBUG   ] [bot.scanner] Error escaneando tile 'Roulette Macao': Message: no such element: Unable to locate element: {"method":"css selector","selector":"[id="yqpz3ichst2xg439-206"]"}
  (Session info: chrome=147.0.7727.103); For documentation on this error, please visit: https://www.selenium.dev/documentation/webdriver/troubleshooting/errors#nosuchelementexception
Stacktrace:
	undetected_chromedriver!GetHandleVerifier [0xbcb373+10553]
	undetected_chromedriver!GetHandleVerifier [0xbcb4a4+10684]
	undetected_chromedriver!(No symbol) [0x9d1e10]
	undetected_chromedriver!(No symbol) [0xa1a9da]
	undetected_chromedriver!(No symbol) [0xa1ac7b]
	undetected_chromedriver!(No symbol) [0xa5d162]
	undetected_chromedriver!(No symbol) [0xa3d8b4]
	undetected_chromedriver!(No symbol) [0xa5aa36]
	undetected_chromedriver!(No symbol) [0xa3d606]
	undetected_chromedriver!(No symbol) [0xa10039]
	undetected_chromedriver!(No symbol) [0xa10df4]
	undetected_chromedriver!GetHandleVerifier [0xe4ddb4+292f94]
	undetected_chromedriver!GetHandleVerifier [0xe4937d+28e55d]
	undetected_chromedriver!GetHandleVerifier [0xe68215+2ad3f5]
	undetected_chromedriver!GetHandleVerifier [0xbe4c18+29df8]
	undetected_chromedriver!GetHandleVerifier [0xbec6fd+318dd]
	undetected_chromedriver!GetHandleVerifier [0xbd3c78+18e58]
	undetected_chromedriver!GetHandleVerifier [0xbd3e42+19022]
	undetected_chromedriver!GetHandleVerifier [0xbbd45f+263f]
	KERNEL32!BaseThreadInitThunk [0x74b35d49+19]
	ntdll!RtlInitializeExceptionChain [0x7722d83b+6b]
	ntdll!RtlGetAppContainerNamedObjectPath [0x7722d7c1+231]

[2026-04-26 15:15:26.495] [DEBUG   ] [bot.scanner] Error escaneando tile 'Roulette 2 Extra Time': Message: no such element: Unable to locate element: {"method":"css selector","selector":"[id="5kvxlw4c1qm3xcyn-201"]"}
  (Session info: chrome=147.0.7727.103); For documentation on this error, please visit: https://www.selenium.dev/documentation/webdriver/troubleshooting/errors#nosuchelementexception
Stacktrace:
	undetected_chromedriver!GetHandleVerifier [0xbcb373+10553]
	undetected_chromedriver!GetHandleVerifier [0xbcb4a4+10684]
	undetected_chromedriver!(No symbol) [0x9d1e10]
	undetected_chromedriver!(No symbol) [0xa1a9da]
	undetected_chromedriver!(No symbol) [0xa1ac7b]
	undetected_chromedriver!(No symbol) [0xa5d162]
	undetected_chromedriver!(No symbol) [0xa3d8b4]
	undetected_chromedriver!(No symbol) [0xa5aa36]
	undetected_chromedriver!(No symbol) [0xa3d606]
	undetected_chromedriver!(No symbol) [0xa10039]
	undetected_chromedriver!(No symbol) [0xa10df4]
	undetected_chromedriver!GetHandleVerifier [0xe4ddb4+292f94]
	undetected_chromedriver!GetHandleVerifier [0xe4937d+28e55d]
	undetected_chromedriver!GetHandleVerifier [0xe68215+2ad3f5]
	undetected_chromedriver!GetHandleVerifier [0xbe4c18+29df8]
	undetected_chromedriver!GetHandleVerifier [0xbec6fd+318dd]
	undetected_chromedriver!GetHandleVerifier [0xbd3c78+18e58]
	undetected_chromedriver!GetHandleVerifier [0xbd3e42+19022]
	undetected_chromedriver!GetHandleVerifier [0xbbd45f+263f]
	KERNEL32!BaseThreadInitThunk [0x74b35d49+19]
	ntdll!RtlInitializeExceptionChain [0x7722d83b+6b]
	ntdll!RtlGetAppContainerNamedObjectPath [0x7722d7c1+231]

[2026-04-26 15:15:26.499] [DEBUG   ] [bot.scanner] Error escaneando tile 'Brazilian Mega Roulette': Message: no such element: Unable to locate element: {"method":"css selector","selector":"[id="mrbras531mrbr532-287"]"}
  (Session info: chrome=147.0.7727.103); For documentation on this error, please visit: https://www.selenium.dev/documentation/webdriver/troubleshooting/errors#nosuchelementexception
Stacktrace:
	undetected_chromedriver!GetHandleVerifier [0xbcb373+10553]
	undetected_chromedriver!GetHandleVerifier [0xbcb4a4+10684]
	undetected_chromedriver!(No symbol) [0x9d1e10]
	undetected_chromedriver!(No symbol) [0xa1a9da]
	undetected_chromedriver!(No symbol) [0xa1ac7b]
	undetected_chromedriver!(No symbol) [0xa5d162]
	undetected_chromedriver!(No symbol) [0xa3d8b4]
	undetected_chromedriver!(No symbol) [0xa5aa36]
	undetected_chromedriver!(No symbol) [0xa3d606]
	undetected_chromedriver!(No symbol) [0xa10039]
	undetected_chromedriver!(No symbol) [0xa10df4]
	undetected_chromedriver!GetHandleVerifier [0xe4ddb4+292f94]
	undetected_chromedriver!GetHandleVerifier [0xe4937d+28e55d]
	undetected_chromedriver!GetHandleVerifier [0xe68215+2ad3f5]
	undetected_chromedriver!GetHandleVerifier [0xbe4c18+29df8]
	undetected_chromedriver!GetHandleVerifier [0xbec6fd+318dd]
	undetected_chromedriver!GetHandleVerifier [0xbd3c78+18e58]
	undetected_chromedriver!GetHandleVerifier [0xbd3e42+19022]
	undetected_chromedriver!GetHandleVerifier [0xbbd45f+263f]
	KERNEL32!BaseThreadInitThunk [0x74b35d49+19]
	ntdll!RtlInitializeExceptionChain [0x7722d83b+6b]
	ntdll!RtlGetAppContainerNamedObjectPath [0x7722d7c1+231]

[2026-04-26 15:15:26.503] [DEBUG   ] [bot.scanner] Error escaneando tile 'Lucky 6 Roulette': Message: no such element: Unable to locate element: {"method":"css selector","selector":"[id="lucky6roulettea3-211a1"]"}
  (Session info: chrome=147.0.7727.103); For documentation on this error, please visit: https://www.selenium.dev/documentation/webdriver/troubleshooting/errors#nosuchelementexception
Stacktrace:
	undetected_chromedriver!GetHandleVerifier [0xbcb373+10553]
	undetected_chromedriver!GetHandleVerifier [0xbcb4a4+10684]
	undetected_chromedriver!(No symbol) [0x9d1e10]
	undetected_chromedriver!(No symbol) [0xa1a9da]
	undetected_chromedriver!(No symbol) [0xa1ac7b]
	undetected_chromedriver!(No symbol) [0xa5d162]
	undetected_chromedriver!(No symbol) [0xa3d8b4]
	undetected_chromedriver!(No symbol) [0xa5aa36]
	undetected_chromedriver!(No symbol) [0xa3d606]
	undetected_chromedriver!(No symbol) [0xa10039]
	undetected_chromedriver!(No symbol) [0xa10df4]
	undetected_chromedriver!GetHandleVerifier [0xe4ddb4+292f94]
	undetected_chromedriver!GetHandleVerifier [0xe4937d+28e55d]
	undetected_chromedriver!GetHandleVerifier [0xe68215+2ad3f5]
	undetected_chromedriver!GetHandleVerifier [0xbe4c18+29df8]
	undetected_chromedriver!GetHandleVerifier [0xbec6fd+318dd]
	undetected_chromedriver!GetHandleVerifier [0xbd3c78+18e58]
	undetected_chromedriver!GetHandleVerifier [0xbd3e42+19022]
	undetected_chromedriver!GetHandleVerifier [0xbbd45f+263f]
	KERNEL32!BaseThreadInitThunk [0x74b35d49+19]
	ntdll!RtlInitializeExceptionChain [0x7722d83b+6b]
	ntdll!RtlGetAppContainerNamedObjectPath [0x7722d7c1+231]

[2026-04-26 15:15:26.509] [DEBUG   ] [bot.scanner] Error escaneando tile 'Auto Roulette': Message: no such element: Unable to locate element: {"method":"css selector","selector":"[id="5bzl2835s5ruvweg-225"]"}
  (Session info: chrome=147.0.7727.103); For documentation on this error, please visit: https://www.selenium.dev/documentation/webdriver/troubleshooting/errors#nosuchelementexception
Stacktrace:
	undetected_chromedriver!GetHandleVerifier [0xbcb373+10553]
	undetected_chromedriver!GetHandleVerifier [0xbcb4a4+10684]
	undetected_chromedriver!(No symbol) [0x9d1e10]
	undetected_chromedriver!(No symbol) [0xa1a9da]
	undetected_chromedriver!(No symbol) [0xa1ac7b]
	undetected_chromedriver!(No symbol) [0xa5d162]
	undetected_chromedriver!(No symbol) [0xa3d8b4]
	undetected_chromedriver!(No symbol) [0xa5aa36]
	undetected_chromedriver!(No symbol) [0xa3d606]
	undetected_chromedriver!(No symbol) [0xa10039]
	undetected_chromedriver!(No symbol) [0xa10df4]
	undetected_chromedriver!GetHandleVerifier [0xe4ddb4+292f94]
	undetected_chromedriver!GetHandleVerifier [0xe4937d+28e55d]
	undetected_chromedriver!GetHandleVerifier [0xe68215+2ad3f5]
	undetected_chromedriver!GetHandleVerifier [0xbe4c18+29df8]
	undetected_chromedriver!GetHandleVerifier [0xbec6fd+318dd]
	undetected_chromedriver!GetHandleVerifier [0xbd3c78+18e58]
	undetected_chromedriver!GetHandleVerifier [0xbd3e42+19022]
	undetected_chromedriver!GetHandleVerifier [0xbbd45f+263f]
	KERNEL32!BaseThreadInitThunk [0x74b35d49+19]
	ntdll!RtlInitializeExceptionChain [0x7722d83b+6b]
	ntdll!RtlGetAppContainerNamedObjectPath [0x7722d7c1+231]

[2026-04-26 15:15:26.513] [DEBUG   ] [bot.scanner] Error escaneando tile 'Stake Roulette': Message: no such element: Unable to locate element: {"method":"css selector","selector":"[id="rw321stakerws321-236"]"}
  (Session info: chrome=147.0.7727.103); For documentation on this error, please visit: https://www.selenium.dev/documentation/webdriver/troubleshooting/errors#nosuchelementexception
Stacktrace:
	undetected_chromedriver!GetHandleVerifier [0xbcb373+10553]
	undetected_chromedriver!GetHandleVerifier [0xbcb4a4+10684]
	undetected_chromedriver!(No symbol) [0x9d1e10]
	undetected_chromedriver!(No symbol) [0xa1a9da]
	undetected_chromedriver!(No symbol) [0xa1ac7b]
	undetected_chromedriver!(No symbol) [0xa5d162]
	undetected_chromedriver!(No symbol) [0xa3d8b4]
	undetected_chromedriver!(No symbol) [0xa5aa36]
	undetected_chromedriver!(No symbol) [0xa3d606]
	undetected_chromedriver!(No symbol) [0xa10039]
	undetected_chromedriver!(No symbol) [0xa10df4]
	undetected_chromedriver!GetHandleVerifier [0xe4ddb4+292f94]
	undetected_chromedriver!GetHandleVerifier [0xe4937d+28e55d]
	undetected_chromedriver!GetHandleVerifier [0xe68215+2ad3f5]
	undetected_chromedriver!GetHandleVerifier [0xbe4c18+29df8]
	undetected_chromedriver!GetHandleVerifier [0xbec6fd+318dd]
	undetected_chromedriver!GetHandleVerifier [0xbd3c78+18e58]
	undetected_chromedriver!GetHandleVerifier [0xbd3e42+19022]
	undetected_chromedriver!GetHandleVerifier [0xbbd45f+263f]
	KERNEL32!BaseThreadInitThunk [0x74b35d49+19]
	ntdll!RtlInitializeExceptionChain [0x7722d83b+6b]
	ntdll!RtlGetAppContainerNamedObjectPath [0x7722d7c1+231]

[2026-04-26 15:15:26.516] [DEBUG   ] [bot.scanner] Error escaneando tile 'Turkish Roulette': Message: no such element: Unable to locate element: {"method":"css selector","selector":"[id="p8l1j84prrmxzyic-224"]"}
  (Session info: chrome=147.0.7727.103); For documentation on this error, please visit: https://www.selenium.dev/documentation/webdriver/troubleshooting/errors#nosuchelementexception
Stacktrace:
	undetected_chromedriver!GetHandleVerifier [0xbcb373+10553]
	undetected_chromedriver!GetHandleVerifier [0xbcb4a4+10684]
	undetected_chromedriver!(No symbol) [0x9d1e10]
	undetected_chromedriver!(No symbol) [0xa1a9da]
	undetected_chromedriver!(No symbol) [0xa1ac7b]
	undetected_chromedriver!(No symbol) [0xa5d162]
	undetected_chromedriver!(No symbol) [0xa3d8b4]
	undetected_chromedriver!(No symbol) [0xa5aa36]
	undetected_chromedriver!(No symbol) [0xa3d606]
	undetected_chromedriver!(No symbol) [0xa10039]
	undetected_chromedriver!(No symbol) [0xa10df4]
	undetected_chromedriver!GetHandleVerifier [0xe4ddb4+292f94]
	undetected_chromedriver!GetHandleVerifier [0xe4937d+28e55d]
	undetected_chromedriver!GetHandleVerifier [0xe68215+2ad3f5]
	undetected_chromedriver!GetHandleVerifier [0xbe4c18+29df8]
	undetected_chromedriver!GetHandleVerifier [0xbec6fd+318dd]
	undetected_chromedriver!GetHandleVerifier [0xbd3c78+18e58]
	undetected_chromedriver!GetHandleVerifier [0xbd3e42+19022]
	undetected_chromedriver!GetHandleVerifier [0xbbd45f+263f]
	KERNEL32!BaseThreadInitThunk [0x74b35d49+19]
	ntdll!RtlInitializeExceptionChain [0x7722d83b+6b]
	ntdll!RtlGetAppContainerNamedObjectPath [0x7722d7c1+231]

[2026-04-26 15:15:26.520] [DEBUG   ] [bot.scanner] Error escaneando tile 'German Roulette': Message: no such element: Unable to locate element: {"method":"css selector","selector":"[id="s2x6b4jdeqza2ge2-222"]"}
  (Session info: chrome=147.0.7727.103); For documentation on this error, please visit: https://www.selenium.dev/documentation/webdriver/troubleshooting/errors#nosuchelementexception
Stacktrace:
	undetected_chromedriver!GetHandleVerifier [0xbcb373+10553]
	undetected_chromedriver!GetHandleVerifier [0xbcb4a4+10684]
	undetected_chromedriver!(No symbol) [0x9d1e10]
	undetected_chromedriver!(No symbol) [0xa1a9da]
	undetected_chromedriver!(No symbol) [0xa1ac7b]
	undetected_chromedriver!(No symbol) [0xa5d162]
	undetected_chromedriver!(No symbol) [0xa3d8b4]
	undetected_chromedriver!(No symbol) [0xa5aa36]
	undetected_chromedriver!(No symbol) [0xa3d606]
	undetected_chromedriver!(No symbol) [0xa10039]
	undetected_chromedriver!(No symbol) [0xa10df4]
	undetected_chromedriver!GetHandleVerifier [0xe4ddb4+292f94]
	undetected_chromedriver!GetHandleVerifier [0xe4937d+28e55d]
	undetected_chromedriver!GetHandleVerifier [0xe68215+2ad3f5]
	undetected_chromedriver!GetHandleVerifier [0xbe4c18+29df8]
	undetected_chromedriver!GetHandleVerifier [0xbec6fd+318dd]
	undetected_chromedriver!GetHandleVerifier [0xbd3c78+18e58]
	undetected_chromedriver!GetHandleVerifier [0xbd3e42+19022]
	undetected_chromedriver!GetHandleVerifier [0xbbd45f+263f]
	KERNEL32!BaseThreadInitThunk [0x74b35d49+19]
	ntdll!RtlInitializeExceptionChain [0x7722d83b+6b]
	ntdll!RtlGetAppContainerNamedObjectPath [0x7722d7c1+231]

[2026-04-26 15:15:26.525] [DEBUG   ] [bot.scanner] Error escaneando tile 'Romanian Roulette': Message: no such element: Unable to locate element: {"method":"css selector","selector":"[id="romania233rwl291-233"]"}
  (Session info: chrome=147.0.7727.103); For documentation on this error, please visit: https://www.selenium.dev/documentation/webdriver/troubleshooting/errors#nosuchelementexception
Stacktrace:
	undetected_chromedriver!GetHandleVerifier [0xbcb373+10553]
	undetected_chromedriver!GetHandleVerifier [0xbcb4a4+10684]
	undetected_chromedriver!(No symbol) [0x9d1e10]
	undetected_chromedriver!(No symbol) [0xa1a9da]
	undetected_chromedriver!(No symbol) [0xa1ac7b]
	undetected_chromedriver!(No symbol) [0xa5d162]
	undetected_chromedriver!(No symbol) [0xa3d8b4]
	undetected_chromedriver!(No symbol) [0xa5aa36]
	undetected_chromedriver!(No symbol) [0xa3d606]
	undetected_chromedriver!(No symbol) [0xa10039]
	undetected_chromedriver!(No symbol) [0xa10df4]
	undetected_chromedriver!GetHandleVerifier [0xe4ddb4+292f94]
	undetected_chromedriver!GetHandleVerifier [0xe4937d+28e55d]
	undetected_chromedriver!GetHandleVerifier [0xe68215+2ad3f5]
	undetected_chromedriver!GetHandleVerifier [0xbe4c18+29df8]
	undetected_chromedriver!GetHandleVerifier [0xbec6fd+318dd]
	undetected_chromedriver!GetHandleVerifier [0xbd3c78+18e58]
	undetected_chromedriver!GetHandleVerifier [0xbd3e42+19022]
	undetected_chromedriver!GetHandleVerifier [0xbbd45f+263f]
	KERNEL32!BaseThreadInitThunk [0x74b35d49+19]
	ntdll!RtlInitializeExceptionChain [0x7722d83b+6b]
	ntdll!RtlGetAppContainerNamedObjectPath [0x7722d7c1+231]

[2026-04-26 15:15:26.528] [DEBUG   ] [bot.scanner] Error escaneando tile 'Roulette Italia Tricolore': Message: no such element: Unable to locate element: {"method":"css selector","selector":"[id="v1c52fgw7yy02upz-223"]"}
  (Session info: chrome=147.0.7727.103); For documentation on this error, please visit: https://www.selenium.dev/documentation/webdriver/troubleshooting/errors#nosuchelementexception
Stacktrace:
	undetected_chromedriver!GetHandleVerifier [0xbcb373+10553]
	undetected_chromedriver!GetHandleVerifier [0xbcb4a4+10684]
	undetected_chromedriver!(No symbol) [0x9d1e10]
	undetected_chromedriver!(No symbol) [0xa1a9da]
	undetected_chromedriver!(No symbol) [0xa1ac7b]
	undetected_chromedriver!(No symbol) [0xa5d162]
	undetected_chromedriver!(No symbol) [0xa3d8b4]
	undetected_chromedriver!(No symbol) [0xa5aa36]
	undetected_chromedriver!(No symbol) [0xa3d606]
	undetected_chromedriver!(No symbol) [0xa10039]
	undetected_chromedriver!(No symbol) [0xa10df4]
	undetected_chromedriver!GetHandleVerifier [0xe4ddb4+292f94]
	undetected_chromedriver!GetHandleVerifier [0xe4937d+28e55d]
	undetected_chromedriver!GetHandleVerifier [0xe68215+2ad3f5]
	undetected_chromedriver!GetHandleVerifier [0xbe4c18+29df8]
	undetected_chromedriver!GetHandleVerifier [0xbec6fd+318dd]
	undetected_chromedriver!GetHandleVerifier [0xbd3c78+18e58]
	undetected_chromedriver!GetHandleVerifier [0xbd3e42+19022]
	undetected_chromedriver!GetHandleVerifier [0xbbd45f+263f]
	KERNEL32!BaseThreadInitThunk [0x74b35d49+19]
	ntdll!RtlInitializeExceptionChain [0x7722d83b+6b]
	ntdll!RtlGetAppContainerNamedObjectPath [0x7722d7c1+231]

[2026-04-26 15:15:26.532] [DEBUG   ] [bot.scanner] Error escaneando tile 'Russian Roulette': Message: no such element: Unable to locate element: {"method":"css selector","selector":"[id="t4jzencinod6iqwi-221"]"}
  (Session info: chrome=147.0.7727.103); For documentation on this error, please visit: https://www.selenium.dev/documentation/webdriver/troubleshooting/errors#nosuchelementexception
Stacktrace:
	undetected_chromedriver!GetHandleVerifier [0xbcb373+10553]
	undetected_chromedriver!GetHandleVerifier [0xbcb4a4+10684]
	undetected_chromedriver!(No symbol) [0x9d1e10]
	undetected_chromedriver!(No symbol) [0xa1a9da]
	undetected_chromedriver!(No symbol) [0xa1ac7b]
	undetected_chromedriver!(No symbol) [0xa5d162]
	undetected_chromedriver!(No symbol) [0xa3d8b4]
	undetected_chromedriver!(No symbol) [0xa5aa36]
	undetected_chromedriver!(No symbol) [0xa3d606]
	undetected_chromedriver!(No symbol) [0xa10039]
	undetected_chromedriver!(No symbol) [0xa10df4]
	undetected_chromedriver!GetHandleVerifier [0xe4ddb4+292f94]
	undetected_chromedriver!GetHandleVerifier [0xe4937d+28e55d]
	undetected_chromedriver!GetHandleVerifier [0xe68215+2ad3f5]
	undetected_chromedriver!GetHandleVerifier [0xbe4c18+29df8]
	undetected_chromedriver!GetHandleVerifier [0xbec6fd+318dd]
	undetected_chromedriver!GetHandleVerifier [0xbd3c78+18e58]
	undetected_chromedriver!GetHandleVerifier [0xbd3e42+19022]
	undetected_chromedriver!GetHandleVerifier [0xbbd45f+263f]
	KERNEL32!BaseThreadInitThunk [0x74b35d49+19]
	ntdll!RtlInitializeExceptionChain [0x7722d83b+6b]
	ntdll!RtlGetAppContainerNamedObjectPath [0x7722d7c1+231]

[2026-04-26 15:15:26.535] [DEBUG   ] [bot.scanner] Error escaneando tile 'Dutch Roulette': Message: no such element: Unable to locate element: {"method":"css selector","selector":"[id="dutchrw235rwl293-235"]"}
  (Session info: chrome=147.0.7727.103); For documentation on this error, please visit: https://www.selenium.dev/documentation/webdriver/troubleshooting/errors#nosuchelementexception
Stacktrace:
	undetected_chromedriver!GetHandleVerifier [0xbcb373+10553]
	undetected_chromedriver!GetHandleVerifier [0xbcb4a4+10684]
	undetected_chromedriver!(No symbol) [0x9d1e10]
	undetected_chromedriver!(No symbol) [0xa1a9da]
	undetected_chromedriver!(No symbol) [0xa1ac7b]
	undetected_chromedriver!(No symbol) [0xa5d162]
	undetected_chromedriver!(No symbol) [0xa3d8b4]
	undetected_chromedriver!(No symbol) [0xa5aa36]
	undetected_chromedriver!(No symbol) [0xa3d606]
	undetected_chromedriver!(No symbol) [0xa10039]
	undetected_chromedriver!(No symbol) [0xa10df4]
	undetected_chromedriver!GetHandleVerifier [0xe4ddb4+292f94]
	undetected_chromedriver!GetHandleVerifier [0xe4937d+28e55d]
	undetected_chromedriver!GetHandleVerifier [0xe68215+2ad3f5]
	undetected_chromedriver!GetHandleVerifier [0xbe4c18+29df8]
	undetected_chromedriver!GetHandleVerifier [0xbec6fd+318dd]
	undetected_chromedriver!GetHandleVerifier [0xbd3c78+18e58]
	undetected_chromedriver!GetHandleVerifier [0xbd3e42+19022]
	undetected_chromedriver!GetHandleVerifier [0xbbd45f+263f]
	KERNEL32!BaseThreadInitThunk [0x74b35d49+19]
	ntdll!RtlInitializeExceptionChain [0x7722d83b+6b]
	ntdll!RtlGetAppContainerNamedObjectPath [0x7722d7c1+231]

[2026-04-26 15:15:27.044] [DEBUG   ] [bot.scanner] Error escaneando tile 'Ruleta Latina': Message: no such element: Unable to locate element: {"method":"css selector","selector":"[id="roulerw234rwl292-234"]"}
  (Session info: chrome=147.0.7727.103); For documentation on this error, please visit: https://www.selenium.dev/documentation/webdriver/troubleshooting/errors#nosuchelementexception
Stacktrace:
	undetected_chromedriver!GetHandleVerifier [0xbcb373+10553]
	undetected_chromedriver!GetHandleVerifier [0xbcb4a4+10684]
	undetected_chromedriver!(No symbol) [0x9d1e10]
	undetected_chromedriver!(No symbol) [0xa1a9da]
	undetected_chromedriver!(No symbol) [0xa1ac7b]
	undetected_chromedriver!(No symbol) [0xa5d162]
	undetected_chromedriver!(No symbol) [0xa3d8b4]
	undetected_chromedriver!(No symbol) [0xa5aa36]
	undetected_chromedriver!(No symbol) [0xa3d606]
	undetected_chromedriver!(No symbol) [0xa10039]
	undetected_chromedriver!(No symbol) [0xa10df4]
	undetected_chromedriver!GetHandleVerifier [0xe4ddb4+292f94]
	undetected_chromedriver!GetHandleVerifier [0xe4937d+28e55d]
	undetected_chromedriver!GetHandleVerifier [0xe68215+2ad3f5]
	undetected_chromedriver!GetHandleVerifier [0xbe4c18+29df8]
	undetected_chromedriver!GetHandleVerifier [0xbec6fd+318dd]
	undetected_chromedriver!GetHandleVerifier [0xbd3c78+18e58]
	undetected_chromedriver!GetHandleVerifier [0xbd3e42+19022]
	undetected_chromedriver!GetHandleVerifier [0xbbd45f+263f]
	KERNEL32!BaseThreadInitThunk [0x74b35d49+19]
	ntdll!RtlInitializeExceptionChain [0x7722d83b+6b]
	ntdll!RtlGetAppContainerNamedObjectPath [0x7722d7c1+231]

[2026-04-26 15:15:27.048] [DEBUG   ] [bot.scanner] Error escaneando tile 'Mega Roulette': Message: no such element: Unable to locate element: {"method":"css selector","selector":"[id="1hl65ce1lxuqdrkr-204"]"}
  (Session info: chrome=147.0.7727.103); For documentation on this error, please visit: https://www.selenium.dev/documentation/webdriver/troubleshooting/errors#nosuchelementexception
Stacktrace:
	undetected_chromedriver!GetHandleVerifier [0xbcb373+10553]
	undetected_chromedriver!GetHandleVerifier [0xbcb4a4+10684]
	undetected_chromedriver!(No symbol) [0x9d1e10]
	undetected_chromedriver!(No symbol) [0xa1a9da]
	undetected_chromedriver!(No symbol) [0xa1ac7b]
	undetected_chromedriver!(No symbol) [0xa5d162]
	undetected_chromedriver!(No symbol) [0xa3d8b4]
	undetected_chromedriver!(No symbol) [0xa5aa36]
	undetected_chromedriver!(No symbol) [0xa3d606]
	undetected_chromedriver!(No symbol) [0xa10039]
	undetected_chromedriver!(No symbol) [0xa10df4]
	undetected_chromedriver!GetHandleVerifier [0xe4ddb4+292f94]
	undetected_chromedriver!GetHandleVerifier [0xe4937d+28e55d]
	undetected_chromedriver!GetHandleVerifier [0xe68215+2ad3f5]
	undetected_chromedriver!GetHandleVerifier [0xbe4c18+29df8]
	undetected_chromedriver!GetHandleVerifier [0xbec6fd+318dd]
	undetected_chromedriver!GetHandleVerifier [0xbd3c78+18e58]
	undetected_chromedriver!GetHandleVerifier [0xbd3e42+19022]
	undetected_chromedriver!GetHandleVerifier [0xbbd45f+263f]
	KERNEL32!BaseThreadInitThunk [0x74b35d49+19]
	ntdll!RtlInitializeExceptionChain [0x7722d83b+6b]
	ntdll!RtlGetAppContainerNamedObjectPath [0x7722d7c1+231]

[2026-04-26 15:15:27.051] [DEBUG   ] [bot.scanner] Error escaneando tile 'Brazilian Roulette': Message: no such element: Unable to locate element: {"method":"css selector","selector":"[id="rwbrzportrwa16rg-237"]"}
  (Session info: chrome=147.0.7727.103); For documentation on this error, please visit: https://www.selenium.dev/documentation/webdriver/troubleshooting/errors#nosuchelementexception
Stacktrace:
	undetected_chromedriver!GetHandleVerifier [0xbcb373+10553]
	undetected_chromedriver!GetHandleVerifier [0xbcb4a4+10684]
	undetected_chromedriver!(No symbol) [0x9d1e10]
	undetected_chromedriver!(No symbol) [0xa1a9da]
	undetected_chromedriver!(No symbol) [0xa1ac7b]
	undetected_chromedriver!(No symbol) [0xa5d162]
	undetected_chromedriver!(No symbol) [0xa3d8b4]
	undetected_chromedriver!(No symbol) [0xa5aa36]
	undetected_chromedriver!(No symbol) [0xa3d606]
	undetected_chromedriver!(No symbol) [0xa10039]
	undetected_chromedriver!(No symbol) [0xa10df4]
	undetected_chromedriver!GetHandleVerifier [0xe4ddb4+292f94]
	undetected_chromedriver!GetHandleVerifier [0xe4937d+28e55d]
	undetected_chromedriver!GetHandleVerifier [0xe68215+2ad3f5]
	undetected_chromedriver!GetHandleVerifier [0xbe4c18+29df8]
	undetected_chromedriver!GetHandleVerifier [0xbec6fd+318dd]
	undetected_chromedriver!GetHandleVerifier [0xbd3c78+18e58]
	undetected_chromedriver!GetHandleVerifier [0xbd3e42+19022]
	undetected_chromedriver!GetHandleVerifier [0xbbd45f+263f]
	KERNEL32!BaseThreadInitThunk [0x74b35d49+19]
	ntdll!RtlInitializeExceptionChain [0x7722d83b+6b]
	ntdll!RtlGetAppContainerNamedObjectPath [0x7722d7c1+231]

[2026-04-26 15:15:27.054] [DEBUG   ] [bot.scanner] Error escaneando tile 'Roulette 1': Message: no such element: Unable to locate element: {"method":"css selector","selector":"[id="g03y1t9vvuhrfytl-227"]"}
  (Session info: chrome=147.0.7727.103); For documentation on this error, please visit: https://www.selenium.dev/documentation/webdriver/troubleshooting/errors#nosuchelementexception
Stacktrace:
	undetected_chromedriver!GetHandleVerifier [0xbcb373+10553]
	undetected_chromedriver!GetHandleVerifier [0xbcb4a4+10684]
	undetected_chromedriver!(No symbol) [0x9d1e10]
	undetected_chromedriver!(No symbol) [0xa1a9da]
	undetected_chromedriver!(No symbol) [0xa1ac7b]
	undetected_chromedriver!(No symbol) [0xa5d162]
	undetected_chromedriver!(No symbol) [0xa3d8b4]
	undetected_chromedriver!(No symbol) [0xa5aa36]
	undetected_chromedriver!(No symbol) [0xa3d606]
	undetected_chromedriver!(No symbol) [0xa10039]
	undetected_chromedriver!(No symbol) [0xa10df4]
	undetected_chromedriver!GetHandleVerifier [0xe4ddb4+292f94]
	undetected_chromedriver!GetHandleVerifier [0xe4937d+28e55d]
	undetected_chromedriver!GetHandleVerifier [0xe68215+2ad3f5]
	undetected_chromedriver!GetHandleVerifier [0xbe4c18+29df8]
	undetected_chromedriver!GetHandleVerifier [0xbec6fd+318dd]
	undetected_chromedriver!GetHandleVerifier [0xbd3c78+18e58]
	undetected_chromedriver!GetHandleVerifier [0xbd3e42+19022]
	undetected_chromedriver!GetHandleVerifier [0xbbd45f+263f]
	KERNEL32!BaseThreadInitThunk [0x74b35d49+19]
	ntdll!RtlInitializeExceptionChain [0x7722d83b+6b]
	ntdll!RtlGetAppContainerNamedObjectPath [0x7722d7c1+231]

[2026-04-26 15:15:27.061] [DEBUG   ] [bot.scanner] Error escaneando tile 'Roulette 3': Message: no such element: Unable to locate element: {"method":"css selector","selector":"[id="chroma229rwltr22-230"]"}
  (Session info: chrome=147.0.7727.103); For documentation on this error, please visit: https://www.selenium.dev/documentation/webdriver/troubleshooting/errors#nosuchelementexception
Stacktrace:
	undetected_chromedriver!GetHandleVerifier [0xbcb373+10553]
	undetected_chromedriver!GetHandleVerifier [0xbcb4a4+10684]
	undetected_chromedriver!(No symbol) [0x9d1e10]
	undetected_chromedriver!(No symbol) [0xa1a9da]
	undetected_chromedriver!(No symbol) [0xa1ac7b]
	undetected_chromedriver!(No symbol) [0xa5d162]
	undetected_chromedriver!(No symbol) [0xa3d8b4]
	undetected_chromedriver!(No symbol) [0xa5aa36]
	undetected_chromedriver!(No symbol) [0xa3d606]
	undetected_chromedriver!(No symbol) [0xa10039]
	undetected_chromedriver!(No symbol) [0xa10df4]
	undetected_chromedriver!GetHandleVerifier [0xe4ddb4+292f94]
	undetected_chromedriver!GetHandleVerifier [0xe4937d+28e55d]
	undetected_chromedriver!GetHandleVerifier [0xe68215+2ad3f5]
	undetected_chromedriver!GetHandleVerifier [0xbe4c18+29df8]
	undetected_chromedriver!GetHandleVerifier [0xbec6fd+318dd]
	undetected_chromedriver!GetHandleVerifier [0xbd3c78+18e58]
	undetected_chromedriver!GetHandleVerifier [0xbd3e42+19022]
	undetected_chromedriver!GetHandleVerifier [0xbbd45f+263f]
	KERNEL32!BaseThreadInitThunk [0x74b35d49+19]
	ntdll!RtlInitializeExceptionChain [0x7722d83b+6b]
	ntdll!RtlGetAppContainerNamedObjectPath [0x7722d7c1+231]

[2026-04-26 15:15:27.064] [DEBUG   ] [bot.scanner] Error escaneando tile 'Roulette Macao': Message: no such element: Unable to locate element: {"method":"css selector","selector":"[id="yqpz3ichst2xg439-206"]"}
  (Session info: chrome=147.0.7727.103); For documentation on this error, please visit: https://www.selenium.dev/documentation/webdriver/troubleshooting/errors#nosuchelementexception
Stacktrace:
	undetected_chromedriver!GetHandleVerifier [0xbcb373+10553]
	undetected_chromedriver!GetHandleVerifier [0xbcb4a4+10684]
	undetected_chromedriver!(No symbol) [0x9d1e10]
	undetected_chromedriver!(No symbol) [0xa1a9da]
	undetected_chromedriver!(No symbol) [0xa1ac7b]
	undetected_chromedriver!(No symbol) [0xa5d162]
	undetected_chromedriver!(No symbol) [0xa3d8b4]
	undetected_chromedriver!(No symbol) [0xa5aa36]
	undetected_chromedriver!(No symbol) [0xa3d606]
	undetected_chromedriver!(No symbol) [0xa10039]
	undetected_chromedriver!(No symbol) [0xa10df4]
	undetected_chromedriver!GetHandleVerifier [0xe4ddb4+292f94]
	undetected_chromedriver!GetHandleVerifier [0xe4937d+28e55d]
	undetected_chromedriver!GetHandleVerifier [0xe68215+2ad3f5]
	undetected_chromedriver!GetHandleVerifier [0xbe4c18+29df8]
	undetected_chromedriver!GetHandleVerifier [0xbec6fd+318dd]
	undetected_chromedriver!GetHandleVerifier [0xbd3c78+18e58]
	undetected_chromedriver!GetHandleVerifier [0xbd3e42+19022]
	undetected_chromedriver!GetHandleVerifier [0xbbd45f+263f]
	KERNEL32!BaseThreadInitThunk [0x74b35d49+19]
	ntdll!RtlInitializeExceptionChain [0x7722d83b+6b]
	ntdll!RtlGetAppContainerNamedObjectPath [0x7722d7c1+231]

[2026-04-26 15:15:27.067] [DEBUG   ] [bot.scanner] Error escaneando tile 'Roulette 2 Extra Time': Message: no such element: Unable to locate element: {"method":"css selector","selector":"[id="5kvxlw4c1qm3xcyn-201"]"}
  (Session info: chrome=147.0.7727.103); For documentation on this error, please visit: https://www.selenium.dev/documentation/webdriver/troubleshooting/errors#nosuchelementexception
Stacktrace:
	undetected_chromedriver!GetHandleVerifier [0xbcb373+10553]
	undetected_chromedriver!GetHandleVerifier [0xbcb4a4+10684]
	undetected_chromedriver!(No symbol) [0x9d1e10]
	undetected_chromedriver!(No symbol) [0xa1a9da]
	undetected_chromedriver!(No symbol) [0xa1ac7b]
	undetected_chromedriver!(No symbol) [0xa5d162]
	undetected_chromedriver!(No symbol) [0xa3d8b4]
	undetected_chromedriver!(No symbol) [0xa5aa36]
	undetected_chromedriver!(No symbol) [0xa3d606]
	undetected_chromedriver!(No symbol) [0xa10039]
	undetected_chromedriver!(No symbol) [0xa10df4]
	undetected_chromedriver!GetHandleVerifier [0xe4ddb4+292f94]
	undetected_chromedriver!GetHandleVerifier [0xe4937d+28e55d]
	undetected_chromedriver!GetHandleVerifier [0xe68215+2ad3f5]
	undetected_chromedriver!GetHandleVerifier [0xbe4c18+29df8]
	undetected_chromedriver!GetHandleVerifier [0xbec6fd+318dd]
	undetected_chromedriver!GetHandleVerifier [0xbd3c78+18e58]
	undetected_chromedriver!GetHandleVerifier [0xbd3e42+19022]
	undetected_chromedriver!GetHandleVerifier [0xbbd45f+263f]
	KERNEL32!BaseThreadInitThunk [0x74b35d49+19]
	ntdll!RtlInitializeExceptionChain [0x7722d83b+6b]
	ntdll!RtlGetAppContainerNamedObjectPath [0x7722d7c1+231]

[2026-04-26 15:15:27.071] [DEBUG   ] [bot.scanner] Error escaneando tile 'Brazilian Mega Roulette': Message: no such element: Unable to locate element: {"method":"css selector","selector":"[id="mrbras531mrbr532-287"]"}
  (Session info: chrome=147.0.7727.103); For documentation on this error, please visit: https://www.selenium.dev/documentation/webdriver/troubleshooting/errors#nosuchelementexception
Stacktrace:
	undetected_chromedriver!GetHandleVerifier [0xbcb373+10553]
	undetected_chromedriver!GetHandleVerifier [0xbcb4a4+10684]
	undetected_chromedriver!(No symbol) [0x9d1e10]
	undetected_chromedriver!(No symbol) [0xa1a9da]
	undetected_chromedriver!(No symbol) [0xa1ac7b]
	undetected_chromedriver!(No symbol) [0xa5d162]
	undetected_chromedriver!(No symbol) [0xa3d8b4]
	undetected_chromedriver!(No symbol) [0xa5aa36]
	undetected_chromedriver!(No symbol) [0xa3d606]
	undetected_chromedriver!(No symbol) [0xa10039]
	undetected_chromedriver!(No symbol) [0xa10df4]
	undetected_chromedriver!GetHandleVerifier [0xe4ddb4+292f94]
	undetected_chromedriver!GetHandleVerifier [0xe4937d+28e55d]
	undetected_chromedriver!GetHandleVerifier [0xe68215+2ad3f5]
	undetected_chromedriver!GetHandleVerifier [0xbe4c18+29df8]
	undetected_chromedriver!GetHandleVerifier [0xbec6fd+318dd]
	undetected_chromedriver!GetHandleVerifier [0xbd3c78+18e58]
	undetected_chromedriver!GetHandleVerifier [0xbd3e42+19022]
	undetected_chromedriver!GetHandleVerifier [0xbbd45f+263f]
	KERNEL32!BaseThreadInitThunk [0x74b35d49+19]
	ntdll!RtlInitializeExceptionChain [0x7722d83b+6b]
	ntdll!RtlGetAppContainerNamedObjectPath [0x7722d7c1+231]

[2026-04-26 15:15:27.077] [DEBUG   ] [bot.scanner] Error escaneando tile 'Lucky 6 Roulette': Message: no such element: Unable to locate element: {"method":"css selector","selector":"[id="lucky6roulettea3-211a1"]"}
  (Session info: chrome=147.0.7727.103); For documentation on this error, please visit: https://www.selenium.dev/documentation/webdriver/troubleshooting/errors#nosuchelementexception
Stacktrace:
	undetected_chromedriver!GetHandleVerifier [0xbcb373+10553]
	undetected_chromedriver!GetHandleVerifier [0xbcb4a4+10684]
	undetected_chromedriver!(No symbol) [0x9d1e10]
	undetected_chromedriver!(No symbol) [0xa1a9da]
	undetected_chromedriver!(No symbol) [0xa1ac7b]
	undetected_chromedriver!(No symbol) [0xa5d162]
	undetected_chromedriver!(No symbol) [0xa3d8b4]
	undetected_chromedriver!(No symbol) [0xa5aa36]
	undetected_chromedriver!(No symbol) [0xa3d606]
	undetected_chromedriver!(No symbol) [0xa10039]
	undetected_chromedriver!(No symbol) [0xa10df4]
	undetected_chromedriver!GetHandleVerifier [0xe4ddb4+292f94]
	undetected_chromedriver!GetHandleVerifier [0xe4937d+28e55d]
	undetected_chromedriver!GetHandleVerifier [0xe68215+2ad3f5]
	undetected_chromedriver!GetHandleVerifier [0xbe4c18+29df8]
	undetected_chromedriver!GetHandleVerifier [0xbec6fd+318dd]
	undetected_chromedriver!GetHandleVerifier [0xbd3c78+18e58]
	undetected_chromedriver!GetHandleVerifier [0xbd3e42+19022]
	undetected_chromedriver!GetHandleVerifier [0xbbd45f+263f]
	KERNEL32!BaseThreadInitThunk [0x74b35d49+19]
	ntdll!RtlInitializeExceptionChain [0x7722d83b+6b]
	ntdll!RtlGetAppContainerNamedObjectPath [0x7722d7c1+231]

[2026-04-26 15:15:27.080] [DEBUG   ] [bot.scanner] Error escaneando tile 'Auto Roulette': Message: no such element: Unable to locate element: {"method":"css selector","selector":"[id="5bzl2835s5ruvweg-225"]"}
  (Session info: chrome=147.0.7727.103); For documentation on this error, please visit: https://www.selenium.dev/documentation/webdriver/troubleshooting/errors#nosuchelementexception
Stacktrace:
	undetected_chromedriver!GetHandleVerifier [0xbcb373+10553]
	undetected_chromedriver!GetHandleVerifier [0xbcb4a4+10684]
	undetected_chromedriver!(No symbol) [0x9d1e10]
	undetected_chromedriver!(No symbol) [0xa1a9da]
	undetected_chromedriver!(No symbol) [0xa1ac7b]
	undetected_chromedriver!(No symbol) [0xa5d162]
	undetected_chromedriver!(No symbol) [0xa3d8b4]
	undetected_chromedriver!(No symbol) [0xa5aa36]
	undetected_chromedriver!(No symbol) [0xa3d606]
	undetected_chromedriver!(No symbol) [0xa10039]
	undetected_chromedriver!(No symbol) [0xa10df4]
	undetected_chromedriver!GetHandleVerifier [0xe4ddb4+292f94]
	undetected_chromedriver!GetHandleVerifier [0xe4937d+28e55d]
	undetected_chromedriver!GetHandleVerifier [0xe68215+2ad3f5]
	undetected_chromedriver!GetHandleVerifier [0xbe4c18+29df8]
	undetected_chromedriver!GetHandleVerifier [0xbec6fd+318dd]
	undetected_chromedriver!GetHandleVerifier [0xbd3c78+18e58]
	undetected_chromedriver!GetHandleVerifier [0xbd3e42+19022]
	undetected_chromedriver!GetHandleVerifier [0xbbd45f+263f]
	KERNEL32!BaseThreadInitThunk [0x74b35d49+19]
	ntdll!RtlInitializeExceptionChain [0x7722d83b+6b]
	ntdll!RtlGetAppContainerNamedObjectPath [0x7722d7c1+231]

[2026-04-26 15:15:27.084] [DEBUG   ] [bot.scanner] Error escaneando tile 'Stake Roulette': Message: no such element: Unable to locate element: {"method":"css selector","selector":"[id="rw321stakerws321-236"]"}
  (Session info: chrome=147.0.7727.103); For documentation on this error, please visit: https://www.selenium.dev/documentation/webdriver/troubleshooting/errors#nosuchelementexception
Stacktrace:
	undetected_chromedriver!GetHandleVerifier [0xbcb373+10553]
	undetected_chromedriver!GetHandleVerifier [0xbcb4a4+10684]
	undetected_chromedriver!(No symbol) [0x9d1e10]
	undetected_chromedriver!(No symbol) [0xa1a9da]
	undetected_chromedriver!(No symbol) [0xa1ac7b]
	undetected_chromedriver!(No symbol) [0xa5d162]
	undetected_chromedriver!(No symbol) [0xa3d8b4]
	undetected_chromedriver!(No symbol) [0xa5aa36]
	undetected_chromedriver!(No symbol) [0xa3d606]
	undetected_chromedriver!(No symbol) [0xa10039]
	undetected_chromedriver!(No symbol) [0xa10df4]
	undetected_chromedriver!GetHandleVerifier [0xe4ddb4+292f94]
	undetected_chromedriver!GetHandleVerifier [0xe4937d+28e55d]
	undetected_chromedriver!GetHandleVerifier [0xe68215+2ad3f5]
	undetected_chromedriver!GetHandleVerifier [0xbe4c18+29df8]
	undetected_chromedriver!GetHandleVerifier [0xbec6fd+318dd]
	undetected_chromedriver!GetHandleVerifier [0xbd3c78+18e58]
	undetected_chromedriver!GetHandleVerifier [0xbd3e42+19022]
	undetected_chromedriver!GetHandleVerifier [0xbbd45f+263f]
	KERNEL32!BaseThreadInitThunk [0x74b35d49+19]
	ntdll!RtlInitializeExceptionChain [0x7722d83b+6b]
	ntdll!RtlGetAppContainerNamedObjectPath [0x7722d7c1+231]

[2026-04-26 15:15:27.087] [DEBUG   ] [bot.scanner] Error escaneando tile 'Turkish Roulette': Message: no such element: Unable to locate element: {"method":"css selector","selector":"[id="p8l1j84prrmxzyic-224"]"}
  (Session info: chrome=147.0.7727.103); For documentation on this error, please visit: https://www.selenium.dev/documentation/webdriver/troubleshooting/errors#nosuchelementexception
Stacktrace:
	undetected_chromedriver!GetHandleVerifier [0xbcb373+10553]
	undetected_chromedriver!GetHandleVerifier [0xbcb4a4+10684]
	undetected_chromedriver!(No symbol) [0x9d1e10]
	undetected_chromedriver!(No symbol) [0xa1a9da]
	undetected_chromedriver!(No symbol) [0xa1ac7b]
	undetected_chromedriver!(No symbol) [0xa5d162]
	undetected_chromedriver!(No symbol) [0xa3d8b4]
	undetected_chromedriver!(No symbol) [0xa5aa36]
	undetected_chromedriver!(No symbol) [0xa3d606]
	undetected_chromedriver!(No symbol) [0xa10039]
	undetected_chromedriver!(No symbol) [0xa10df4]
	undetected_chromedriver!GetHandleVerifier [0xe4ddb4+292f94]
	undetected_chromedriver!GetHandleVerifier [0xe4937d+28e55d]
	undetected_chromedriver!GetHandleVerifier [0xe68215+2ad3f5]
	undetected_chromedriver!GetHandleVerifier [0xbe4c18+29df8]
	undetected_chromedriver!GetHandleVerifier [0xbec6fd+318dd]
	undetected_chromedriver!GetHandleVerifier [0xbd3c78+18e58]
	undetected_chromedriver!GetHandleVerifier [0xbd3e42+19022]
	undetected_chromedriver!GetHandleVerifier [0xbbd45f+263f]
	KERNEL32!BaseThreadInitThunk [0x74b35d49+19]
	ntdll!RtlInitializeExceptionChain [0x7722d83b+6b]
	ntdll!RtlGetAppContainerNamedObjectPath [0x7722d7c1+231]

[2026-04-26 15:15:27.092] [DEBUG   ] [bot.scanner] Error escaneando tile 'German Roulette': Message: no such element: Unable to locate element: {"method":"css selector","selector":"[id="s2x6b4jdeqza2ge2-222"]"}
  (Session info: chrome=147.0.7727.103); For documentation on this error, please visit: https://www.selenium.dev/documentation/webdriver/troubleshooting/errors#nosuchelementexception
Stacktrace:
	undetected_chromedriver!GetHandleVerifier [0xbcb373+10553]
	undetected_chromedriver!GetHandleVerifier [0xbcb4a4+10684]
	undetected_chromedriver!(No symbol) [0x9d1e10]
	undetected_chromedriver!(No symbol) [0xa1a9da]
	undetected_chromedriver!(No symbol) [0xa1ac7b]
	undetected_chromedriver!(No symbol) [0xa5d162]
	undetected_chromedriver!(No symbol) [0xa3d8b4]
	undetected_chromedriver!(No symbol) [0xa5aa36]
	undetected_chromedriver!(No symbol) [0xa3d606]
	undetected_chromedriver!(No symbol) [0xa10039]
	undetected_chromedriver!(No symbol) [0xa10df4]
	undetected_chromedriver!GetHandleVerifier [0xe4ddb4+292f94]
	undetected_chromedriver!GetHandleVerifier [0xe4937d+28e55d]
	undetected_chromedriver!GetHandleVerifier [0xe68215+2ad3f5]
	undetected_chromedriver!GetHandleVerifier [0xbe4c18+29df8]
	undetected_chromedriver!GetHandleVerifier [0xbec6fd+318dd]
	undetected_chromedriver!GetHandleVerifier [0xbd3c78+18e58]
	undetected_chromedriver!GetHandleVerifier [0xbd3e42+19022]
	undetected_chromedriver!GetHandleVerifier [0xbbd45f+263f]
	KERNEL32!BaseThreadInitThunk [0x74b35d49+19]
	ntdll!RtlInitializeExceptionChain [0x7722d83b+6b]
	ntdll!RtlGetAppContainerNamedObjectPath [0x7722d7c1+231]

[2026-04-26 15:15:27.096] [DEBUG   ] [bot.scanner] Error escaneando tile 'Romanian Roulette': Message: no such element: Unable to locate element: {"method":"css selector","selector":"[id="romania233rwl291-233"]"}
  (Session info: chrome=147.0.7727.103); For documentation on this error, please visit: https://www.selenium.dev/documentation/webdriver/troubleshooting/errors#nosuchelementexception
Stacktrace:
	undetected_chromedriver!GetHandleVerifier [0xbcb373+10553]
	undetected_chromedriver!GetHandleVerifier [0xbcb4a4+10684]
	undetected_chromedriver!(No symbol) [0x9d1e10]
	undetected_chromedriver!(No symbol) [0xa1a9da]
	undetected_chromedriver!(No symbol) [0xa1ac7b]
	undetected_chromedriver!(No symbol) [0xa5d162]
	undetected_chromedriver!(No symbol) [0xa3d8b4]
	undetected_chromedriver!(No symbol) [0xa5aa36]
	undetected_chromedriver!(No symbol) [0xa3d606]
	undetected_chromedriver!(No symbol) [0xa10039]
	undetected_chromedriver!(No symbol) [0xa10df4]
	undetected_chromedriver!GetHandleVerifier [0xe4ddb4+292f94]
	undetected_chromedriver!GetHandleVerifier [0xe4937d+28e55d]
	undetected_chromedriver!GetHandleVerifier [0xe68215+2ad3f5]
	undetected_chromedriver!GetHandleVerifier [0xbe4c18+29df8]
	undetected_chromedriver!GetHandleVerifier [0xbec6fd+318dd]
	undetected_chromedriver!GetHandleVerifier [0xbd3c78+18e58]
	undetected_chromedriver!GetHandleVerifier [0xbd3e42+19022]
	undetected_chromedriver!GetHandleVerifier [0xbbd45f+263f]
	KERNEL32!BaseThreadInitThunk [0x74b35d49+19]
	ntdll!RtlInitializeExceptionChain [0x7722d83b+6b]
	ntdll!RtlGetAppContainerNamedObjectPath [0x7722d7c1+231]

[2026-04-26 15:15:27.100] [DEBUG   ] [bot.scanner] Error escaneando tile 'Roulette Italia Tricolore': Message: no such element: Unable to locate element: {"method":"css selector","selector":"[id="v1c52fgw7yy02upz-223"]"}
  (Session info: chrome=147.0.7727.103); For documentation on this error, please visit: https://www.selenium.dev/documentation/webdriver/troubleshooting/errors#nosuchelementexception
Stacktrace:
	undetected_chromedriver!GetHandleVerifier [0xbcb373+10553]
	undetected_chromedriver!GetHandleVerifier [0xbcb4a4+10684]
	undetected_chromedriver!(No symbol) [0x9d1e10]
	undetected_chromedriver!(No symbol) [0xa1a9da]
	undetected_chromedriver!(No symbol) [0xa1ac7b]
	undetected_chromedriver!(No symbol) [0xa5d162]
	undetected_chromedriver!(No symbol) [0xa3d8b4]
	undetected_chromedriver!(No symbol) [0xa5aa36]
	undetected_chromedriver!(No symbol) [0xa3d606]
	undetected_chromedriver!(No symbol) [0xa10039]
	undetected_chromedriver!(No symbol) [0xa10df4]
	undetected_chromedriver!GetHandleVerifier [0xe4ddb4+292f94]
	undetected_chromedriver!GetHandleVerifier [0xe4937d+28e55d]
	undetected_chromedriver!GetHandleVerifier [0xe68215+2ad3f5]
	undetected_chromedriver!GetHandleVerifier [0xbe4c18+29df8]
	undetected_chromedriver!GetHandleVerifier [0xbec6fd+318dd]
	undetected_chromedriver!GetHandleVerifier [0xbd3c78+18e58]
	undetected_chromedriver!GetHandleVerifier [0xbd3e42+19022]
	undetected_chromedriver!GetHandleVerifier [0xbbd45f+263f]
	KERNEL32!BaseThreadInitThunk [0x74b35d49+19]
	ntdll!RtlInitializeExceptionChain [0x7722d83b+6b]
	ntdll!RtlGetAppContainerNamedObjectPath [0x7722d7c1+231]

[2026-04-26 15:15:27.103] [DEBUG   ] [bot.scanner] Error escaneando tile 'Russian Roulette': Message: no such element: Unable to locate element: {"method":"css selector","selector":"[id="t4jzencinod6iqwi-221"]"}
  (Session info: chrome=147.0.7727.103); For documentation on this error, please visit: https://www.selenium.dev/documentation/webdriver/troubleshooting/errors#nosuchelementexception
Stacktrace:
	undetected_chromedriver!GetHandleVerifier [0xbcb373+10553]
	undetected_chromedriver!GetHandleVerifier [0xbcb4a4+10684]
	undetected_chromedriver!(No symbol) [0x9d1e10]
	undetected_chromedriver!(No symbol) [0xa1a9da]
	undetected_chromedriver!(No symbol) [0xa1ac7b]
	undetected_chromedriver!(No symbol) [0xa5d162]
	undetected_chromedriver!(No symbol) [0xa3d8b4]
	undetected_chromedriver!(No symbol) [0xa5aa36]
	undetected_chromedriver!(No symbol) [0xa3d606]
	undetected_chromedriver!(No symbol) [0xa10039]
	undetected_chromedriver!(No symbol) [0xa10df4]
	undetected_chromedriver!GetHandleVerifier [0xe4ddb4+292f94]
	undetected_chromedriver!GetHandleVerifier [0xe4937d+28e55d]
	undetected_chromedriver!GetHandleVerifier [0xe68215+2ad3f5]
	undetected_chromedriver!GetHandleVerifier [0xbe4c18+29df8]
	undetected_chromedriver!GetHandleVerifier [0xbec6fd+318dd]
	undetected_chromedriver!GetHandleVerifier [0xbd3c78+18e58]
	undetected_chromedriver!GetHandleVerifier [0xbd3e42+19022]
	undetected_chromedriver!GetHandleVerifier [0xbbd45f+263f]
	KERNEL32!BaseThreadInitThunk [0x74b35d49+19]
	ntdll!RtlInitializeExceptionChain [0x7722d83b+6b]
	ntdll!RtlGetAppContainerNamedObjectPath [0x7722d7c1+231]

[2026-04-26 15:15:27.109] [DEBUG   ] [bot.scanner] Error escaneando tile 'Dutch Roulette': Message: no such element: Unable to locate element: {"method":"css selector","selector":"[id="dutchrw235rwl293-235"]"}
  (Session info: chrome=147.0.7727.103); For documentation on this error, please visit: https://www.selenium.dev/documentation/webdriver/troubleshooting/errors#nosuchelementexception
Stacktrace:
	undetected_chromedriver!GetHandleVerifier [0xbcb373+10553]
	undetected_chromedriver!GetHandleVerifier [0xbcb4a4+10684]
	undetected_chromedriver!(No symbol) [0x9d1e10]
	undetected_chromedriver!(No symbol) [0xa1a9da]
	undetected_chromedriver!(No symbol) [0xa1ac7b]
	undetected_chromedriver!(No symbol) [0xa5d162]
	undetected_chromedriver!(No symbol) [0xa3d8b4]
	undetected_chromedriver!(No symbol) [0xa5aa36]
	undetected_chromedriver!(No symbol) [0xa3d606]
	undetected_chromedriver!(No symbol) [0xa10039]
	undetected_chromedriver!(No symbol) [0xa10df4]
	undetected_chromedriver!GetHandleVerifier [0xe4ddb4+292f94]
	undetected_chromedriver!GetHandleVerifier [0xe4937d+28e55d]
	undetected_chromedriver!GetHandleVerifier [0xe68215+2ad3f5]
	undetected_chromedriver!GetHandleVerifier [0xbe4c18+29df8]
	undetected_chromedriver!GetHandleVerifier [0xbec6fd+318dd]
	undetected_chromedriver!GetHandleVerifier [0xbd3c78+18e58]
	undetected_chromedriver!GetHandleVerifier [0xbd3e42+19022]
	undetected_chromedriver!GetHandleVerifier [0xbbd45f+263f]
	KERNEL32!BaseThreadInitThunk [0x74b35d49+19]
	ntdll!RtlInitializeExceptionChain [0x7722d83b+6b]
	ntdll!RtlGetAppContainerNamedObjectPath [0x7722d7c1+231]

[2026-04-26 15:15:27.109] [WARNING ] [bot.scanner] ⚠️ Alerta: 0 tiles leídos por 5 ciclos...
[2026-04-26 15:15:27.638] [DEBUG   ] [bot.scanner] Error escaneando tile 'Ruleta Latina': Message: no such element: Unable to locate element: {"method":"css selector","selector":"[id="roulerw234rwl292-234"]"}
  (Session info: chrome=147.0.7727.103); For documentation on this error, please visit: https://www.selenium.dev/documentation/webdriver/troubleshooting/errors#nosuchelementexception
Stacktrace:
	undetected_chromedriver!GetHandleVerifier [0xbcb373+10553]
	undetected_chromedriver!GetHandleVerifier [0xbcb4a4+10684]
	undetected_chromedriver!(No symbol) [0x9d1e10]
	undetected_chromedriver!(No symbol) [0xa1a9da]
	undetected_chromedriver!(No symbol) [0xa1ac7b]
	undetected_chromedriver!(No symbol) [0xa5d162]
	undetected_chromedriver!(No symbol) [0xa3d8b4]
	undetected_chromedriver!(No symbol) [0xa5aa36]
	undetected_chromedriver!(No symbol) [0xa3d606]
	undetected_chromedriver!(No symbol) [0xa10039]
	undetected_chromedriver!(No symbol) [0xa10df4]
	undetected_chromedriver!GetHandleVerifier [0xe4ddb4+292f94]
	undetected_chromedriver!GetHandleVerifier [0xe4937d+28e55d]
	undetected_chromedriver!GetHandleVerifier [0xe68215+2ad3f5]
	undetected_chromedriver!GetHandleVerifier [0xbe4c18+29df8]
	undetected_chromedriver!GetHandleVerifier [0xbec6fd+318dd]
	undetected_chromedriver!GetHandleVerifier [0xbd3c78+18e58]
	undetected_chromedriver!GetHandleVerifier [0xbd3e42+19022]
	undetected_chromedriver!GetHandleVerifier [0xbbd45f+263f]
	KERNEL32!BaseThreadInitThunk [0x74b35d49+19]
	ntdll!RtlInitializeExceptionChain [0x7722d83b+6b]
	ntdll!RtlGetAppContainerNamedObjectPath [0x7722d7c1+231]

[2026-04-26 15:15:27.656] [DEBUG   ] [bot.scanner] Error escaneando tile 'Mega Roulette': Message: no such element: Unable to locate element: {"method":"css selector","selector":"[id="1hl65ce1lxuqdrkr-204"]"}
  (Session info: chrome=147.0.7727.103); For documentation on this error, please visit: https://www.selenium.dev/documentation/webdriver/troubleshooting/errors#nosuchelementexception
Stacktrace:
	undetected_chromedriver!GetHandleVerifier [0xbcb373+10553]
	undetected_chromedriver!GetHandleVerifier [0xbcb4a4+10684]
	undetected_chromedriver!(No symbol) [0x9d1e10]
	undetected_chromedriver!(No symbol) [0xa1a9da]
	undetected_chromedriver!(No symbol) [0xa1ac7b]
	undetected_chromedriver!(No symbol) [0xa5d162]
	undetected_chromedriver!(No symbol) [0xa3d8b4]
	undetected_chromedriver!(No symbol) [0xa5aa36]
	undetected_chromedriver!(No symbol) [0xa3d606]
	undetected_chromedriver!(No symbol) [0xa10039]
	undetected_chromedriver!(No symbol) [0xa10df4]
	undetected_chromedriver!GetHandleVerifier [0xe4ddb4+292f94]
	undetected_chromedriver!GetHandleVerifier [0xe4937d+28e55d]
	undetected_chromedriver!GetHandleVerifier [0xe68215+2ad3f5]
	undetected_chromedriver!GetHandleVerifier [0xbe4c18+29df8]
	undetected_chromedriver!GetHandleVerifier [0xbec6fd+318dd]
	undetected_chromedriver!GetHandleVerifier [0xbd3c78+18e58]
	undetected_chromedriver!GetHandleVerifier [0xbd3e42+19022]
	undetected_chromedriver!GetHandleVerifier [0xbbd45f+263f]
	KERNEL32!BaseThreadInitThunk [0x74b35d49+19]
	ntdll!RtlInitializeExceptionChain [0x7722d83b+6b]
	ntdll!RtlGetAppContainerNamedObjectPath [0x7722d7c1+231]

[2026-04-26 15:15:27.685] [DEBUG   ] [bot.scanner] Error escaneando tile 'Brazilian Roulette': Message: no such element: Unable to locate element: {"method":"css selector","selector":"[id="rwbrzportrwa16rg-237"]"}
  (Session info: chrome=147.0.7727.103); For documentation on this error, please visit: https://www.selenium.dev/documentation/webdriver/troubleshooting/errors#nosuchelementexception
Stacktrace:
	undetected_chromedriver!GetHandleVerifier [0xbcb373+10553]
	undetected_chromedriver!GetHandleVerifier [0xbcb4a4+10684]
	undetected_chromedriver!(No symbol) [0x9d1e10]
	undetected_chromedriver!(No symbol) [0xa1a9da]
	undetected_chromedriver!(No symbol) [0xa1ac7b]
	undetected_chromedriver!(No symbol) [0xa5d162]
	undetected_chromedriver!(No symbol) [0xa3d8b4]
	undetected_chromedriver!(No symbol) [0xa5aa36]
	undetected_chromedriver!(No symbol) [0xa3d606]
	undetected_chromedriver!(No symbol) [0xa10039]
	undetected_chromedriver!(No symbol) [0xa10df4]
	undetected_chromedriver!GetHandleVerifier [0xe4ddb4+292f94]
	undetected_chromedriver!GetHandleVerifier [0xe4937d+28e55d]
	undetected_chromedriver!GetHandleVerifier [0xe68215+2ad3f5]
	undetected_chromedriver!GetHandleVerifier [0xbe4c18+29df8]
	undetected_chromedriver!GetHandleVerifier [0xbec6fd+318dd]
	undetected_chromedriver!GetHandleVerifier [0xbd3c78+18e58]
	undetected_chromedriver!GetHandleVerifier [0xbd3e42+19022]
	undetected_chromedriver!GetHandleVerifier [0xbbd45f+263f]
	KERNEL32!BaseThreadInitThunk [0x74b35d49+19]
	ntdll!RtlInitializeExceptionChain [0x7722d83b+6b]
	ntdll!RtlGetAppContainerNamedObjectPath [0x7722d7c1+231]

[2026-04-26 15:15:27.694] [DEBUG   ] [bot.scanner] Error escaneando tile 'Roulette 1': Message: no such element: Unable to locate element: {"method":"css selector","selector":"[id="g03y1t9vvuhrfytl-227"]"}
  (Session info: chrome=147.0.7727.103); For documentation on this error, please visit: https://www.selenium.dev/documentation/webdriver/troubleshooting/errors#nosuchelementexception
Stacktrace:
	undetected_chromedriver!GetHandleVerifier [0xbcb373+10553]
	undetected_chromedriver!GetHandleVerifier [0xbcb4a4+10684]
	undetected_chromedriver!(No symbol) [0x9d1e10]
	undetected_chromedriver!(No symbol) [0xa1a9da]
	undetected_chromedriver!(No symbol) [0xa1ac7b]
	undetected_chromedriver!(No symbol) [0xa5d162]
	undetected_chromedriver!(No symbol) [0xa3d8b4]
	undetected_chromedriver!(No symbol) [0xa5aa36]
	undetected_chromedriver!(No symbol) [0xa3d606]
	undetected_chromedriver!(No symbol) [0xa10039]
	undetected_chromedriver!(No symbol) [0xa10df4]
	undetected_chromedriver!GetHandleVerifier [0xe4ddb4+292f94]
	undetected_chromedriver!GetHandleVerifier [0xe4937d+28e55d]
	undetected_chromedriver!GetHandleVerifier [0xe68215+2ad3f5]
	undetected_chromedriver!GetHandleVerifier [0xbe4c18+29df8]
	undetected_chromedriver!GetHandleVerifier [0xbec6fd+318dd]
	undetected_chromedriver!GetHandleVerifier [0xbd3c78+18e58]
	undetected_chromedriver!GetHandleVerifier [0xbd3e42+19022]
	undetected_chromedriver!GetHandleVerifier [0xbbd45f+263f]
	KERNEL32!BaseThreadInitThunk [0x74b35d49+19]
	ntdll!RtlInitializeExceptionChain [0x7722d83b+6b]
	ntdll!RtlGetAppContainerNamedObjectPath [0x7722d7c1+231]

[2026-04-26 15:15:27.697] [DEBUG   ] [bot.scanner] Error escaneando tile 'Roulette 3': Message: no such element: Unable to locate element: {"method":"css selector","selector":"[id="chroma229rwltr22-230"]"}
  (Session info: chrome=147.0.7727.103); For documentation on this error, please visit: https://www.selenium.dev/documentation/webdriver/troubleshooting/errors#nosuchelementexception
Stacktrace:
	undetected_chromedriver!GetHandleVerifier [0xbcb373+10553]
	undetected_chromedriver!GetHandleVerifier [0xbcb4a4+10684]
	undetected_chromedriver!(No symbol) [0x9d1e10]
	undetected_chromedriver!(No symbol) [0xa1a9da]
	undetected_chromedriver!(No symbol) [0xa1ac7b]
	undetected_chromedriver!(No symbol) [0xa5d162]
	undetected_chromedriver!(No symbol) [0xa3d8b4]
	undetected_chromedriver!(No symbol) [0xa5aa36]
	undetected_chromedriver!(No symbol) [0xa3d606]
	undetected_chromedriver!(No symbol) [0xa10039]
	undetected_chromedriver!(No symbol) [0xa10df4]
	undetected_chromedriver!GetHandleVerifier [0xe4ddb4+292f94]
	undetected_chromedriver!GetHandleVerifier [0xe4937d+28e55d]
	undetected_chromedriver!GetHandleVerifier [0xe68215+2ad3f5]
	undetected_chromedriver!GetHandleVerifier [0xbe4c18+29df8]
	undetected_chromedriver!GetHandleVerifier [0xbec6fd+318dd]
	undetected_chromedriver!GetHandleVerifier [0xbd3c78+18e58]
	undetected_chromedriver!GetHandleVerifier [0xbd3e42+19022]
	undetected_chromedriver!GetHandleVerifier [0xbbd45f+263f]
	KERNEL32!BaseThreadInitThunk [0x74b35d49+19]
	ntdll!RtlInitializeExceptionChain [0x7722d83b+6b]
	ntdll!RtlGetAppContainerNamedObjectPath [0x7722d7c1+231]

[2026-04-26 15:15:27.701] [DEBUG   ] [bot.scanner] Error escaneando tile 'Roulette Macao': Message: no such element: Unable to locate element: {"method":"css selector","selector":"[id="yqpz3ichst2xg439-206"]"}
  (Session info: chrome=147.0.7727.103); For documentation on this error, please visit: https://www.selenium.dev/documentation/webdriver/troubleshooting/errors#nosuchelementexception
Stacktrace:
	undetected_chromedriver!GetHandleVerifier [0xbcb373+10553]
	undetected_chromedriver!GetHandleVerifier [0xbcb4a4+10684]
	undetected_chromedriver!(No symbol) [0x9d1e10]
	undetected_chromedriver!(No symbol) [0xa1a9da]
	undetected_chromedriver!(No symbol) [0xa1ac7b]
	undetected_chromedriver!(No symbol) [0xa5d162]
	undetected_chromedriver!(No symbol) [0xa3d8b4]
	undetected_chromedriver!(No symbol) [0xa5aa36]
	undetected_chromedriver!(No symbol) [0xa3d606]
	undetected_chromedriver!(No symbol) [0xa10039]
	undetected_chromedriver!(No symbol) [0xa10df4]
	undetected_chromedriver!GetHandleVerifier [0xe4ddb4+292f94]
	undetected_chromedriver!GetHandleVerifier [0xe4937d+28e55d]
	undetected_chromedriver!GetHandleVerifier [0xe68215+2ad3f5]
	undetected_chromedriver!GetHandleVerifier [0xbe4c18+29df8]
	undetected_chromedriver!GetHandleVerifier [0xbec6fd+318dd]
	undetected_chromedriver!GetHandleVerifier [0xbd3c78+18e58]
	undetected_chromedriver!GetHandleVerifier [0xbd3e42+19022]
	undetected_chromedriver!GetHandleVerifier [0xbbd45f+263f]
	KERNEL32!BaseThreadInitThunk [0x74b35d49+19]
	ntdll!RtlInitializeExceptionChain [0x7722d83b+6b]
	ntdll!RtlGetAppContainerNamedObjectPath [0x7722d7c1+231]

[2026-04-26 15:15:27.704] [DEBUG   ] [bot.scanner] Error escaneando tile 'Roulette 2 Extra Time': Message: no such element: Unable to locate element: {"method":"css selector","selector":"[id="5kvxlw4c1qm3xcyn-201"]"}
  (Session info: chrome=147.0.7727.103); For documentation on this error, please visit: https://www.selenium.dev/documentation/webdriver/troubleshooting/errors#nosuchelementexception
Stacktrace:
	undetected_chromedriver!GetHandleVerifier [0xbcb373+10553]
	undetected_chromedriver!GetHandleVerifier [0xbcb4a4+10684]
	undetected_chromedriver!(No symbol) [0x9d1e10]
	undetected_chromedriver!(No symbol) [0xa1a9da]
	undetected_chromedriver!(No symbol) [0xa1ac7b]
	undetected_chromedriver!(No symbol) [0xa5d162]
	undetected_chromedriver!(No symbol) [0xa3d8b4]
	undetected_chromedriver!(No symbol) [0xa5aa36]
	undetected_chromedriver!(No symbol) [0xa3d606]
	undetected_chromedriver!(No symbol) [0xa10039]
	undetected_chromedriver!(No symbol) [0xa10df4]
	undetected_chromedriver!GetHandleVerifier [0xe4ddb4+292f94]
	undetected_chromedriver!GetHandleVerifier [0xe4937d+28e55d]
	undetected_chromedriver!GetHandleVerifier [0xe68215+2ad3f5]
	undetected_chromedriver!GetHandleVerifier [0xbe4c18+29df8]
	undetected_chromedriver!GetHandleVerifier [0xbec6fd+318dd]
	undetected_chromedriver!GetHandleVerifier [0xbd3c78+18e58]
	undetected_chromedriver!GetHandleVerifier [0xbd3e42+19022]
	undetected_chromedriver!GetHandleVerifier [0xbbd45f+263f]
	KERNEL32!BaseThreadInitThunk [0x74b35d49+19]
	ntdll!RtlInitializeExceptionChain [0x7722d83b+6b]
	ntdll!RtlGetAppContainerNamedObjectPath [0x7722d7c1+231]

[2026-04-26 15:15:27.709] [DEBUG   ] [bot.scanner] Error escaneando tile 'Brazilian Mega Roulette': Message: no such element: Unable to locate element: {"method":"css selector","selector":"[id="mrbras531mrbr532-287"]"}
  (Session info: chrome=147.0.7727.103); For documentation on this error, please visit: https://www.selenium.dev/documentation/webdriver/troubleshooting/errors#nosuchelementexception
Stacktrace:
	undetected_chromedriver!GetHandleVerifier [0xbcb373+10553]
	undetected_chromedriver!GetHandleVerifier [0xbcb4a4+10684]
	undetected_chromedriver!(No symbol) [0x9d1e10]
	undetected_chromedriver!(No symbol) [0xa1a9da]
	undetected_chromedriver!(No symbol) [0xa1ac7b]
	undetected_chromedriver!(No symbol) [0xa5d162]
	undetected_chromedriver!(No symbol) [0xa3d8b4]
	undetected_chromedriver!(No symbol) [0xa5aa36]
	undetected_chromedriver!(No symbol) [0xa3d606]
	undetected_chromedriver!(No symbol) [0xa10039]
	undetected_chromedriver!(No symbol) [0xa10df4]
	undetected_chromedriver!GetHandleVerifier [0xe4ddb4+292f94]
	undetected_chromedriver!GetHandleVerifier [0xe4937d+28e55d]
	undetected_chromedriver!GetHandleVerifier [0xe68215+2ad3f5]
	undetected_chromedriver!GetHandleVerifier [0xbe4c18+29df8]
	undetected_chromedriver!GetHandleVerifier [0xbec6fd+318dd]
	undetected_chromedriver!GetHandleVerifier [0xbd3c78+18e58]
	undetected_chromedriver!GetHandleVerifier [0xbd3e42+19022]
	undetected_chromedriver!GetHandleVerifier [0xbbd45f+263f]
	KERNEL32!BaseThreadInitThunk [0x74b35d49+19]
	ntdll!RtlInitializeExceptionChain [0x7722d83b+6b]
	ntdll!RtlGetAppContainerNamedObjectPath [0x7722d7c1+231]

[2026-04-26 15:15:27.712] [DEBUG   ] [bot.scanner] Error escaneando tile 'Lucky 6 Roulette': Message: no such element: Unable to locate element: {"method":"css selector","selector":"[id="lucky6roulettea3-211a1"]"}
  (Session info: chrome=147.0.7727.103); For documentation on this error, please visit: https://www.selenium.dev/documentation/webdriver/troubleshooting/errors#nosuchelementexception
Stacktrace:
	undetected_chromedriver!GetHandleVerifier [0xbcb373+10553]
	undetected_chromedriver!GetHandleVerifier [0xbcb4a4+10684]
	undetected_chromedriver!(No symbol) [0x9d1e10]
	undetected_chromedriver!(No symbol) [0xa1a9da]
	undetected_chromedriver!(No symbol) [0xa1ac7b]
	undetected_chromedriver!(No symbol) [0xa5d162]
	undetected_chromedriver!(No symbol) [0xa3d8b4]
	undetected_chromedriver!(No symbol) [0xa5aa36]
	undetected_chromedriver!(No symbol) [0xa3d606]
	undetected_chromedriver!(No symbol) [0xa10039]
	undetected_chromedriver!(No symbol) [0xa10df4]
	undetected_chromedriver!GetHandleVerifier [0xe4ddb4+292f94]
	undetected_chromedriver!GetHandleVerifier [0xe4937d+28e55d]
	undetected_chromedriver!GetHandleVerifier [0xe68215+2ad3f5]
	undetected_chromedriver!GetHandleVerifier [0xbe4c18+29df8]
	undetected_chromedriver!GetHandleVerifier [0xbec6fd+318dd]
	undetected_chromedriver!GetHandleVerifier [0xbd3c78+18e58]
	undetected_chromedriver!GetHandleVerifier [0xbd3e42+19022]
	undetected_chromedriver!GetHandleVerifier [0xbbd45f+263f]
	KERNEL32!BaseThreadInitThunk [0x74b35d49+19]
	ntdll!RtlInitializeExceptionChain [0x7722d83b+6b]
	ntdll!RtlGetAppContainerNamedObjectPath [0x7722d7c1+231]

[2026-04-26 15:15:27.715] [DEBUG   ] [bot.scanner] Error escaneando tile 'Auto Roulette': Message: no such element: Unable to locate element: {"method":"css selector","selector":"[id="5bzl2835s5ruvweg-225"]"}
  (Session info: chrome=147.0.7727.103); For documentation on this error, please visit: https://www.selenium.dev/documentation/webdriver/troubleshooting/errors#nosuchelementexception
Stacktrace:
	undetected_chromedriver!GetHandleVerifier [0xbcb373+10553]
	undetected_chromedriver!GetHandleVerifier [0xbcb4a4+10684]
	undetected_chromedriver!(No symbol) [0x9d1e10]
	undetected_chromedriver!(No symbol) [0xa1a9da]
	undetected_chromedriver!(No symbol) [0xa1ac7b]
	undetected_chromedriver!(No symbol) [0xa5d162]
	undetected_chromedriver!(No symbol) [0xa3d8b4]
	undetected_chromedriver!(No symbol) [0xa5aa36]
	undetected_chromedriver!(No symbol) [0xa3d606]
	undetected_chromedriver!(No symbol) [0xa10039]
	undetected_chromedriver!(No symbol) [0xa10df4]
	undetected_chromedriver!GetHandleVerifier [0xe4ddb4+292f94]
	undetected_chromedriver!GetHandleVerifier [0xe4937d+28e55d]
	undetected_chromedriver!GetHandleVerifier [0xe68215+2ad3f5]
	undetected_chromedriver!GetHandleVerifier [0xbe4c18+29df8]
	undetected_chromedriver!GetHandleVerifier [0xbec6fd+318dd]
	undetected_chromedriver!GetHandleVerifier [0xbd3c78+18e58]
	undetected_chromedriver!GetHandleVerifier [0xbd3e42+19022]
	undetected_chromedriver!GetHandleVerifier [0xbbd45f+263f]
	KERNEL32!BaseThreadInitThunk [0x74b35d49+19]
	ntdll!RtlInitializeExceptionChain [0x7722d83b+6b]
	ntdll!RtlGetAppContainerNamedObjectPath [0x7722d7c1+231]

[2026-04-26 15:15:27.717] [DEBUG   ] [bot.scanner] Error escaneando tile 'Stake Roulette': Message: no such element: Unable to locate element: {"method":"css selector","selector":"[id="rw321stakerws321-236"]"}
  (Session info: chrome=147.0.7727.103); For documentation on this error, please visit: https://www.selenium.dev/documentation/webdriver/troubleshooting/errors#nosuchelementexception
Stacktrace:
	undetected_chromedriver!GetHandleVerifier [0xbcb373+10553]
	undetected_chromedriver!GetHandleVerifier [0xbcb4a4+10684]
	undetected_chromedriver!(No symbol) [0x9d1e10]
	undetected_chromedriver!(No symbol) [0xa1a9da]
	undetected_chromedriver!(No symbol) [0xa1ac7b]
	undetected_chromedriver!(No symbol) [0xa5d162]
	undetected_chromedriver!(No symbol) [0xa3d8b4]
	undetected_chromedriver!(No symbol) [0xa5aa36]
	undetected_chromedriver!(No symbol) [0xa3d606]
	undetected_chromedriver!(No symbol) [0xa10039]
	undetected_chromedriver!(No symbol) [0xa10df4]
	undetected_chromedriver!GetHandleVerifier [0xe4ddb4+292f94]
	undetected_chromedriver!GetHandleVerifier [0xe4937d+28e55d]
	undetected_chromedriver!GetHandleVerifier [0xe68215+2ad3f5]
	undetected_chromedriver!GetHandleVerifier [0xbe4c18+29df8]
	undetected_chromedriver!GetHandleVerifier [0xbec6fd+318dd]
	undetected_chromedriver!GetHandleVerifier [0xbd3c78+18e58]
	undetected_chromedriver!GetHandleVerifier [0xbd3e42+19022]
	undetected_chromedriver!GetHandleVerifier [0xbbd45f+263f]
	KERNEL32!BaseThreadInitThunk [0x74b35d49+19]
	ntdll!RtlInitializeExceptionChain [0x7722d83b+6b]
	ntdll!RtlGetAppContainerNamedObjectPath [0x7722d7c1+231]

[2026-04-26 15:15:27.720] [DEBUG   ] [bot.scanner] Error escaneando tile 'Turkish Roulette': Message: no such element: Unable to locate element: {"method":"css selector","selector":"[id="p8l1j84prrmxzyic-224"]"}
  (Session info: chrome=147.0.7727.103); For documentation on this error, please visit: https://www.selenium.dev/documentation/webdriver/troubleshooting/errors#nosuchelementexception
Stacktrace:
	undetected_chromedriver!GetHandleVerifier [0xbcb373+10553]
	undetected_chromedriver!GetHandleVerifier [0xbcb4a4+10684]
	undetected_chromedriver!(No symbol) [0x9d1e10]
	undetected_chromedriver!(No symbol) [0xa1a9da]
	undetected_chromedriver!(No symbol) [0xa1ac7b]
	undetected_chromedriver!(No symbol) [0xa5d162]
	undetected_chromedriver!(No symbol) [0xa3d8b4]
	undetected_chromedriver!(No symbol) [0xa5aa36]
	undetected_chromedriver!(No symbol) [0xa3d606]
	undetected_chromedriver!(No symbol) [0xa10039]
	undetected_chromedriver!(No symbol) [0xa10df4]
	undetected_chromedriver!GetHandleVerifier [0xe4ddb4+292f94]
	undetected_chromedriver!GetHandleVerifier [0xe4937d+28e55d]
	undetected_chromedriver!GetHandleVerifier [0xe68215+2ad3f5]
	undetected_chromedriver!GetHandleVerifier [0xbe4c18+29df8]
	undetected_chromedriver!GetHandleVerifier [0xbec6fd+318dd]
	undetected_chromedriver!GetHandleVerifier [0xbd3c78+18e58]
	undetected_chromedriver!GetHandleVerifier [0xbd3e42+19022]
	undetected_chromedriver!GetHandleVerifier [0xbbd45f+263f]
	KERNEL32!BaseThreadInitThunk [0x74b35d49+19]
	ntdll!RtlInitializeExceptionChain [0x7722d83b+6b]
	ntdll!RtlGetAppContainerNamedObjectPath [0x7722d7c1+231]

[2026-04-26 15:15:27.723] [DEBUG   ] [bot.scanner] Error escaneando tile 'German Roulette': Message: no such element: Unable to locate element: {"method":"css selector","selector":"[id="s2x6b4jdeqza2ge2-222"]"}
  (Session info: chrome=147.0.7727.103); For documentation on this error, please visit: https://www.selenium.dev/documentation/webdriver/troubleshooting/errors#nosuchelementexception
Stacktrace:
	undetected_chromedriver!GetHandleVerifier [0xbcb373+10553]
	undetected_chromedriver!GetHandleVerifier [0xbcb4a4+10684]
	undetected_chromedriver!(No symbol) [0x9d1e10]
	undetected_chromedriver!(No symbol) [0xa1a9da]
	undetected_chromedriver!(No symbol) [0xa1ac7b]
	undetected_chromedriver!(No symbol) [0xa5d162]
	undetected_chromedriver!(No symbol) [0xa3d8b4]
	undetected_chromedriver!(No symbol) [0xa5aa36]
	undetected_chromedriver!(No symbol) [0xa3d606]
	undetected_chromedriver!(No symbol) [0xa10039]
	undetected_chromedriver!(No symbol) [0xa10df4]
	undetected_chromedriver!GetHandleVerifier [0xe4ddb4+292f94]
	undetected_chromedriver!GetHandleVerifier [0xe4937d+28e55d]
	undetected_chromedriver!GetHandleVerifier [0xe68215+2ad3f5]
	undetected_chromedriver!GetHandleVerifier [0xbe4c18+29df8]
	undetected_chromedriver!GetHandleVerifier [0xbec6fd+318dd]
	undetected_chromedriver!GetHandleVerifier [0xbd3c78+18e58]
	undetected_chromedriver!GetHandleVerifier [0xbd3e42+19022]
	undetected_chromedriver!GetHandleVerifier [0xbbd45f+263f]
	KERNEL32!BaseThreadInitThunk [0x74b35d49+19]
	ntdll!RtlInitializeExceptionChain [0x7722d83b+6b]
	ntdll!RtlGetAppContainerNamedObjectPath [0x7722d7c1+231]

[2026-04-26 15:15:27.726] [DEBUG   ] [bot.scanner] Error escaneando tile 'Romanian Roulette': Message: no such element: Unable to locate element: {"method":"css selector","selector":"[id="romania233rwl291-233"]"}
  (Session info: chrome=147.0.7727.103); For documentation on this error, please visit: https://www.selenium.dev/documentation/webdriver/troubleshooting/errors#nosuchelementexception
Stacktrace:
	undetected_chromedriver!GetHandleVerifier [0xbcb373+10553]
	undetected_chromedriver!GetHandleVerifier [0xbcb4a4+10684]
	undetected_chromedriver!(No symbol) [0x9d1e10]
	undetected_chromedriver!(No symbol) [0xa1a9da]
	undetected_chromedriver!(No symbol) [0xa1ac7b]
	undetected_chromedriver!(No symbol) [0xa5d162]
	undetected_chromedriver!(No symbol) [0xa3d8b4]
	undetected_chromedriver!(No symbol) [0xa5aa36]
	undetected_chromedriver!(No symbol) [0xa3d606]
	undetected_chromedriver!(No symbol) [0xa10039]
	undetected_chromedriver!(No symbol) [0xa10df4]
	undetected_chromedriver!GetHandleVerifier [0xe4ddb4+292f94]
	undetected_chromedriver!GetHandleVerifier [0xe4937d+28e55d]
	undetected_chromedriver!GetHandleVerifier [0xe68215+2ad3f5]
	undetected_chromedriver!GetHandleVerifier [0xbe4c18+29df8]
	undetected_chromedriver!GetHandleVerifier [0xbec6fd+318dd]
	undetected_chromedriver!GetHandleVerifier [0xbd3c78+18e58]
	undetected_chromedriver!GetHandleVerifier [0xbd3e42+19022]
	undetected_chromedriver!GetHandleVerifier [0xbbd45f+263f]
	KERNEL32!BaseThreadInitThunk [0x74b35d49+19]
	ntdll!RtlInitializeExceptionChain [0x7722d83b+6b]
	ntdll!RtlGetAppContainerNamedObjectPath [0x7722d7c1+231]

[2026-04-26 15:15:27.729] [DEBUG   ] [bot.scanner] Error escaneando tile 'Roulette Italia Tricolore': Message: no such element: Unable to locate element: {"method":"css selector","selector":"[id="v1c52fgw7yy02upz-223"]"}
  (Session info: chrome=147.0.7727.103); For documentation on this error, please visit: https://www.selenium.dev/documentation/webdriver/troubleshooting/errors#nosuchelementexception
Stacktrace:
	undetected_chromedriver!GetHandleVerifier [0xbcb373+10553]
	undetected_chromedriver!GetHandleVerifier [0xbcb4a4+10684]
	undetected_chromedriver!(No symbol) [0x9d1e10]
	undetected_chromedriver!(No symbol) [0xa1a9da]
	undetected_chromedriver!(No symbol) [0xa1ac7b]
	undetected_chromedriver!(No symbol) [0xa5d162]
	undetected_chromedriver!(No symbol) [0xa3d8b4]
	undetected_chromedriver!(No symbol) [0xa5aa36]
	undetected_chromedriver!(No symbol) [0xa3d606]
	undetected_chromedriver!(No symbol) [0xa10039]
	undetected_chromedriver!(No symbol) [0xa10df4]
	undetected_chromedriver!GetHandleVerifier [0xe4ddb4+292f94]
	undetected_chromedriver!GetHandleVerifier [0xe4937d+28e55d]
	undetected_chromedriver!GetHandleVerifier [0xe68215+2ad3f5]
	undetected_chromedriver!GetHandleVerifier [0xbe4c18+29df8]
	undetected_chromedriver!GetHandleVerifier [0xbec6fd+318dd]
	undetected_chromedriver!GetHandleVerifier [0xbd3c78+18e58]
	undetected_chromedriver!GetHandleVerifier [0xbd3e42+19022]
	undetected_chromedriver!GetHandleVerifier [0xbbd45f+263f]
	KERNEL32!BaseThreadInitThunk [0x74b35d49+19]
	ntdll!RtlInitializeExceptionChain [0x7722d83b+6b]
	ntdll!RtlGetAppContainerNamedObjectPath [0x7722d7c1+231]

[2026-04-26 15:15:27.731] [DEBUG   ] [bot.scanner] Error escaneando tile 'Russian Roulette': Message: no such element: Unable to locate element: {"method":"css selector","selector":"[id="t4jzencinod6iqwi-221"]"}
  (Session info: chrome=147.0.7727.103); For documentation on this error, please visit: https://www.selenium.dev/documentation/webdriver/troubleshooting/errors#nosuchelementexception
Stacktrace:
	undetected_chromedriver!GetHandleVerifier [0xbcb373+10553]
	undetected_chromedriver!GetHandleVerifier [0xbcb4a4+10684]
	undetected_chromedriver!(No symbol) [0x9d1e10]
	undetected_chromedriver!(No symbol) [0xa1a9da]
	undetected_chromedriver!(No symbol) [0xa1ac7b]
	undetected_chromedriver!(No symbol) [0xa5d162]
	undetected_chromedriver!(No symbol) [0xa3d8b4]
	undetected_chromedriver!(No symbol) [0xa5aa36]
	undetected_chromedriver!(No symbol) [0xa3d606]
	undetected_chromedriver!(No symbol) [0xa10039]
	undetected_chromedriver!(No symbol) [0xa10df4]
	undetected_chromedriver!GetHandleVerifier [0xe4ddb4+292f94]
	undetected_chromedriver!GetHandleVerifier [0xe4937d+28e55d]
	undetected_chromedriver!GetHandleVerifier [0xe68215+2ad3f5]
	undetected_chromedriver!GetHandleVerifier [0xbe4c18+29df8]
	undetected_chromedriver!GetHandleVerifier [0xbec6fd+318dd]
	undetected_chromedriver!GetHandleVerifier [0xbd3c78+18e58]
	undetected_chromedriver!GetHandleVerifier [0xbd3e42+19022]
	undetected_chromedriver!GetHandleVerifier [0xbbd45f+263f]
	KERNEL32!BaseThreadInitThunk [0x74b35d49+19]
	ntdll!RtlInitializeExceptionChain [0x7722d83b+6b]
	ntdll!RtlGetAppContainerNamedObjectPath [0x7722d7c1+231]

[2026-04-26 15:15:27.734] [DEBUG   ] [bot.scanner] Error escaneando tile 'Dutch Roulette': Message: no such element: Unable to locate element: {"method":"css selector","selector":"[id="dutchrw235rwl293-235"]"}
  (Session info: chrome=147.0.7727.103); For documentation on this error, please visit: https://www.selenium.dev/documentation/webdriver/troubleshooting/errors#nosuchelementexception
Stacktrace:
	undetected_chromedriver!GetHandleVerifier [0xbcb373+10553]
	undetected_chromedriver!GetHandleVerifier [0xbcb4a4+10684]
	undetected_chromedriver!(No symbol) [0x9d1e10]
	undetected_chromedriver!(No symbol) [0xa1a9da]
	undetected_chromedriver!(No symbol) [0xa1ac7b]
	undetected_chromedriver!(No symbol) [0xa5d162]
	undetected_chromedriver!(No symbol) [0xa3d8b4]
	undetected_chromedriver!(No symbol) [0xa5aa36]
	undetected_chromedriver!(No symbol) [0xa3d606]
	undetected_chromedriver!(No symbol) [0xa10039]
	undetected_chromedriver!(No symbol) [0xa10df4]
	undetected_chromedriver!GetHandleVerifier [0xe4ddb4+292f94]
	undetected_chromedriver!GetHandleVerifier [0xe4937d+28e55d]
	undetected_chromedriver!GetHandleVerifier [0xe68215+2ad3f5]
	undetected_chromedriver!GetHandleVerifier [0xbe4c18+29df8]
	undetected_chromedriver!GetHandleVerifier [0xbec6fd+318dd]
	undetected_chromedriver!GetHandleVerifier [0xbd3c78+18e58]
	undetected_chromedriver!GetHandleVerifier [0xbd3e42+19022]
	undetected_chromedriver!GetHandleVerifier [0xbbd45f+263f]
	KERNEL32!BaseThreadInitThunk [0x74b35d49+19]
	ntdll!RtlInitializeExceptionChain [0x7722d83b+6b]
	ntdll!RtlGetAppContainerNamedObjectPath [0x7722d7c1+231]

[2026-04-26 15:15:28.265] [DEBUG   ] [bot.scanner] Error escaneando tile 'Ruleta Latina': Message: no such element: Unable to locate element: {"method":"css selector","selector":"[id="roulerw234rwl292-234"]"}
  (Session info: chrome=147.0.7727.103); For documentation on this error, please visit: https://www.selenium.dev/documentation/webdriver/troubleshooting/errors#nosuchelementexception
Stacktrace:
	undetected_chromedriver!GetHandleVerifier [0xbcb373+10553]
	undetected_chromedriver!GetHandleVerifier [0xbcb4a4+10684]
	undetected_chromedriver!(No symbol) [0x9d1e10]
	undetected_chromedriver!(No symbol) [0xa1a9da]
	undetected_chromedriver!(No symbol) [0xa1ac7b]
	undetected_chromedriver!(No symbol) [0xa5d162]
	undetected_chromedriver!(No symbol) [0xa3d8b4]
	undetected_chromedriver!(No symbol) [0xa5aa36]
	undetected_chromedriver!(No symbol) [0xa3d606]
	undetected_chromedriver!(No symbol) [0xa10039]
	undetected_chromedriver!(No symbol) [0xa10df4]
	undetected_chromedriver!GetHandleVerifier [0xe4ddb4+292f94]
	undetected_chromedriver!GetHandleVerifier [0xe4937d+28e55d]
	undetected_chromedriver!GetHandleVerifier [0xe68215+2ad3f5]
	undetected_chromedriver!GetHandleVerifier [0xbe4c18+29df8]
	undetected_chromedriver!GetHandleVerifier [0xbec6fd+318dd]
	undetected_chromedriver!GetHandleVerifier [0xbd3c78+18e58]
	undetected_chromedriver!GetHandleVerifier [0xbd3e42+19022]
	undetected_chromedriver!GetHandleVerifier [0xbbd45f+263f]
	KERNEL32!BaseThreadInitThunk [0x74b35d49+19]
	ntdll!RtlInitializeExceptionChain [0x7722d83b+6b]
	ntdll!RtlGetAppContainerNamedObjectPath [0x7722d7c1+231]

[2026-04-26 15:15:28.279] [DEBUG   ] [bot.scanner] Error escaneando tile 'Mega Roulette': Message: no such element: Unable to locate element: {"method":"css selector","selector":"[id="1hl65ce1lxuqdrkr-204"]"}
  (Session info: chrome=147.0.7727.103); For documentation on this error, please visit: https://www.selenium.dev/documentation/webdriver/troubleshooting/errors#nosuchelementexception
Stacktrace:
	undetected_chromedriver!GetHandleVerifier [0xbcb373+10553]
	undetected_chromedriver!GetHandleVerifier [0xbcb4a4+10684]
	undetected_chromedriver!(No symbol) [0x9d1e10]
	undetected_chromedriver!(No symbol) [0xa1a9da]
	undetected_chromedriver!(No symbol) [0xa1ac7b]
	undetected_chromedriver!(No symbol) [0xa5d162]
	undetected_chromedriver!(No symbol) [0xa3d8b4]
	undetected_chromedriver!(No symbol) [0xa5aa36]
	undetected_chromedriver!(No symbol) [0xa3d606]
	undetected_chromedriver!(No symbol) [0xa10039]
	undetected_chromedriver!(No symbol) [0xa10df4]
	undetected_chromedriver!GetHandleVerifier [0xe4ddb4+292f94]
	undetected_chromedriver!GetHandleVerifier [0xe4937d+28e55d]
	undetected_chromedriver!GetHandleVerifier [0xe68215+2ad3f5]
	undetected_chromedriver!GetHandleVerifier [0xbe4c18+29df8]
	undetected_chromedriver!GetHandleVerifier [0xbec6fd+318dd]
	undetected_chromedriver!GetHandleVerifier [0xbd3c78+18e58]
	undetected_chromedriver!GetHandleVerifier [0xbd3e42+19022]
	undetected_chromedriver!GetHandleVerifier [0xbbd45f+263f]
	KERNEL32!BaseThreadInitThunk [0x74b35d49+19]
	ntdll!RtlInitializeExceptionChain [0x7722d83b+6b]
	ntdll!RtlGetAppContainerNamedObjectPath [0x7722d7c1+231]

[2026-04-26 15:15:28.290] [DEBUG   ] [bot.scanner] Error escaneando tile 'Brazilian Roulette': Message: no such element: Unable to locate element: {"method":"css selector","selector":"[id="rwbrzportrwa16rg-237"]"}
  (Session info: chrome=147.0.7727.103); For documentation on this error, please visit: https://www.selenium.dev/documentation/webdriver/troubleshooting/errors#nosuchelementexception
Stacktrace:
	undetected_chromedriver!GetHandleVerifier [0xbcb373+10553]
	undetected_chromedriver!GetHandleVerifier [0xbcb4a4+10684]
	undetected_chromedriver!(No symbol) [0x9d1e10]
	undetected_chromedriver!(No symbol) [0xa1a9da]
	undetected_chromedriver!(No symbol) [0xa1ac7b]
	undetected_chromedriver!(No symbol) [0xa5d162]
	undetected_chromedriver!(No symbol) [0xa3d8b4]
	undetected_chromedriver!(No symbol) [0xa5aa36]
	undetected_chromedriver!(No symbol) [0xa3d606]
	undetected_chromedriver!(No symbol) [0xa10039]
	undetected_chromedriver!(No symbol) [0xa10df4]
	undetected_chromedriver!GetHandleVerifier [0xe4ddb4+292f94]
	undetected_chromedriver!GetHandleVerifier [0xe4937d+28e55d]
	undetected_chromedriver!GetHandleVerifier [0xe68215+2ad3f5]
	undetected_chromedriver!GetHandleVerifier [0xbe4c18+29df8]
	undetected_chromedriver!GetHandleVerifier [0xbec6fd+318dd]
	undetected_chromedriver!GetHandleVerifier [0xbd3c78+18e58]
	undetected_chromedriver!GetHandleVerifier [0xbd3e42+19022]
	undetected_chromedriver!GetHandleVerifier [0xbbd45f+263f]
	KERNEL32!BaseThreadInitThunk [0x74b35d49+19]
	ntdll!RtlInitializeExceptionChain [0x7722d83b+6b]
	ntdll!RtlGetAppContainerNamedObjectPath [0x7722d7c1+231]

[2026-04-26 15:15:28.299] [DEBUG   ] [bot.scanner] Error escaneando tile 'Roulette 1': Message: no such element: Unable to locate element: {"method":"css selector","selector":"[id="g03y1t9vvuhrfytl-227"]"}
  (Session info: chrome=147.0.7727.103); For documentation on this error, please visit: https://www.selenium.dev/documentation/webdriver/troubleshooting/errors#nosuchelementexception
Stacktrace:
	undetected_chromedriver!GetHandleVerifier [0xbcb373+10553]
	undetected_chromedriver!GetHandleVerifier [0xbcb4a4+10684]
	undetected_chromedriver!(No symbol) [0x9d1e10]
	undetected_chromedriver!(No symbol) [0xa1a9da]
	undetected_chromedriver!(No symbol) [0xa1ac7b]
	undetected_chromedriver!(No symbol) [0xa5d162]
	undetected_chromedriver!(No symbol) [0xa3d8b4]
	undetected_chromedriver!(No symbol) [0xa5aa36]
	undetected_chromedriver!(No symbol) [0xa3d606]
	undetected_chromedriver!(No symbol) [0xa10039]
	undetected_chromedriver!(No symbol) [0xa10df4]
	undetected_chromedriver!GetHandleVerifier [0xe4ddb4+292f94]
	undetected_chromedriver!GetHandleVerifier [0xe4937d+28e55d]
	undetected_chromedriver!GetHandleVerifier [0xe68215+2ad3f5]
	undetected_chromedriver!GetHandleVerifier [0xbe4c18+29df8]
	undetected_chromedriver!GetHandleVerifier [0xbec6fd+318dd]
	undetected_chromedriver!GetHandleVerifier [0xbd3c78+18e58]
	undetected_chromedriver!GetHandleVerifier [0xbd3e42+19022]
	undetected_chromedriver!GetHandleVerifier [0xbbd45f+263f]
	KERNEL32!BaseThreadInitThunk [0x74b35d49+19]
	ntdll!RtlInitializeExceptionChain [0x7722d83b+6b]
	ntdll!RtlGetAppContainerNamedObjectPath [0x7722d7c1+231]

[2026-04-26 15:15:28.305] [DEBUG   ] [bot.scanner] Error escaneando tile 'Roulette 3': Message: no such element: Unable to locate element: {"method":"css selector","selector":"[id="chroma229rwltr22-230"]"}
  (Session info: chrome=147.0.7727.103); For documentation on this error, please visit: https://www.selenium.dev/documentation/webdriver/troubleshooting/errors#nosuchelementexception
Stacktrace:
	undetected_chromedriver!GetHandleVerifier [0xbcb373+10553]
	undetected_chromedriver!GetHandleVerifier [0xbcb4a4+10684]
	undetected_chromedriver!(No symbol) [0x9d1e10]
	undetected_chromedriver!(No symbol) [0xa1a9da]
	undetected_chromedriver!(No symbol) [0xa1ac7b]
	undetected_chromedriver!(No symbol) [0xa5d162]
	undetected_chromedriver!(No symbol) [0xa3d8b4]
	undetected_chromedriver!(No symbol) [0xa5aa36]
	undetected_chromedriver!(No symbol) [0xa3d606]
	undetected_chromedriver!(No symbol) [0xa10039]
	undetected_chromedriver!(No symbol) [0xa10df4]
	undetected_chromedriver!GetHandleVerifier [0xe4ddb4+292f94]
	undetected_chromedriver!GetHandleVerifier [0xe4937d+28e55d]
	undetected_chromedriver!GetHandleVerifier [0xe68215+2ad3f5]
	undetected_chromedriver!GetHandleVerifier [0xbe4c18+29df8]
	undetected_chromedriver!GetHandleVerifier [0xbec6fd+318dd]
	undetected_chromedriver!GetHandleVerifier [0xbd3c78+18e58]
	undetected_chromedriver!GetHandleVerifier [0xbd3e42+19022]
	undetected_chromedriver!GetHandleVerifier [0xbbd45f+263f]
	KERNEL32!BaseThreadInitThunk [0x74b35d49+19]
	ntdll!RtlInitializeExceptionChain [0x7722d83b+6b]
	ntdll!RtlGetAppContainerNamedObjectPath [0x7722d7c1+231]

[2026-04-26 15:15:28.310] [DEBUG   ] [bot.scanner] Error escaneando tile 'Roulette Macao': Message: no such element: Unable to locate element: {"method":"css selector","selector":"[id="yqpz3ichst2xg439-206"]"}
  (Session info: chrome=147.0.7727.103); For documentation on this error, please visit: https://www.selenium.dev/documentation/webdriver/troubleshooting/errors#nosuchelementexception
Stacktrace:
	undetected_chromedriver!GetHandleVerifier [0xbcb373+10553]
	undetected_chromedriver!GetHandleVerifier [0xbcb4a4+10684]
	undetected_chromedriver!(No symbol) [0x9d1e10]
	undetected_chromedriver!(No symbol) [0xa1a9da]
	undetected_chromedriver!(No symbol) [0xa1ac7b]
	undetected_chromedriver!(No symbol) [0xa5d162]
	undetected_chromedriver!(No symbol) [0xa3d8b4]
	undetected_chromedriver!(No symbol) [0xa5aa36]
	undetected_chromedriver!(No symbol) [0xa3d606]
	undetected_chromedriver!(No symbol) [0xa10039]
	undetected_chromedriver!(No symbol) [0xa10df4]
	undetected_chromedriver!GetHandleVerifier [0xe4ddb4+292f94]
	undetected_chromedriver!GetHandleVerifier [0xe4937d+28e55d]
	undetected_chromedriver!GetHandleVerifier [0xe68215+2ad3f5]
	undetected_chromedriver!GetHandleVerifier [0xbe4c18+29df8]
	undetected_chromedriver!GetHandleVerifier [0xbec6fd+318dd]
	undetected_chromedriver!GetHandleVerifier [0xbd3c78+18e58]
	undetected_chromedriver!GetHandleVerifier [0xbd3e42+19022]
	undetected_chromedriver!GetHandleVerifier [0xbbd45f+263f]
	KERNEL32!BaseThreadInitThunk [0x74b35d49+19]
	ntdll!RtlInitializeExceptionChain [0x7722d83b+6b]
	ntdll!RtlGetAppContainerNamedObjectPath [0x7722d7c1+231]

[2026-04-26 15:15:28.314] [DEBUG   ] [bot.scanner] Error escaneando tile 'Roulette 2 Extra Time': Message: no such element: Unable to locate element: {"method":"css selector","selector":"[id="5kvxlw4c1qm3xcyn-201"]"}
  (Session info: chrome=147.0.7727.103); For documentation on this error, please visit: https://www.selenium.dev/documentation/webdriver/troubleshooting/errors#nosuchelementexception
Stacktrace:
	undetected_chromedriver!GetHandleVerifier [0xbcb373+10553]
	undetected_chromedriver!GetHandleVerifier [0xbcb4a4+10684]
	undetected_chromedriver!(No symbol) [0x9d1e10]
	undetected_chromedriver!(No symbol) [0xa1a9da]
	undetected_chromedriver!(No symbol) [0xa1ac7b]
	undetected_chromedriver!(No symbol) [0xa5d162]
	undetected_chromedriver!(No symbol) [0xa3d8b4]
	undetected_chromedriver!(No symbol) [0xa5aa36]
	undetected_chromedriver!(No symbol) [0xa3d606]
	undetected_chromedriver!(No symbol) [0xa10039]
	undetected_chromedriver!(No symbol) [0xa10df4]
	undetected_chromedriver!GetHandleVerifier [0xe4ddb4+292f94]
	undetected_chromedriver!GetHandleVerifier [0xe4937d+28e55d]
	undetected_chromedriver!GetHandleVerifier [0xe68215+2ad3f5]
	undetected_chromedriver!GetHandleVerifier [0xbe4c18+29df8]
	undetected_chromedriver!GetHandleVerifier [0xbec6fd+318dd]
	undetected_chromedriver!GetHandleVerifier [0xbd3c78+18e58]
	undetected_chromedriver!GetHandleVerifier [0xbd3e42+19022]
	undetected_chromedriver!GetHandleVerifier [0xbbd45f+263f]
	KERNEL32!BaseThreadInitThunk [0x74b35d49+19]
	ntdll!RtlInitializeExceptionChain [0x7722d83b+6b]
	ntdll!RtlGetAppContainerNamedObjectPath [0x7722d7c1+231]

[2026-04-26 15:15:28.321] [DEBUG   ] [bot.scanner] Error escaneando tile 'Brazilian Mega Roulette': Message: no such element: Unable to locate element: {"method":"css selector","selector":"[id="mrbras531mrbr532-287"]"}
  (Session info: chrome=147.0.7727.103); For documentation on this error, please visit: https://www.selenium.dev/documentation/webdriver/troubleshooting/errors#nosuchelementexception
Stacktrace:
	undetected_chromedriver!GetHandleVerifier [0xbcb373+10553]
	undetected_chromedriver!GetHandleVerifier [0xbcb4a4+10684]
	undetected_chromedriver!(No symbol) [0x9d1e10]
	undetected_chromedriver!(No symbol) [0xa1a9da]
	undetected_chromedriver!(No symbol) [0xa1ac7b]
	undetected_chromedriver!(No symbol) [0xa5d162]
	undetected_chromedriver!(No symbol) [0xa3d8b4]
	undetected_chromedriver!(No symbol) [0xa5aa36]
	undetected_chromedriver!(No symbol) [0xa3d606]
	undetected_chromedriver!(No symbol) [0xa10039]
	undetected_chromedriver!(No symbol) [0xa10df4]
	undetected_chromedriver!GetHandleVerifier [0xe4ddb4+292f94]
	undetected_chromedriver!GetHandleVerifier [0xe4937d+28e55d]
	undetected_chromedriver!GetHandleVerifier [0xe68215+2ad3f5]
	undetected_chromedriver!GetHandleVerifier [0xbe4c18+29df8]
	undetected_chromedriver!GetHandleVerifier [0xbec6fd+318dd]
	undetected_chromedriver!GetHandleVerifier [0xbd3c78+18e58]
	undetected_chromedriver!GetHandleVerifier [0xbd3e42+19022]
	undetected_chromedriver!GetHandleVerifier [0xbbd45f+263f]
	KERNEL32!BaseThreadInitThunk [0x74b35d49+19]
	ntdll!RtlInitializeExceptionChain [0x7722d83b+6b]
	ntdll!RtlGetAppContainerNamedObjectPath [0x7722d7c1+231]

[2026-04-26 15:15:28.325] [DEBUG   ] [bot.scanner] Error escaneando tile 'Lucky 6 Roulette': Message: no such element: Unable to locate element: {"method":"css selector","selector":"[id="lucky6roulettea3-211a1"]"}
  (Session info: chrome=147.0.7727.103); For documentation on this error, please visit: https://www.selenium.dev/documentation/webdriver/troubleshooting/errors#nosuchelementexception
Stacktrace:
	undetected_chromedriver!GetHandleVerifier [0xbcb373+10553]
	undetected_chromedriver!GetHandleVerifier [0xbcb4a4+10684]
	undetected_chromedriver!(No symbol) [0x9d1e10]
	undetected_chromedriver!(No symbol) [0xa1a9da]
	undetected_chromedriver!(No symbol) [0xa1ac7b]
	undetected_chromedriver!(No symbol) [0xa5d162]
	undetected_chromedriver!(No symbol) [0xa3d8b4]
	undetected_chromedriver!(No symbol) [0xa5aa36]
	undetected_chromedriver!(No symbol) [0xa3d606]
	undetected_chromedriver!(No symbol) [0xa10039]
	undetected_chromedriver!(No symbol) [0xa10df4]
	undetected_chromedriver!GetHandleVerifier [0xe4ddb4+292f94]
	undetected_chromedriver!GetHandleVerifier [0xe4937d+28e55d]
	undetected_chromedriver!GetHandleVerifier [0xe68215+2ad3f5]
	undetected_chromedriver!GetHandleVerifier [0xbe4c18+29df8]
	undetected_chromedriver!GetHandleVerifier [0xbec6fd+318dd]
	undetected_chromedriver!GetHandleVerifier [0xbd3c78+18e58]
	undetected_chromedriver!GetHandleVerifier [0xbd3e42+19022]
	undetected_chromedriver!GetHandleVerifier [0xbbd45f+263f]
	KERNEL32!BaseThreadInitThunk [0x74b35d49+19]
	ntdll!RtlInitializeExceptionChain [0x7722d83b+6b]
	ntdll!RtlGetAppContainerNamedObjectPath [0x7722d7c1+231]

[2026-04-26 15:15:28.328] [DEBUG   ] [bot.scanner] Error escaneando tile 'Auto Roulette': Message: no such element: Unable to locate element: {"method":"css selector","selector":"[id="5bzl2835s5ruvweg-225"]"}
  (Session info: chrome=147.0.7727.103); For documentation on this error, please visit: https://www.selenium.dev/documentation/webdriver/troubleshooting/errors#nosuchelementexception
Stacktrace:
	undetected_chromedriver!GetHandleVerifier [0xbcb373+10553]
	undetected_chromedriver!GetHandleVerifier [0xbcb4a4+10684]
	undetected_chromedriver!(No symbol) [0x9d1e10]
	undetected_chromedriver!(No symbol) [0xa1a9da]
	undetected_chromedriver!(No symbol) [0xa1ac7b]
	undetected_chromedriver!(No symbol) [0xa5d162]
	undetected_chromedriver!(No symbol) [0xa3d8b4]
	undetected_chromedriver!(No symbol) [0xa5aa36]
	undetected_chromedriver!(No symbol) [0xa3d606]
	undetected_chromedriver!(No symbol) [0xa10039]
	undetected_chromedriver!(No symbol) [0xa10df4]
	undetected_chromedriver!GetHandleVerifier [0xe4ddb4+292f94]
	undetected_chromedriver!GetHandleVerifier [0xe4937d+28e55d]
	undetected_chromedriver!GetHandleVerifier [0xe68215+2ad3f5]
	undetected_chromedriver!GetHandleVerifier [0xbe4c18+29df8]
	undetected_chromedriver!GetHandleVerifier [0xbec6fd+318dd]
	undetected_chromedriver!GetHandleVerifier [0xbd3c78+18e58]
	undetected_chromedriver!GetHandleVerifier [0xbd3e42+19022]
	undetected_chromedriver!GetHandleVerifier [0xbbd45f+263f]
	KERNEL32!BaseThreadInitThunk [0x74b35d49+19]
	ntdll!RtlInitializeExceptionChain [0x7722d83b+6b]
	ntdll!RtlGetAppContainerNamedObjectPath [0x7722d7c1+231]

[2026-04-26 15:15:28.330] [DEBUG   ] [bot.scanner] Error escaneando tile 'Stake Roulette': Message: no such element: Unable to locate element: {"method":"css selector","selector":"[id="rw321stakerws321-236"]"}
  (Session info: chrome=147.0.7727.103); For documentation on this error, please visit: https://www.selenium.dev/documentation/webdriver/troubleshooting/errors#nosuchelementexception
Stacktrace:
	undetected_chromedriver!GetHandleVerifier [0xbcb373+10553]
	undetected_chromedriver!GetHandleVerifier [0xbcb4a4+10684]
	undetected_chromedriver!(No symbol) [0x9d1e10]
	undetected_chromedriver!(No symbol) [0xa1a9da]
	undetected_chromedriver!(No symbol) [0xa1ac7b]
	undetected_chromedriver!(No symbol) [0xa5d162]
	undetected_chromedriver!(No symbol) [0xa3d8b4]
	undetected_chromedriver!(No symbol) [0xa5aa36]
	undetected_chromedriver!(No symbol) [0xa3d606]
	undetected_chromedriver!(No symbol) [0xa10039]
	undetected_chromedriver!(No symbol) [0xa10df4]
	undetected_chromedriver!GetHandleVerifier [0xe4ddb4+292f94]
	undetected_chromedriver!GetHandleVerifier [0xe4937d+28e55d]
	undetected_chromedriver!GetHandleVerifier [0xe68215+2ad3f5]
	undetected_chromedriver!GetHandleVerifier [0xbe4c18+29df8]
	undetected_chromedriver!GetHandleVerifier [0xbec6fd+318dd]
	undetected_chromedriver!GetHandleVerifier [0xbd3c78+18e58]
	undetected_chromedriver!GetHandleVerifier [0xbd3e42+19022]
	undetected_chromedriver!GetHandleVerifier [0xbbd45f+263f]
	KERNEL32!BaseThreadInitThunk [0x74b35d49+19]
	ntdll!RtlInitializeExceptionChain [0x7722d83b+6b]
	ntdll!RtlGetAppContainerNamedObjectPath [0x7722d7c1+231]

[2026-04-26 15:15:28.333] [DEBUG   ] [bot.scanner] Error escaneando tile 'Turkish Roulette': Message: no such element: Unable to locate element: {"method":"css selector","selector":"[id="p8l1j84prrmxzyic-224"]"}
  (Session info: chrome=147.0.7727.103); For documentation on this error, please visit: https://www.selenium.dev/documentation/webdriver/troubleshooting/errors#nosuchelementexception
Stacktrace:
	undetected_chromedriver!GetHandleVerifier [0xbcb373+10553]
	undetected_chromedriver!GetHandleVerifier [0xbcb4a4+10684]
	undetected_chromedriver!(No symbol) [0x9d1e10]
	undetected_chromedriver!(No symbol) [0xa1a9da]
	undetected_chromedriver!(No symbol) [0xa1ac7b]
	undetected_chromedriver!(No symbol) [0xa5d162]
	undetected_chromedriver!(No symbol) [0xa3d8b4]
	undetected_chromedriver!(No symbol) [0xa5aa36]
	undetected_chromedriver!(No symbol) [0xa3d606]
	undetected_chromedriver!(No symbol) [0xa10039]
	undetected_chromedriver!(No symbol) [0xa10df4]
	undetected_chromedriver!GetHandleVerifier [0xe4ddb4+292f94]
	undetected_chromedriver!GetHandleVerifier [0xe4937d+28e55d]
	undetected_chromedriver!GetHandleVerifier [0xe68215+2ad3f5]
	undetected_chromedriver!GetHandleVerifier [0xbe4c18+29df8]
	undetected_chromedriver!GetHandleVerifier [0xbec6fd+318dd]
	undetected_chromedriver!GetHandleVerifier [0xbd3c78+18e58]
	undetected_chromedriver!GetHandleVerifier [0xbd3e42+19022]
	undetected_chromedriver!GetHandleVerifier [0xbbd45f+263f]
	KERNEL32!BaseThreadInitThunk [0x74b35d49+19]
	ntdll!RtlInitializeExceptionChain [0x7722d83b+6b]
	ntdll!RtlGetAppContainerNamedObjectPath [0x7722d7c1+231]

[2026-04-26 15:15:28.336] [DEBUG   ] [bot.scanner] Error escaneando tile 'German Roulette': Message: no such element: Unable to locate element: {"method":"css selector","selector":"[id="s2x6b4jdeqza2ge2-222"]"}
  (Session info: chrome=147.0.7727.103); For documentation on this error, please visit: https://www.selenium.dev/documentation/webdriver/troubleshooting/errors#nosuchelementexception
Stacktrace:
	undetected_chromedriver!GetHandleVerifier [0xbcb373+10553]
	undetected_chromedriver!GetHandleVerifier [0xbcb4a4+10684]
	undetected_chromedriver!(No symbol) [0x9d1e10]
	undetected_chromedriver!(No symbol) [0xa1a9da]
	undetected_chromedriver!(No symbol) [0xa1ac7b]
	undetected_chromedriver!(No symbol) [0xa5d162]
	undetected_chromedriver!(No symbol) [0xa3d8b4]
	undetected_chromedriver!(No symbol) [0xa5aa36]
	undetected_chromedriver!(No symbol) [0xa3d606]
	undetected_chromedriver!(No symbol) [0xa10039]
	undetected_chromedriver!(No symbol) [0xa10df4]
	undetected_chromedriver!GetHandleVerifier [0xe4ddb4+292f94]
	undetected_chromedriver!GetHandleVerifier [0xe4937d+28e55d]
	undetected_chromedriver!GetHandleVerifier [0xe68215+2ad3f5]
	undetected_chromedriver!GetHandleVerifier [0xbe4c18+29df8]
	undetected_chromedriver!GetHandleVerifier [0xbec6fd+318dd]
	undetected_chromedriver!GetHandleVerifier [0xbd3c78+18e58]
	undetected_chromedriver!GetHandleVerifier [0xbd3e42+19022]
	undetected_chromedriver!GetHandleVerifier [0xbbd45f+263f]
	KERNEL32!BaseThreadInitThunk [0x74b35d49+19]
	ntdll!RtlInitializeExceptionChain [0x7722d83b+6b]
	ntdll!RtlGetAppContainerNamedObjectPath [0x7722d7c1+231]

[2026-04-26 15:15:28.339] [DEBUG   ] [bot.scanner] Error escaneando tile 'Romanian Roulette': Message: no such element: Unable to locate element: {"method":"css selector","selector":"[id="romania233rwl291-233"]"}
  (Session info: chrome=147.0.7727.103); For documentation on this error, please visit: https://www.selenium.dev/documentation/webdriver/troubleshooting/errors#nosuchelementexception
Stacktrace:
	undetected_chromedriver!GetHandleVerifier [0xbcb373+10553]
	undetected_chromedriver!GetHandleVerifier [0xbcb4a4+10684]
	undetected_chromedriver!(No symbol) [0x9d1e10]
	undetected_chromedriver!(No symbol) [0xa1a9da]
	undetected_chromedriver!(No symbol) [0xa1ac7b]
	undetected_chromedriver!(No symbol) [0xa5d162]
	undetected_chromedriver!(No symbol) [0xa3d8b4]
	undetected_chromedriver!(No symbol) [0xa5aa36]
	undetected_chromedriver!(No symbol) [0xa3d606]
	undetected_chromedriver!(No symbol) [0xa10039]
	undetected_chromedriver!(No symbol) [0xa10df4]
	undetected_chromedriver!GetHandleVerifier [0xe4ddb4+292f94]
	undetected_chromedriver!GetHandleVerifier [0xe4937d+28e55d]
	undetected_chromedriver!GetHandleVerifier [0xe68215+2ad3f5]
	undetected_chromedriver!GetHandleVerifier [0xbe4c18+29df8]
	undetected_chromedriver!GetHandleVerifier [0xbec6fd+318dd]
	undetected_chromedriver!GetHandleVerifier [0xbd3c78+18e58]
	undetected_chromedriver!GetHandleVerifier [0xbd3e42+19022]
	undetected_chromedriver!GetHandleVerifier [0xbbd45f+263f]
	KERNEL32!BaseThreadInitThunk [0x74b35d49+19]
	ntdll!RtlInitializeExceptionChain [0x7722d83b+6b]
	ntdll!RtlGetAppContainerNamedObjectPath [0x7722d7c1+231]

[2026-04-26 15:15:28.341] [DEBUG   ] [bot.scanner] Error escaneando tile 'Roulette Italia Tricolore': Message: no such element: Unable to locate element: {"method":"css selector","selector":"[id="v1c52fgw7yy02upz-223"]"}
  (Session info: chrome=147.0.7727.103); For documentation on this error, please visit: https://www.selenium.dev/documentation/webdriver/troubleshooting/errors#nosuchelementexception
Stacktrace:
	undetected_chromedriver!GetHandleVerifier [0xbcb373+10553]
	undetected_chromedriver!GetHandleVerifier [0xbcb4a4+10684]
	undetected_chromedriver!(No symbol) [0x9d1e10]
	undetected_chromedriver!(No symbol) [0xa1a9da]
	undetected_chromedriver!(No symbol) [0xa1ac7b]
	undetected_chromedriver!(No symbol) [0xa5d162]
	undetected_chromedriver!(No symbol) [0xa3d8b4]
	undetected_chromedriver!(No symbol) [0xa5aa36]
	undetected_chromedriver!(No symbol) [0xa3d606]
	undetected_chromedriver!(No symbol) [0xa10039]
	undetected_chromedriver!(No symbol) [0xa10df4]
	undetected_chromedriver!GetHandleVerifier [0xe4ddb4+292f94]
	undetected_chromedriver!GetHandleVerifier [0xe4937d+28e55d]
	undetected_chromedriver!GetHandleVerifier [0xe68215+2ad3f5]
	undetected_chromedriver!GetHandleVerifier [0xbe4c18+29df8]
	undetected_chromedriver!GetHandleVerifier [0xbec6fd+318dd]
	undetected_chromedriver!GetHandleVerifier [0xbd3c78+18e58]
	undetected_chromedriver!GetHandleVerifier [0xbd3e42+19022]
	undetected_chromedriver!GetHandleVerifier [0xbbd45f+263f]
	KERNEL32!BaseThreadInitThunk [0x74b35d49+19]
	ntdll!RtlInitializeExceptionChain [0x7722d83b+6b]
	ntdll!RtlGetAppContainerNamedObjectPath [0x7722d7c1+231]

[2026-04-26 15:15:28.344] [DEBUG   ] [bot.scanner] Error escaneando tile 'Russian Roulette': Message: no such element: Unable to locate element: {"method":"css selector","selector":"[id="t4jzencinod6iqwi-221"]"}
  (Session info: chrome=147.0.7727.103); For documentation on this error, please visit: https://www.selenium.dev/documentation/webdriver/troubleshooting/errors#nosuchelementexception
Stacktrace:
	undetected_chromedriver!GetHandleVerifier [0xbcb373+10553]
	undetected_chromedriver!GetHandleVerifier [0xbcb4a4+10684]
	undetected_chromedriver!(No symbol) [0x9d1e10]
	undetected_chromedriver!(No symbol) [0xa1a9da]
	undetected_chromedriver!(No symbol) [0xa1ac7b]
	undetected_chromedriver!(No symbol) [0xa5d162]
	undetected_chromedriver!(No symbol) [0xa3d8b4]
	undetected_chromedriver!(No symbol) [0xa5aa36]
	undetected_chromedriver!(No symbol) [0xa3d606]
	undetected_chromedriver!(No symbol) [0xa10039]
	undetected_chromedriver!(No symbol) [0xa10df4]
	undetected_chromedriver!GetHandleVerifier [0xe4ddb4+292f94]
	undetected_chromedriver!GetHandleVerifier [0xe4937d+28e55d]
	undetected_chromedriver!GetHandleVerifier [0xe68215+2ad3f5]
	undetected_chromedriver!GetHandleVerifier [0xbe4c18+29df8]
	undetected_chromedriver!GetHandleVerifier [0xbec6fd+318dd]
	undetected_chromedriver!GetHandleVerifier [0xbd3c78+18e58]
	undetected_chromedriver!GetHandleVerifier [0xbd3e42+19022]
	undetected_chromedriver!GetHandleVerifier [0xbbd45f+263f]
	KERNEL32!BaseThreadInitThunk [0x74b35d49+19]
	ntdll!RtlInitializeExceptionChain [0x7722d83b+6b]
	ntdll!RtlGetAppContainerNamedObjectPath [0x7722d7c1+231]

[2026-04-26 15:15:28.346] [DEBUG   ] [bot.scanner] Error escaneando tile 'Dutch Roulette': Message: no such element: Unable to locate element: {"method":"css selector","selector":"[id="dutchrw235rwl293-235"]"}
  (Session info: chrome=147.0.7727.103); For documentation on this error, please visit: https://www.selenium.dev/documentation/webdriver/troubleshooting/errors#nosuchelementexception
Stacktrace:
	undetected_chromedriver!GetHandleVerifier [0xbcb373+10553]
	undetected_chromedriver!GetHandleVerifier [0xbcb4a4+10684]
	undetected_chromedriver!(No symbol) [0x9d1e10]
	undetected_chromedriver!(No symbol) [0xa1a9da]
	undetected_chromedriver!(No symbol) [0xa1ac7b]
	undetected_chromedriver!(No symbol) [0xa5d162]
	undetected_chromedriver!(No symbol) [0xa3d8b4]
	undetected_chromedriver!(No symbol) [0xa5aa36]
	undetected_chromedriver!(No symbol) [0xa3d606]
	undetected_chromedriver!(No symbol) [0xa10039]
	undetected_chromedriver!(No symbol) [0xa10df4]
	undetected_chromedriver!GetHandleVerifier [0xe4ddb4+292f94]
	undetected_chromedriver!GetHandleVerifier [0xe4937d+28e55d]
	undetected_chromedriver!GetHandleVerifier [0xe68215+2ad3f5]
	undetected_chromedriver!GetHandleVerifier [0xbe4c18+29df8]
	undetected_chromedriver!GetHandleVerifier [0xbec6fd+318dd]
	undetected_chromedriver!GetHandleVerifier [0xbd3c78+18e58]
	undetected_chromedriver!GetHandleVerifier [0xbd3e42+19022]
	undetected_chromedriver!GetHandleVerifier [0xbbd45f+263f]
	KERNEL32!BaseThreadInitThunk [0x74b35d49+19]
	ntdll!RtlInitializeExceptionChain [0x7722d83b+6b]
	ntdll!RtlGetAppContainerNamedObjectPath [0x7722d7c1+231]

[2026-04-26 15:15:28.867] [DEBUG   ] [bot.scanner] Error escaneando tile 'Ruleta Latina': Message: no such element: Unable to locate element: {"method":"css selector","selector":"[id="roulerw234rwl292-234"]"}
  (Session info: chrome=147.0.7727.103); For documentation on this error, please visit: https://www.selenium.dev/documentation/webdriver/troubleshooting/errors#nosuchelementexception
Stacktrace:
	undetected_chromedriver!GetHandleVerifier [0xbcb373+10553]
	undetected_chromedriver!GetHandleVerifier [0xbcb4a4+10684]
	undetected_chromedriver!(No symbol) [0x9d1e10]
	undetected_chromedriver!(No symbol) [0xa1a9da]
	undetected_chromedriver!(No symbol) [0xa1ac7b]
	undetected_chromedriver!(No symbol) [0xa5d162]
	undetected_chromedriver!(No symbol) [0xa3d8b4]
	undetected_chromedriver!(No symbol) [0xa5aa36]
	undetected_chromedriver!(No symbol) [0xa3d606]
	undetected_chromedriver!(No symbol) [0xa10039]
	undetected_chromedriver!(No symbol) [0xa10df4]
	undetected_chromedriver!GetHandleVerifier [0xe4ddb4+292f94]
	undetected_chromedriver!GetHandleVerifier [0xe4937d+28e55d]
	undetected_chromedriver!GetHandleVerifier [0xe68215+2ad3f5]
	undetected_chromedriver!GetHandleVerifier [0xbe4c18+29df8]
	undetected_chromedriver!GetHandleVerifier [0xbec6fd+318dd]
	undetected_chromedriver!GetHandleVerifier [0xbd3c78+18e58]
	undetected_chromedriver!GetHandleVerifier [0xbd3e42+19022]
	undetected_chromedriver!GetHandleVerifier [0xbbd45f+263f]
	KERNEL32!BaseThreadInitThunk [0x74b35d49+19]
	ntdll!RtlInitializeExceptionChain [0x7722d83b+6b]
	ntdll!RtlGetAppContainerNamedObjectPath [0x7722d7c1+231]

[2026-04-26 15:15:28.875] [DEBUG   ] [bot.scanner] Error escaneando tile 'Mega Roulette': Message: no such element: Unable to locate element: {"method":"css selector","selector":"[id="1hl65ce1lxuqdrkr-204"]"}
  (Session info: chrome=147.0.7727.103); For documentation on this error, please visit: https://www.selenium.dev/documentation/webdriver/troubleshooting/errors#nosuchelementexception
Stacktrace:
	undetected_chromedriver!GetHandleVerifier [0xbcb373+10553]
	undetected_chromedriver!GetHandleVerifier [0xbcb4a4+10684]
	undetected_chromedriver!(No symbol) [0x9d1e10]
	undetected_chromedriver!(No symbol) [0xa1a9da]
	undetected_chromedriver!(No symbol) [0xa1ac7b]
	undetected_chromedriver!(No symbol) [0xa5d162]
	undetected_chromedriver!(No symbol) [0xa3d8b4]
	undetected_chromedriver!(No symbol) [0xa5aa36]
	undetected_chromedriver!(No symbol) [0xa3d606]
	undetected_chromedriver!(No symbol) [0xa10039]
	undetected_chromedriver!(No symbol) [0xa10df4]
	undetected_chromedriver!GetHandleVerifier [0xe4ddb4+292f94]
	undetected_chromedriver!GetHandleVerifier [0xe4937d+28e55d]
	undetected_chromedriver!GetHandleVerifier [0xe68215+2ad3f5]
	undetected_chromedriver!GetHandleVerifier [0xbe4c18+29df8]
	undetected_chromedriver!GetHandleVerifier [0xbec6fd+318dd]
	undetected_chromedriver!GetHandleVerifier [0xbd3c78+18e58]
	undetected_chromedriver!GetHandleVerifier [0xbd3e42+19022]
	undetected_chromedriver!GetHandleVerifier [0xbbd45f+263f]
	KERNEL32!BaseThreadInitThunk [0x74b35d49+19]
	ntdll!RtlInitializeExceptionChain [0x7722d83b+6b]
	ntdll!RtlGetAppContainerNamedObjectPath [0x7722d7c1+231]

[2026-04-26 15:15:28.880] [DEBUG   ] [bot.scanner] Error escaneando tile 'Brazilian Roulette': Message: no such element: Unable to locate element: {"method":"css selector","selector":"[id="rwbrzportrwa16rg-237"]"}
  (Session info: chrome=147.0.7727.103); For documentation on this error, please visit: https://www.selenium.dev/documentation/webdriver/troubleshooting/errors#nosuchelementexception
Stacktrace:
	undetected_chromedriver!GetHandleVerifier [0xbcb373+10553]
	undetected_chromedriver!GetHandleVerifier [0xbcb4a4+10684]
	undetected_chromedriver!(No symbol) [0x9d1e10]
	undetected_chromedriver!(No symbol) [0xa1a9da]
	undetected_chromedriver!(No symbol) [0xa1ac7b]
	undetected_chromedriver!(No symbol) [0xa5d162]
	undetected_chromedriver!(No symbol) [0xa3d8b4]
	undetected_chromedriver!(No symbol) [0xa5aa36]
	undetected_chromedriver!(No symbol) [0xa3d606]
	undetected_chromedriver!(No symbol) [0xa10039]
	undetected_chromedriver!(No symbol) [0xa10df4]
	undetected_chromedriver!GetHandleVerifier [0xe4ddb4+292f94]
	undetected_chromedriver!GetHandleVerifier [0xe4937d+28e55d]
	undetected_chromedriver!GetHandleVerifier [0xe68215+2ad3f5]
	undetected_chromedriver!GetHandleVerifier [0xbe4c18+29df8]
	undetected_chromedriver!GetHandleVerifier [0xbec6fd+318dd]
	undetected_chromedriver!GetHandleVerifier [0xbd3c78+18e58]
	undetected_chromedriver!GetHandleVerifier [0xbd3e42+19022]
	undetected_chromedriver!GetHandleVerifier [0xbbd45f+263f]
	KERNEL32!BaseThreadInitThunk [0x74b35d49+19]
	ntdll!RtlInitializeExceptionChain [0x7722d83b+6b]
	ntdll!RtlGetAppContainerNamedObjectPath [0x7722d7c1+231]

[2026-04-26 15:15:28.885] [DEBUG   ] [bot.scanner] Error escaneando tile 'Roulette 1': Message: no such element: Unable to locate element: {"method":"css selector","selector":"[id="g03y1t9vvuhrfytl-227"]"}
  (Session info: chrome=147.0.7727.103); For documentation on this error, please visit: https://www.selenium.dev/documentation/webdriver/troubleshooting/errors#nosuchelementexception
Stacktrace:
	undetected_chromedriver!GetHandleVerifier [0xbcb373+10553]
	undetected_chromedriver!GetHandleVerifier [0xbcb4a4+10684]
	undetected_chromedriver!(No symbol) [0x9d1e10]
	undetected_chromedriver!(No symbol) [0xa1a9da]
	undetected_chromedriver!(No symbol) [0xa1ac7b]
	undetected_chromedriver!(No symbol) [0xa5d162]
	undetected_chromedriver!(No symbol) [0xa3d8b4]
	undetected_chromedriver!(No symbol) [0xa5aa36]
	undetected_chromedriver!(No symbol) [0xa3d606]
	undetected_chromedriver!(No symbol) [0xa10039]
	undetected_chromedriver!(No symbol) [0xa10df4]
	undetected_chromedriver!GetHandleVerifier [0xe4ddb4+292f94]
	undetected_chromedriver!GetHandleVerifier [0xe4937d+28e55d]
	undetected_chromedriver!GetHandleVerifier [0xe68215+2ad3f5]
	undetected_chromedriver!GetHandleVerifier [0xbe4c18+29df8]
	undetected_chromedriver!GetHandleVerifier [0xbec6fd+318dd]
	undetected_chromedriver!GetHandleVerifier [0xbd3c78+18e58]
	undetected_chromedriver!GetHandleVerifier [0xbd3e42+19022]
	undetected_chromedriver!GetHandleVerifier [0xbbd45f+263f]
	KERNEL32!BaseThreadInitThunk [0x74b35d49+19]
	ntdll!RtlInitializeExceptionChain [0x7722d83b+6b]
	ntdll!RtlGetAppContainerNamedObjectPath [0x7722d7c1+231]

[2026-04-26 15:15:28.890] [DEBUG   ] [bot.scanner] Error escaneando tile 'Roulette 3': Message: no such element: Unable to locate element: {"method":"css selector","selector":"[id="chroma229rwltr22-230"]"}
  (Session info: chrome=147.0.7727.103); For documentation on this error, please visit: https://www.selenium.dev/documentation/webdriver/troubleshooting/errors#nosuchelementexception
Stacktrace:
	undetected_chromedriver!GetHandleVerifier [0xbcb373+10553]
	undetected_chromedriver!GetHandleVerifier [0xbcb4a4+10684]
	undetected_chromedriver!(No symbol) [0x9d1e10]
	undetected_chromedriver!(No symbol) [0xa1a9da]
	undetected_chromedriver!(No symbol) [0xa1ac7b]
	undetected_chromedriver!(No symbol) [0xa5d162]
	undetected_chromedriver!(No symbol) [0xa3d8b4]
	undetected_chromedriver!(No symbol) [0xa5aa36]
	undetected_chromedriver!(No symbol) [0xa3d606]
	undetected_chromedriver!(No symbol) [0xa10039]
	undetected_chromedriver!(No symbol) [0xa10df4]
	undetected_chromedriver!GetHandleVerifier [0xe4ddb4+292f94]
	undetected_chromedriver!GetHandleVerifier [0xe4937d+28e55d]
	undetected_chromedriver!GetHandleVerifier [0xe68215+2ad3f5]
	undetected_chromedriver!GetHandleVerifier [0xbe4c18+29df8]
	undetected_chromedriver!GetHandleVerifier [0xbec6fd+318dd]
	undetected_chromedriver!GetHandleVerifier [0xbd3c78+18e58]
	undetected_chromedriver!GetHandleVerifier [0xbd3e42+19022]
	undetected_chromedriver!GetHandleVerifier [0xbbd45f+263f]
	KERNEL32!BaseThreadInitThunk [0x74b35d49+19]
	ntdll!RtlInitializeExceptionChain [0x7722d83b+6b]
	ntdll!RtlGetAppContainerNamedObjectPath [0x7722d7c1+231]

[2026-04-26 15:15:28.893] [DEBUG   ] [bot.scanner] Error escaneando tile 'Roulette Macao': Message: no such element: Unable to locate element: {"method":"css selector","selector":"[id="yqpz3ichst2xg439-206"]"}
  (Session info: chrome=147.0.7727.103); For documentation on this error, please visit: https://www.selenium.dev/documentation/webdriver/troubleshooting/errors#nosuchelementexception
Stacktrace:
	undetected_chromedriver!GetHandleVerifier [0xbcb373+10553]
	undetected_chromedriver!GetHandleVerifier [0xbcb4a4+10684]
	undetected_chromedriver!(No symbol) [0x9d1e10]
	undetected_chromedriver!(No symbol) [0xa1a9da]
	undetected_chromedriver!(No symbol) [0xa1ac7b]
	undetected_chromedriver!(No symbol) [0xa5d162]
	undetected_chromedriver!(No symbol) [0xa3d8b4]
	undetected_chromedriver!(No symbol) [0xa5aa36]
	undetected_chromedriver!(No symbol) [0xa3d606]
	undetected_chromedriver!(No symbol) [0xa10039]
	undetected_chromedriver!(No symbol) [0xa10df4]
	undetected_chromedriver!GetHandleVerifier [0xe4ddb4+292f94]
	undetected_chromedriver!GetHandleVerifier [0xe4937d+28e55d]
	undetected_chromedriver!GetHandleVerifier [0xe68215+2ad3f5]
	undetected_chromedriver!GetHandleVerifier [0xbe4c18+29df8]
	undetected_chromedriver!GetHandleVerifier [0xbec6fd+318dd]
	undetected_chromedriver!GetHandleVerifier [0xbd3c78+18e58]
	undetected_chromedriver!GetHandleVerifier [0xbd3e42+19022]
	undetected_chromedriver!GetHandleVerifier [0xbbd45f+263f]
	KERNEL32!BaseThreadInitThunk [0x74b35d49+19]
	ntdll!RtlInitializeExceptionChain [0x7722d83b+6b]
	ntdll!RtlGetAppContainerNamedObjectPath [0x7722d7c1+231]

[2026-04-26 15:15:28.897] [DEBUG   ] [bot.scanner] Error escaneando tile 'Roulette 2 Extra Time': Message: no such element: Unable to locate element: {"method":"css selector","selector":"[id="5kvxlw4c1qm3xcyn-201"]"}
  (Session info: chrome=147.0.7727.103); For documentation on this error, please visit: https://www.selenium.dev/documentation/webdriver/troubleshooting/errors#nosuchelementexception
Stacktrace:
	undetected_chromedriver!GetHandleVerifier [0xbcb373+10553]
	undetected_chromedriver!GetHandleVerifier [0xbcb4a4+10684]
	undetected_chromedriver!(No symbol) [0x9d1e10]
	undetected_chromedriver!(No symbol) [0xa1a9da]
	undetected_chromedriver!(No symbol) [0xa1ac7b]
	undetected_chromedriver!(No symbol) [0xa5d162]
	undetected_chromedriver!(No symbol) [0xa3d8b4]
	undetected_chromedriver!(No symbol) [0xa5aa36]
	undetected_chromedriver!(No symbol) [0xa3d606]
	undetected_chromedriver!(No symbol) [0xa10039]
	undetected_chromedriver!(No symbol) [0xa10df4]
	undetected_chromedriver!GetHandleVerifier [0xe4ddb4+292f94]
	undetected_chromedriver!GetHandleVerifier [0xe4937d+28e55d]
	undetected_chromedriver!GetHandleVerifier [0xe68215+2ad3f5]
	undetected_chromedriver!GetHandleVerifier [0xbe4c18+29df8]
	undetected_chromedriver!GetHandleVerifier [0xbec6fd+318dd]
	undetected_chromedriver!GetHandleVerifier [0xbd3c78+18e58]
	undetected_chromedriver!GetHandleVerifier [0xbd3e42+19022]
	undetected_chromedriver!GetHandleVerifier [0xbbd45f+263f]
	KERNEL32!BaseThreadInitThunk [0x74b35d49+19]
	ntdll!RtlInitializeExceptionChain [0x7722d83b+6b]
	ntdll!RtlGetAppContainerNamedObjectPath [0x7722d7c1+231]

[2026-04-26 15:15:28.901] [DEBUG   ] [bot.scanner] Error escaneando tile 'Brazilian Mega Roulette': Message: no such element: Unable to locate element: {"method":"css selector","selector":"[id="mrbras531mrbr532-287"]"}
  (Session info: chrome=147.0.7727.103); For documentation on this error, please visit: https://www.selenium.dev/documentation/webdriver/troubleshooting/errors#nosuchelementexception
Stacktrace:
	undetected_chromedriver!GetHandleVerifier [0xbcb373+10553]
	undetected_chromedriver!GetHandleVerifier [0xbcb4a4+10684]
	undetected_chromedriver!(No symbol) [0x9d1e10]
	undetected_chromedriver!(No symbol) [0xa1a9da]
	undetected_chromedriver!(No symbol) [0xa1ac7b]
	undetected_chromedriver!(No symbol) [0xa5d162]
	undetected_chromedriver!(No symbol) [0xa3d8b4]
	undetected_chromedriver!(No symbol) [0xa5aa36]
	undetected_chromedriver!(No symbol) [0xa3d606]
	undetected_chromedriver!(No symbol) [0xa10039]
	undetected_chromedriver!(No symbol) [0xa10df4]
	undetected_chromedriver!GetHandleVerifier [0xe4ddb4+292f94]
	undetected_chromedriver!GetHandleVerifier [0xe4937d+28e55d]
	undetected_chromedriver!GetHandleVerifier [0xe68215+2ad3f5]
	undetected_chromedriver!GetHandleVerifier [0xbe4c18+29df8]
	undetected_chromedriver!GetHandleVerifier [0xbec6fd+318dd]
	undetected_chromedriver!GetHandleVerifier [0xbd3c78+18e58]
	undetected_chromedriver!GetHandleVerifier [0xbd3e42+19022]
	undetected_chromedriver!GetHandleVerifier [0xbbd45f+263f]
	KERNEL32!BaseThreadInitThunk [0x74b35d49+19]
	ntdll!RtlInitializeExceptionChain [0x7722d83b+6b]
	ntdll!RtlGetAppContainerNamedObjectPath [0x7722d7c1+231]

[2026-04-26 15:15:28.905] [DEBUG   ] [bot.scanner] Error escaneando tile 'Lucky 6 Roulette': Message: no such element: Unable to locate element: {"method":"css selector","selector":"[id="lucky6roulettea3-211a1"]"}
  (Session info: chrome=147.0.7727.103); For documentation on this error, please visit: https://www.selenium.dev/documentation/webdriver/troubleshooting/errors#nosuchelementexception
Stacktrace:
	undetected_chromedriver!GetHandleVerifier [0xbcb373+10553]
	undetected_chromedriver!GetHandleVerifier [0xbcb4a4+10684]
	undetected_chromedriver!(No symbol) [0x9d1e10]
	undetected_chromedriver!(No symbol) [0xa1a9da]
	undetected_chromedriver!(No symbol) [0xa1ac7b]
	undetected_chromedriver!(No symbol) [0xa5d162]
	undetected_chromedriver!(No symbol) [0xa3d8b4]
	undetected_chromedriver!(No symbol) [0xa5aa36]
	undetected_chromedriver!(No symbol) [0xa3d606]
	undetected_chromedriver!(No symbol) [0xa10039]
	undetected_chromedriver!(No symbol) [0xa10df4]
	undetected_chromedriver!GetHandleVerifier [0xe4ddb4+292f94]
	undetected_chromedriver!GetHandleVerifier [0xe4937d+28e55d]
	undetected_chromedriver!GetHandleVerifier [0xe68215+2ad3f5]
	undetected_chromedriver!GetHandleVerifier [0xbe4c18+29df8]
	undetected_chromedriver!GetHandleVerifier [0xbec6fd+318dd]
	undetected_chromedriver!GetHandleVerifier [0xbd3c78+18e58]
	undetected_chromedriver!GetHandleVerifier [0xbd3e42+19022]
	undetected_chromedriver!GetHandleVerifier [0xbbd45f+263f]
	KERNEL32!BaseThreadInitThunk [0x74b35d49+19]
	ntdll!RtlInitializeExceptionChain [0x7722d83b+6b]
	ntdll!RtlGetAppContainerNamedObjectPath [0x7722d7c1+231]

[2026-04-26 15:15:28.908] [DEBUG   ] [bot.scanner] Error escaneando tile 'Auto Roulette': Message: no such element: Unable to locate element: {"method":"css selector","selector":"[id="5bzl2835s5ruvweg-225"]"}
  (Session info: chrome=147.0.7727.103); For documentation on this error, please visit: https://www.selenium.dev/documentation/webdriver/troubleshooting/errors#nosuchelementexception
Stacktrace:
	undetected_chromedriver!GetHandleVerifier [0xbcb373+10553]
	undetected_chromedriver!GetHandleVerifier [0xbcb4a4+10684]
	undetected_chromedriver!(No symbol) [0x9d1e10]
	undetected_chromedriver!(No symbol) [0xa1a9da]
	undetected_chromedriver!(No symbol) [0xa1ac7b]
	undetected_chromedriver!(No symbol) [0xa5d162]
	undetected_chromedriver!(No symbol) [0xa3d8b4]
	undetected_chromedriver!(No symbol) [0xa5aa36]
	undetected_chromedriver!(No symbol) [0xa3d606]
	undetected_chromedriver!(No symbol) [0xa10039]
	undetected_chromedriver!(No symbol) [0xa10df4]
	undetected_chromedriver!GetHandleVerifier [0xe4ddb4+292f94]
	undetected_chromedriver!GetHandleVerifier [0xe4937d+28e55d]
	undetected_chromedriver!GetHandleVerifier [0xe68215+2ad3f5]
	undetected_chromedriver!GetHandleVerifier [0xbe4c18+29df8]
	undetected_chromedriver!GetHandleVerifier [0xbec6fd+318dd]
	undetected_chromedriver!GetHandleVerifier [0xbd3c78+18e58]
	undetected_chromedriver!GetHandleVerifier [0xbd3e42+19022]
	undetected_chromedriver!GetHandleVerifier [0xbbd45f+263f]
	KERNEL32!BaseThreadInitThunk [0x74b35d49+19]
	ntdll!RtlInitializeExceptionChain [0x7722d83b+6b]
	ntdll!RtlGetAppContainerNamedObjectPath [0x7722d7c1+231]

[2026-04-26 15:15:28.911] [DEBUG   ] [bot.scanner] Error escaneando tile 'Stake Roulette': Message: no such element: Unable to locate element: {"method":"css selector","selector":"[id="rw321stakerws321-236"]"}
  (Session info: chrome=147.0.7727.103); For documentation on this error, please visit: https://www.selenium.dev/documentation/webdriver/troubleshooting/errors#nosuchelementexception
Stacktrace:
	undetected_chromedriver!GetHandleVerifier [0xbcb373+10553]
	undetected_chromedriver!GetHandleVerifier [0xbcb4a4+10684]
	undetected_chromedriver!(No symbol) [0x9d1e10]
	undetected_chromedriver!(No symbol) [0xa1a9da]
	undetected_chromedriver!(No symbol) [0xa1ac7b]
	undetected_chromedriver!(No symbol) [0xa5d162]
	undetected_chromedriver!(No symbol) [0xa3d8b4]
	undetected_chromedriver!(No symbol) [0xa5aa36]
	undetected_chromedriver!(No symbol) [0xa3d606]
	undetected_chromedriver!(No symbol) [0xa10039]
	undetected_chromedriver!(No symbol) [0xa10df4]
	undetected_chromedriver!GetHandleVerifier [0xe4ddb4+292f94]
	undetected_chromedriver!GetHandleVerifier [0xe4937d+28e55d]
	undetected_chromedriver!GetHandleVerifier [0xe68215+2ad3f5]
	undetected_chromedriver!GetHandleVerifier [0xbe4c18+29df8]
	undetected_chromedriver!GetHandleVerifier [0xbec6fd+318dd]
	undetected_chromedriver!GetHandleVerifier [0xbd3c78+18e58]
	undetected_chromedriver!GetHandleVerifier [0xbd3e42+19022]
	undetected_chromedriver!GetHandleVerifier [0xbbd45f+263f]
	KERNEL32!BaseThreadInitThunk [0x74b35d49+19]
	ntdll!RtlInitializeExceptionChain [0x7722d83b+6b]
	ntdll!RtlGetAppContainerNamedObjectPath [0x7722d7c1+231]

[2026-04-26 15:15:28.914] [DEBUG   ] [bot.scanner] Error escaneando tile 'Turkish Roulette': Message: no such element: Unable to locate element: {"method":"css selector","selector":"[id="p8l1j84prrmxzyic-224"]"}
  (Session info: chrome=147.0.7727.103); For documentation on this error, please visit: https://www.selenium.dev/documentation/webdriver/troubleshooting/errors#nosuchelementexception
Stacktrace:
	undetected_chromedriver!GetHandleVerifier [0xbcb373+10553]
	undetected_chromedriver!GetHandleVerifier [0xbcb4a4+10684]
	undetected_chromedriver!(No symbol) [0x9d1e10]
	undetected_chromedriver!(No symbol) [0xa1a9da]
	undetected_chromedriver!(No symbol) [0xa1ac7b]
	undetected_chromedriver!(No symbol) [0xa5d162]
	undetected_chromedriver!(No symbol) [0xa3d8b4]
	undetected_chromedriver!(No symbol) [0xa5aa36]
	undetected_chromedriver!(No symbol) [0xa3d606]
	undetected_chromedriver!(No symbol) [0xa10039]
	undetected_chromedriver!(No symbol) [0xa10df4]
	undetected_chromedriver!GetHandleVerifier [0xe4ddb4+292f94]
	undetected_chromedriver!GetHandleVerifier [0xe4937d+28e55d]
	undetected_chromedriver!GetHandleVerifier [0xe68215+2ad3f5]
	undetected_chromedriver!GetHandleVerifier [0xbe4c18+29df8]
	undetected_chromedriver!GetHandleVerifier [0xbec6fd+318dd]
	undetected_chromedriver!GetHandleVerifier [0xbd3c78+18e58]
	undetected_chromedriver!GetHandleVerifier [0xbd3e42+19022]
	undetected_chromedriver!GetHandleVerifier [0xbbd45f+263f]
	KERNEL32!BaseThreadInitThunk [0x74b35d49+19]
	ntdll!RtlInitializeExceptionChain [0x7722d83b+6b]
	ntdll!RtlGetAppContainerNamedObjectPath [0x7722d7c1+231]

[2026-04-26 15:15:28.918] [DEBUG   ] [bot.scanner] Error escaneando tile 'German Roulette': Message: no such element: Unable to locate element: {"method":"css selector","selector":"[id="s2x6b4jdeqza2ge2-222"]"}
  (Session info: chrome=147.0.7727.103); For documentation on this error, please visit: https://www.selenium.dev/documentation/webdriver/troubleshooting/errors#nosuchelementexception
Stacktrace:
	undetected_chromedriver!GetHandleVerifier [0xbcb373+10553]
	undetected_chromedriver!GetHandleVerifier [0xbcb4a4+10684]
	undetected_chromedriver!(No symbol) [0x9d1e10]
	undetected_chromedriver!(No symbol) [0xa1a9da]
	undetected_chromedriver!(No symbol) [0xa1ac7b]
	undetected_chromedriver!(No symbol) [0xa5d162]
	undetected_chromedriver!(No symbol) [0xa3d8b4]
	undetected_chromedriver!(No symbol) [0xa5aa36]
	undetected_chromedriver!(No symbol) [0xa3d606]
	undetected_chromedriver!(No symbol) [0xa10039]
	undetected_chromedriver!(No symbol) [0xa10df4]
	undetected_chromedriver!GetHandleVerifier [0xe4ddb4+292f94]
	undetected_chromedriver!GetHandleVerifier [0xe4937d+28e55d]
	undetected_chromedriver!GetHandleVerifier [0xe68215+2ad3f5]
	undetected_chromedriver!GetHandleVerifier [0xbe4c18+29df8]
	undetected_chromedriver!GetHandleVerifier [0xbec6fd+318dd]
	undetected_chromedriver!GetHandleVerifier [0xbd3c78+18e58]
	undetected_chromedriver!GetHandleVerifier [0xbd3e42+19022]
	undetected_chromedriver!GetHandleVerifier [0xbbd45f+263f]
	KERNEL32!BaseThreadInitThunk [0x74b35d49+19]
	ntdll!RtlInitializeExceptionChain [0x7722d83b+6b]
	ntdll!RtlGetAppContainerNamedObjectPath [0x7722d7c1+231]

[2026-04-26 15:15:28.921] [DEBUG   ] [bot.scanner] Error escaneando tile 'Romanian Roulette': Message: no such element: Unable to locate element: {"method":"css selector","selector":"[id="romania233rwl291-233"]"}
  (Session info: chrome=147.0.7727.103); For documentation on this error, please visit: https://www.selenium.dev/documentation/webdriver/troubleshooting/errors#nosuchelementexception
Stacktrace:
	undetected_chromedriver!GetHandleVerifier [0xbcb373+10553]
	undetected_chromedriver!GetHandleVerifier [0xbcb4a4+10684]
	undetected_chromedriver!(No symbol) [0x9d1e10]
	undetected_chromedriver!(No symbol) [0xa1a9da]
	undetected_chromedriver!(No symbol) [0xa1ac7b]
	undetected_chromedriver!(No symbol) [0xa5d162]
	undetected_chromedriver!(No symbol) [0xa3d8b4]
	undetected_chromedriver!(No symbol) [0xa5aa36]
	undetected_chromedriver!(No symbol) [0xa3d606]
	undetected_chromedriver!(No symbol) [0xa10039]
	undetected_chromedriver!(No symbol) [0xa10df4]
	undetected_chromedriver!GetHandleVerifier [0xe4ddb4+292f94]
	undetected_chromedriver!GetHandleVerifier [0xe4937d+28e55d]
	undetected_chromedriver!GetHandleVerifier [0xe68215+2ad3f5]
	undetected_chromedriver!GetHandleVerifier [0xbe4c18+29df8]
	undetected_chromedriver!GetHandleVerifier [0xbec6fd+318dd]
	undetected_chromedriver!GetHandleVerifier [0xbd3c78+18e58]
	undetected_chromedriver!GetHandleVerifier [0xbd3e42+19022]
	undetected_chromedriver!GetHandleVerifier [0xbbd45f+263f]
	KERNEL32!BaseThreadInitThunk [0x74b35d49+19]
	ntdll!RtlInitializeExceptionChain [0x7722d83b+6b]
	ntdll!RtlGetAppContainerNamedObjectPath [0x7722d7c1+231]

[2026-04-26 15:15:28.924] [DEBUG   ] [bot.scanner] Error escaneando tile 'Roulette Italia Tricolore': Message: no such element: Unable to locate element: {"method":"css selector","selector":"[id="v1c52fgw7yy02upz-223"]"}
  (Session info: chrome=147.0.7727.103); For documentation on this error, please visit: https://www.selenium.dev/documentation/webdriver/troubleshooting/errors#nosuchelementexception
Stacktrace:
	undetected_chromedriver!GetHandleVerifier [0xbcb373+10553]
	undetected_chromedriver!GetHandleVerifier [0xbcb4a4+10684]
	undetected_chromedriver!(No symbol) [0x9d1e10]
	undetected_chromedriver!(No symbol) [0xa1a9da]
	undetected_chromedriver!(No symbol) [0xa1ac7b]
	undetected_chromedriver!(No symbol) [0xa5d162]
	undetected_chromedriver!(No symbol) [0xa3d8b4]
	undetected_chromedriver!(No symbol) [0xa5aa36]
	undetected_chromedriver!(No symbol) [0xa3d606]
	undetected_chromedriver!(No symbol) [0xa10039]
	undetected_chromedriver!(No symbol) [0xa10df4]
	undetected_chromedriver!GetHandleVerifier [0xe4ddb4+292f94]
	undetected_chromedriver!GetHandleVerifier [0xe4937d+28e55d]
	undetected_chromedriver!GetHandleVerifier [0xe68215+2ad3f5]
	undetected_chromedriver!GetHandleVerifier [0xbe4c18+29df8]
	undetected_chromedriver!GetHandleVerifier [0xbec6fd+318dd]
	undetected_chromedriver!GetHandleVerifier [0xbd3c78+18e58]
	undetected_chromedriver!GetHandleVerifier [0xbd3e42+19022]
	undetected_chromedriver!GetHandleVerifier [0xbbd45f+263f]
	KERNEL32!BaseThreadInitThunk [0x74b35d49+19]
	ntdll!RtlInitializeExceptionChain [0x7722d83b+6b]
	ntdll!RtlGetAppContainerNamedObjectPath [0x7722d7c1+231]

[2026-04-26 15:15:28.927] [DEBUG   ] [bot.scanner] Error escaneando tile 'Russian Roulette': Message: no such element: Unable to locate element: {"method":"css selector","selector":"[id="t4jzencinod6iqwi-221"]"}
  (Session info: chrome=147.0.7727.103); For documentation on this error, please visit: https://www.selenium.dev/documentation/webdriver/troubleshooting/errors#nosuchelementexception
Stacktrace:
	undetected_chromedriver!GetHandleVerifier [0xbcb373+10553]
	undetected_chromedriver!GetHandleVerifier [0xbcb4a4+10684]
	undetected_chromedriver!(No symbol) [0x9d1e10]
	undetected_chromedriver!(No symbol) [0xa1a9da]
	undetected_chromedriver!(No symbol) [0xa1ac7b]
	undetected_chromedriver!(No symbol) [0xa5d162]
	undetected_chromedriver!(No symbol) [0xa3d8b4]
	undetected_chromedriver!(No symbol) [0xa5aa36]
	undetected_chromedriver!(No symbol) [0xa3d606]
	undetected_chromedriver!(No symbol) [0xa10039]
	undetected_chromedriver!(No symbol) [0xa10df4]
	undetected_chromedriver!GetHandleVerifier [0xe4ddb4+292f94]
	undetected_chromedriver!GetHandleVerifier [0xe4937d+28e55d]
	undetected_chromedriver!GetHandleVerifier [0xe68215+2ad3f5]
	undetected_chromedriver!GetHandleVerifier [0xbe4c18+29df8]
	undetected_chromedriver!GetHandleVerifier [0xbec6fd+318dd]
	undetected_chromedriver!GetHandleVerifier [0xbd3c78+18e58]
	undetected_chromedriver!GetHandleVerifier [0xbd3e42+19022]
	undetected_chromedriver!GetHandleVerifier [0xbbd45f+263f]
	KERNEL32!BaseThreadInitThunk [0x74b35d49+19]
	ntdll!RtlInitializeExceptionChain [0x7722d83b+6b]
	ntdll!RtlGetAppContainerNamedObjectPath [0x7722d7c1+231]

[2026-04-26 15:15:28.930] [DEBUG   ] [bot.scanner] Error escaneando tile 'Dutch Roulette': Message: no such element: Unable to locate element: {"method":"css selector","selector":"[id="dutchrw235rwl293-235"]"}
  (Session info: chrome=147.0.7727.103); For documentation on this error, please visit: https://www.selenium.dev/documentation/webdriver/troubleshooting/errors#nosuchelementexception
Stacktrace:
	undetected_chromedriver!GetHandleVerifier [0xbcb373+10553]
	undetected_chromedriver!GetHandleVerifier [0xbcb4a4+10684]
	undetected_chromedriver!(No symbol) [0x9d1e10]
	undetected_chromedriver!(No symbol) [0xa1a9da]
	undetected_chromedriver!(No symbol) [0xa1ac7b]
	undetected_chromedriver!(No symbol) [0xa5d162]
	undetected_chromedriver!(No symbol) [0xa3d8b4]
	undetected_chromedriver!(No symbol) [0xa5aa36]
	undetected_chromedriver!(No symbol) [0xa3d606]
	undetected_chromedriver!(No symbol) [0xa10039]
	undetected_chromedriver!(No symbol) [0xa10df4]
	undetected_chromedriver!GetHandleVerifier [0xe4ddb4+292f94]
	undetected_chromedriver!GetHandleVerifier [0xe4937d+28e55d]
	undetected_chromedriver!GetHandleVerifier [0xe68215+2ad3f5]
	undetected_chromedriver!GetHandleVerifier [0xbe4c18+29df8]
	undetected_chromedriver!GetHandleVerifier [0xbec6fd+318dd]
	undetected_chromedriver!GetHandleVerifier [0xbd3c78+18e58]
	undetected_chromedriver!GetHandleVerifier [0xbd3e42+19022]
	undetected_chromedriver!GetHandleVerifier [0xbbd45f+263f]
	KERNEL32!BaseThreadInitThunk [0x74b35d49+19]
	ntdll!RtlInitializeExceptionChain [0x7722d83b+6b]
	ntdll!RtlGetAppContainerNamedObjectPath [0x7722d7c1+231]

[2026-04-26 15:15:29.439] [DEBUG   ] [bot.scanner] Error escaneando tile 'Ruleta Latina': Message: no such element: Unable to locate element: {"method":"css selector","selector":"[id="roulerw234rwl292-234"]"}
  (Session info: chrome=147.0.7727.103); For documentation on this error, please visit: https://www.selenium.dev/documentation/webdriver/troubleshooting/errors#nosuchelementexception
Stacktrace:
	undetected_chromedriver!GetHandleVerifier [0xbcb373+10553]
	undetected_chromedriver!GetHandleVerifier [0xbcb4a4+10684]
	undetected_chromedriver!(No symbol) [0x9d1e10]
	undetected_chromedriver!(No symbol) [0xa1a9da]
	undetected_chromedriver!(No symbol) [0xa1ac7b]
	undetected_chromedriver!(No symbol) [0xa5d162]
	undetected_chromedriver!(No symbol) [0xa3d8b4]
	undetected_chromedriver!(No symbol) [0xa5aa36]
	undetected_chromedriver!(No symbol) [0xa3d606]
	undetected_chromedriver!(No symbol) [0xa10039]
	undetected_chromedriver!(No symbol) [0xa10df4]
	undetected_chromedriver!GetHandleVerifier [0xe4ddb4+292f94]
	undetected_chromedriver!GetHandleVerifier [0xe4937d+28e55d]
	undetected_chromedriver!GetHandleVerifier [0xe68215+2ad3f5]
	undetected_chromedriver!GetHandleVerifier [0xbe4c18+29df8]
	undetected_chromedriver!GetHandleVerifier [0xbec6fd+318dd]
	undetected_chromedriver!GetHandleVerifier [0xbd3c78+18e58]
	undetected_chromedriver!GetHandleVerifier [0xbd3e42+19022]
	undetected_chromedriver!GetHandleVerifier [0xbbd45f+263f]
	KERNEL32!BaseThreadInitThunk [0x74b35d49+19]
	ntdll!RtlInitializeExceptionChain [0x7722d83b+6b]
	ntdll!RtlGetAppContainerNamedObjectPath [0x7722d7c1+231]

[2026-04-26 15:15:29.443] [DEBUG   ] [bot.scanner] Error escaneando tile 'Mega Roulette': Message: no such element: Unable to locate element: {"method":"css selector","selector":"[id="1hl65ce1lxuqdrkr-204"]"}
  (Session info: chrome=147.0.7727.103); For documentation on this error, please visit: https://www.selenium.dev/documentation/webdriver/troubleshooting/errors#nosuchelementexception
Stacktrace:
	undetected_chromedriver!GetHandleVerifier [0xbcb373+10553]
	undetected_chromedriver!GetHandleVerifier [0xbcb4a4+10684]
	undetected_chromedriver!(No symbol) [0x9d1e10]
	undetected_chromedriver!(No symbol) [0xa1a9da]
	undetected_chromedriver!(No symbol) [0xa1ac7b]
	undetected_chromedriver!(No symbol) [0xa5d162]
	undetected_chromedriver!(No symbol) [0xa3d8b4]
	undetected_chromedriver!(No symbol) [0xa5aa36]
	undetected_chromedriver!(No symbol) [0xa3d606]
	undetected_chromedriver!(No symbol) [0xa10039]
	undetected_chromedriver!(No symbol) [0xa10df4]
	undetected_chromedriver!GetHandleVerifier [0xe4ddb4+292f94]
	undetected_chromedriver!GetHandleVerifier [0xe4937d+28e55d]
	undetected_chromedriver!GetHandleVerifier [0xe68215+2ad3f5]
	undetected_chromedriver!GetHandleVerifier [0xbe4c18+29df8]
	undetected_chromedriver!GetHandleVerifier [0xbec6fd+318dd]
	undetected_chromedriver!GetHandleVerifier [0xbd3c78+18e58]
	undetected_chromedriver!GetHandleVerifier [0xbd3e42+19022]
	undetected_chromedriver!GetHandleVerifier [0xbbd45f+263f]
	KERNEL32!BaseThreadInitThunk [0x74b35d49+19]
	ntdll!RtlInitializeExceptionChain [0x7722d83b+6b]
	ntdll!RtlGetAppContainerNamedObjectPath [0x7722d7c1+231]

[2026-04-26 15:15:29.447] [DEBUG   ] [bot.scanner] Error escaneando tile 'Brazilian Roulette': Message: no such element: Unable to locate element: {"method":"css selector","selector":"[id="rwbrzportrwa16rg-237"]"}
  (Session info: chrome=147.0.7727.103); For documentation on this error, please visit: https://www.selenium.dev/documentation/webdriver/troubleshooting/errors#nosuchelementexception
Stacktrace:
	undetected_chromedriver!GetHandleVerifier [0xbcb373+10553]
	undetected_chromedriver!GetHandleVerifier [0xbcb4a4+10684]
	undetected_chromedriver!(No symbol) [0x9d1e10]
	undetected_chromedriver!(No symbol) [0xa1a9da]
	undetected_chromedriver!(No symbol) [0xa1ac7b]
	undetected_chromedriver!(No symbol) [0xa5d162]
	undetected_chromedriver!(No symbol) [0xa3d8b4]
	undetected_chromedriver!(No symbol) [0xa5aa36]
	undetected_chromedriver!(No symbol) [0xa3d606]
	undetected_chromedriver!(No symbol) [0xa10039]
	undetected_chromedriver!(No symbol) [0xa10df4]
	undetected_chromedriver!GetHandleVerifier [0xe4ddb4+292f94]
	undetected_chromedriver!GetHandleVerifier [0xe4937d+28e55d]
	undetected_chromedriver!GetHandleVerifier [0xe68215+2ad3f5]
	undetected_chromedriver!GetHandleVerifier [0xbe4c18+29df8]
	undetected_chromedriver!GetHandleVerifier [0xbec6fd+318dd]
	undetected_chromedriver!GetHandleVerifier [0xbd3c78+18e58]
	undetected_chromedriver!GetHandleVerifier [0xbd3e42+19022]
	undetected_chromedriver!GetHandleVerifier [0xbbd45f+263f]
	KERNEL32!BaseThreadInitThunk [0x74b35d49+19]
	ntdll!RtlInitializeExceptionChain [0x7722d83b+6b]
	ntdll!RtlGetAppContainerNamedObjectPath [0x7722d7c1+231]

[2026-04-26 15:15:29.451] [DEBUG   ] [bot.scanner] Error escaneando tile 'Roulette 1': Message: no such element: Unable to locate element: {"method":"css selector","selector":"[id="g03y1t9vvuhrfytl-227"]"}
  (Session info: chrome=147.0.7727.103); For documentation on this error, please visit: https://www.selenium.dev/documentation/webdriver/troubleshooting/errors#nosuchelementexception
Stacktrace:
	undetected_chromedriver!GetHandleVerifier [0xbcb373+10553]
	undetected_chromedriver!GetHandleVerifier [0xbcb4a4+10684]
	undetected_chromedriver!(No symbol) [0x9d1e10]
	undetected_chromedriver!(No symbol) [0xa1a9da]
	undetected_chromedriver!(No symbol) [0xa1ac7b]
	undetected_chromedriver!(No symbol) [0xa5d162]
	undetected_chromedriver!(No symbol) [0xa3d8b4]
	undetected_chromedriver!(No symbol) [0xa5aa36]
	undetected_chromedriver!(No symbol) [0xa3d606]
	undetected_chromedriver!(No symbol) [0xa10039]
	undetected_chromedriver!(No symbol) [0xa10df4]
	undetected_chromedriver!GetHandleVerifier [0xe4ddb4+292f94]
	undetected_chromedriver!GetHandleVerifier [0xe4937d+28e55d]
	undetected_chromedriver!GetHandleVerifier [0xe68215+2ad3f5]
	undetected_chromedriver!GetHandleVerifier [0xbe4c18+29df8]
	undetected_chromedriver!GetHandleVerifier [0xbec6fd+318dd]
	undetected_chromedriver!GetHandleVerifier [0xbd3c78+18e58]
	undetected_chromedriver!GetHandleVerifier [0xbd3e42+19022]
	undetected_chromedriver!GetHandleVerifier [0xbbd45f+263f]
	KERNEL32!BaseThreadInitThunk [0x74b35d49+19]
	ntdll!RtlInitializeExceptionChain [0x7722d83b+6b]
	ntdll!RtlGetAppContainerNamedObjectPath [0x7722d7c1+231]

[2026-04-26 15:15:29.454] [DEBUG   ] [bot.scanner] Error escaneando tile 'Roulette 3': Message: no such element: Unable to locate element: {"method":"css selector","selector":"[id="chroma229rwltr22-230"]"}
  (Session info: chrome=147.0.7727.103); For documentation on this error, please visit: https://www.selenium.dev/documentation/webdriver/troubleshooting/errors#nosuchelementexception
Stacktrace:
	undetected_chromedriver!GetHandleVerifier [0xbcb373+10553]
	undetected_chromedriver!GetHandleVerifier [0xbcb4a4+10684]
	undetected_chromedriver!(No symbol) [0x9d1e10]
	undetected_chromedriver!(No symbol) [0xa1a9da]
	undetected_chromedriver!(No symbol) [0xa1ac7b]
	undetected_chromedriver!(No symbol) [0xa5d162]
	undetected_chromedriver!(No symbol) [0xa3d8b4]
	undetected_chromedriver!(No symbol) [0xa5aa36]
	undetected_chromedriver!(No symbol) [0xa3d606]
	undetected_chromedriver!(No symbol) [0xa10039]
	undetected_chromedriver!(No symbol) [0xa10df4]
	undetected_chromedriver!GetHandleVerifier [0xe4ddb4+292f94]
	undetected_chromedriver!GetHandleVerifier [0xe4937d+28e55d]
	undetected_chromedriver!GetHandleVerifier [0xe68215+2ad3f5]
	undetected_chromedriver!GetHandleVerifier [0xbe4c18+29df8]
	undetected_chromedriver!GetHandleVerifier [0xbec6fd+318dd]
	undetected_chromedriver!GetHandleVerifier [0xbd3c78+18e58]
	undetected_chromedriver!GetHandleVerifier [0xbd3e42+19022]
	undetected_chromedriver!GetHandleVerifier [0xbbd45f+263f]
	KERNEL32!BaseThreadInitThunk [0x74b35d49+19]
	ntdll!RtlInitializeExceptionChain [0x7722d83b+6b]
	ntdll!RtlGetAppContainerNamedObjectPath [0x7722d7c1+231]

[2026-04-26 15:15:29.458] [DEBUG   ] [bot.scanner] Error escaneando tile 'Roulette Macao': Message: no such element: Unable to locate element: {"method":"css selector","selector":"[id="yqpz3ichst2xg439-206"]"}
  (Session info: chrome=147.0.7727.103); For documentation on this error, please visit: https://www.selenium.dev/documentation/webdriver/troubleshooting/errors#nosuchelementexception
Stacktrace:
	undetected_chromedriver!GetHandleVerifier [0xbcb373+10553]
	undetected_chromedriver!GetHandleVerifier [0xbcb4a4+10684]
	undetected_chromedriver!(No symbol) [0x9d1e10]
	undetected_chromedriver!(No symbol) [0xa1a9da]
	undetected_chromedriver!(No symbol) [0xa1ac7b]
	undetected_chromedriver!(No symbol) [0xa5d162]
	undetected_chromedriver!(No symbol) [0xa3d8b4]
	undetected_chromedriver!(No symbol) [0xa5aa36]
	undetected_chromedriver!(No symbol) [0xa3d606]
	undetected_chromedriver!(No symbol) [0xa10039]
	undetected_chromedriver!(No symbol) [0xa10df4]
	undetected_chromedriver!GetHandleVerifier [0xe4ddb4+292f94]
	undetected_chromedriver!GetHandleVerifier [0xe4937d+28e55d]
	undetected_chromedriver!GetHandleVerifier [0xe68215+2ad3f5]
	undetected_chromedriver!GetHandleVerifier [0xbe4c18+29df8]
	undetected_chromedriver!GetHandleVerifier [0xbec6fd+318dd]
	undetected_chromedriver!GetHandleVerifier [0xbd3c78+18e58]
	undetected_chromedriver!GetHandleVerifier [0xbd3e42+19022]
	undetected_chromedriver!GetHandleVerifier [0xbbd45f+263f]
	KERNEL32!BaseThreadInitThunk [0x74b35d49+19]
	ntdll!RtlInitializeExceptionChain [0x7722d83b+6b]
	ntdll!RtlGetAppContainerNamedObjectPath [0x7722d7c1+231]

[2026-04-26 15:15:29.461] [DEBUG   ] [bot.scanner] Error escaneando tile 'Roulette 2 Extra Time': Message: no such element: Unable to locate element: {"method":"css selector","selector":"[id="5kvxlw4c1qm3xcyn-201"]"}
  (Session info: chrome=147.0.7727.103); For documentation on this error, please visit: https://www.selenium.dev/documentation/webdriver/troubleshooting/errors#nosuchelementexception
Stacktrace:
	undetected_chromedriver!GetHandleVerifier [0xbcb373+10553]
	undetected_chromedriver!GetHandleVerifier [0xbcb4a4+10684]
	undetected_chromedriver!(No symbol) [0x9d1e10]
	undetected_chromedriver!(No symbol) [0xa1a9da]
	undetected_chromedriver!(No symbol) [0xa1ac7b]
	undetected_chromedriver!(No symbol) [0xa5d162]
	undetected_chromedriver!(No symbol) [0xa3d8b4]
	undetected_chromedriver!(No symbol) [0xa5aa36]
	undetected_chromedriver!(No symbol) [0xa3d606]
	undetected_chromedriver!(No symbol) [0xa10039]
	undetected_chromedriver!(No symbol) [0xa10df4]
	undetected_chromedriver!GetHandleVerifier [0xe4ddb4+292f94]
	undetected_chromedriver!GetHandleVerifier [0xe4937d+28e55d]
	undetected_chromedriver!GetHandleVerifier [0xe68215+2ad3f5]
	undetected_chromedriver!GetHandleVerifier [0xbe4c18+29df8]
	undetected_chromedriver!GetHandleVerifier [0xbec6fd+318dd]
	undetected_chromedriver!GetHandleVerifier [0xbd3c78+18e58]
	undetected_chromedriver!GetHandleVerifier [0xbd3e42+19022]
	undetected_chromedriver!GetHandleVerifier [0xbbd45f+263f]
	KERNEL32!BaseThreadInitThunk [0x74b35d49+19]
	ntdll!RtlInitializeExceptionChain [0x7722d83b+6b]
	ntdll!RtlGetAppContainerNamedObjectPath [0x7722d7c1+231]

[2026-04-26 15:15:29.464] [DEBUG   ] [bot.scanner] Error escaneando tile 'Brazilian Mega Roulette': Message: no such element: Unable to locate element: {"method":"css selector","selector":"[id="mrbras531mrbr532-287"]"}
  (Session info: chrome=147.0.7727.103); For documentation on this error, please visit: https://www.selenium.dev/documentation/webdriver/troubleshooting/errors#nosuchelementexception
Stacktrace:
	undetected_chromedriver!GetHandleVerifier [0xbcb373+10553]
	undetected_chromedriver!GetHandleVerifier [0xbcb4a4+10684]
	undetected_chromedriver!(No symbol) [0x9d1e10]
	undetected_chromedriver!(No symbol) [0xa1a9da]
	undetected_chromedriver!(No symbol) [0xa1ac7b]
	undetected_chromedriver!(No symbol) [0xa5d162]
	undetected_chromedriver!(No symbol) [0xa3d8b4]
	undetected_chromedriver!(No symbol) [0xa5aa36]
	undetected_chromedriver!(No symbol) [0xa3d606]
	undetected_chromedriver!(No symbol) [0xa10039]
	undetected_chromedriver!(No symbol) [0xa10df4]
	undetected_chromedriver!GetHandleVerifier [0xe4ddb4+292f94]
	undetected_chromedriver!GetHandleVerifier [0xe4937d+28e55d]
	undetected_chromedriver!GetHandleVerifier [0xe68215+2ad3f5]
	undetected_chromedriver!GetHandleVerifier [0xbe4c18+29df8]
	undetected_chromedriver!GetHandleVerifier [0xbec6fd+318dd]
	undetected_chromedriver!GetHandleVerifier [0xbd3c78+18e58]
	undetected_chromedriver!GetHandleVerifier [0xbd3e42+19022]
	undetected_chromedriver!GetHandleVerifier [0xbbd45f+263f]
	KERNEL32!BaseThreadInitThunk [0x74b35d49+19]
	ntdll!RtlInitializeExceptionChain [0x7722d83b+6b]
	ntdll!RtlGetAppContainerNamedObjectPath [0x7722d7c1+231]

[2026-04-26 15:15:29.467] [DEBUG   ] [bot.scanner] Error escaneando tile 'Lucky 6 Roulette': Message: no such element: Unable to locate element: {"method":"css selector","selector":"[id="lucky6roulettea3-211a1"]"}
  (Session info: chrome=147.0.7727.103); For documentation on this error, please visit: https://www.selenium.dev/documentation/webdriver/troubleshooting/errors#nosuchelementexception
Stacktrace:
	undetected_chromedriver!GetHandleVerifier [0xbcb373+10553]
	undetected_chromedriver!GetHandleVerifier [0xbcb4a4+10684]
	undetected_chromedriver!(No symbol) [0x9d1e10]
	undetected_chromedriver!(No symbol) [0xa1a9da]
	undetected_chromedriver!(No symbol) [0xa1ac7b]
	undetected_chromedriver!(No symbol) [0xa5d162]
	undetected_chromedriver!(No symbol) [0xa3d8b4]
	undetected_chromedriver!(No symbol) [0xa5aa36]
	undetected_chromedriver!(No symbol) [0xa3d606]
	undetected_chromedriver!(No symbol) [0xa10039]
	undetected_chromedriver!(No symbol) [0xa10df4]
	undetected_chromedriver!GetHandleVerifier [0xe4ddb4+292f94]
	undetected_chromedriver!GetHandleVerifier [0xe4937d+28e55d]
	undetected_chromedriver!GetHandleVerifier [0xe68215+2ad3f5]
	undetected_chromedriver!GetHandleVerifier [0xbe4c18+29df8]
	undetected_chromedriver!GetHandleVerifier [0xbec6fd+318dd]
	undetected_chromedriver!GetHandleVerifier [0xbd3c78+18e58]
	undetected_chromedriver!GetHandleVerifier [0xbd3e42+19022]
	undetected_chromedriver!GetHandleVerifier [0xbbd45f+263f]
	KERNEL32!BaseThreadInitThunk [0x74b35d49+19]
	ntdll!RtlInitializeExceptionChain [0x7722d83b+6b]
	ntdll!RtlGetAppContainerNamedObjectPath [0x7722d7c1+231]

[2026-04-26 15:15:29.470] [DEBUG   ] [bot.scanner] Error escaneando tile 'Auto Roulette': Message: no such element: Unable to locate element: {"method":"css selector","selector":"[id="5bzl2835s5ruvweg-225"]"}
  (Session info: chrome=147.0.7727.103); For documentation on this error, please visit: https://www.selenium.dev/documentation/webdriver/troubleshooting/errors#nosuchelementexception
Stacktrace:
	undetected_chromedriver!GetHandleVerifier [0xbcb373+10553]
	undetected_chromedriver!GetHandleVerifier [0xbcb4a4+10684]
	undetected_chromedriver!(No symbol) [0x9d1e10]
	undetected_chromedriver!(No symbol) [0xa1a9da]
	undetected_chromedriver!(No symbol) [0xa1ac7b]
	undetected_chromedriver!(No symbol) [0xa5d162]
	undetected_chromedriver!(No symbol) [0xa3d8b4]
	undetected_chromedriver!(No symbol) [0xa5aa36]
	undetected_chromedriver!(No symbol) [0xa3d606]
	undetected_chromedriver!(No symbol) [0xa10039]
	undetected_chromedriver!(No symbol) [0xa10df4]
	undetected_chromedriver!GetHandleVerifier [0xe4ddb4+292f94]
	undetected_chromedriver!GetHandleVerifier [0xe4937d+28e55d]
	undetected_chromedriver!GetHandleVerifier [0xe68215+2ad3f5]
	undetected_chromedriver!GetHandleVerifier [0xbe4c18+29df8]
	undetected_chromedriver!GetHandleVerifier [0xbec6fd+318dd]
	undetected_chromedriver!GetHandleVerifier [0xbd3c78+18e58]
	undetected_chromedriver!GetHandleVerifier [0xbd3e42+19022]
	undetected_chromedriver!GetHandleVerifier [0xbbd45f+263f]
	KERNEL32!BaseThreadInitThunk [0x74b35d49+19]
	ntdll!RtlInitializeExceptionChain [0x7722d83b+6b]
	ntdll!RtlGetAppContainerNamedObjectPath [0x7722d7c1+231]

[2026-04-26 15:15:29.474] [DEBUG   ] [bot.scanner] Error escaneando tile 'Stake Roulette': Message: no such element: Unable to locate element: {"method":"css selector","selector":"[id="rw321stakerws321-236"]"}
  (Session info: chrome=147.0.7727.103); For documentation on this error, please visit: https://www.selenium.dev/documentation/webdriver/troubleshooting/errors#nosuchelementexception
Stacktrace:
	undetected_chromedriver!GetHandleVerifier [0xbcb373+10553]
	undetected_chromedriver!GetHandleVerifier [0xbcb4a4+10684]
	undetected_chromedriver!(No symbol) [0x9d1e10]
	undetected_chromedriver!(No symbol) [0xa1a9da]
	undetected_chromedriver!(No symbol) [0xa1ac7b]
	undetected_chromedriver!(No symbol) [0xa5d162]
	undetected_chromedriver!(No symbol) [0xa3d8b4]
	undetected_chromedriver!(No symbol) [0xa5aa36]
	undetected_chromedriver!(No symbol) [0xa3d606]
	undetected_chromedriver!(No symbol) [0xa10039]
	undetected_chromedriver!(No symbol) [0xa10df4]
	undetected_chromedriver!GetHandleVerifier [0xe4ddb4+292f94]
	undetected_chromedriver!GetHandleVerifier [0xe4937d+28e55d]
	undetected_chromedriver!GetHandleVerifier [0xe68215+2ad3f5]
	undetected_chromedriver!GetHandleVerifier [0xbe4c18+29df8]
	undetected_chromedriver!GetHandleVerifier [0xbec6fd+318dd]
	undetected_chromedriver!GetHandleVerifier [0xbd3c78+18e58]
	undetected_chromedriver!GetHandleVerifier [0xbd3e42+19022]
	undetected_chromedriver!GetHandleVerifier [0xbbd45f+263f]
	KERNEL32!BaseThreadInitThunk [0x74b35d49+19]
	ntdll!RtlInitializeExceptionChain [0x7722d83b+6b]
	ntdll!RtlGetAppContainerNamedObjectPath [0x7722d7c1+231]

[2026-04-26 15:15:29.477] [DEBUG   ] [bot.scanner] Error escaneando tile 'Turkish Roulette': Message: no such element: Unable to locate element: {"method":"css selector","selector":"[id="p8l1j84prrmxzyic-224"]"}
  (Session info: chrome=147.0.7727.103); For documentation on this error, please visit: https://www.selenium.dev/documentation/webdriver/troubleshooting/errors#nosuchelementexception
Stacktrace:
	undetected_chromedriver!GetHandleVerifier [0xbcb373+10553]
	undetected_chromedriver!GetHandleVerifier [0xbcb4a4+10684]
	undetected_chromedriver!(No symbol) [0x9d1e10]
	undetected_chromedriver!(No symbol) [0xa1a9da]
	undetected_chromedriver!(No symbol) [0xa1ac7b]
	undetected_chromedriver!(No symbol) [0xa5d162]
	undetected_chromedriver!(No symbol) [0xa3d8b4]
	undetected_chromedriver!(No symbol) [0xa5aa36]
	undetected_chromedriver!(No symbol) [0xa3d606]
	undetected_chromedriver!(No symbol) [0xa10039]
	undetected_chromedriver!(No symbol) [0xa10df4]
	undetected_chromedriver!GetHandleVerifier [0xe4ddb4+292f94]
	undetected_chromedriver!GetHandleVerifier [0xe4937d+28e55d]
	undetected_chromedriver!GetHandleVerifier [0xe68215+2ad3f5]
	undetected_chromedriver!GetHandleVerifier [0xbe4c18+29df8]
	undetected_chromedriver!GetHandleVerifier [0xbec6fd+318dd]
	undetected_chromedriver!GetHandleVerifier [0xbd3c78+18e58]
	undetected_chromedriver!GetHandleVerifier [0xbd3e42+19022]
	undetected_chromedriver!GetHandleVerifier [0xbbd45f+263f]
	KERNEL32!BaseThreadInitThunk [0x74b35d49+19]
	ntdll!RtlInitializeExceptionChain [0x7722d83b+6b]
	ntdll!RtlGetAppContainerNamedObjectPath [0x7722d7c1+231]

[2026-04-26 15:15:29.480] [DEBUG   ] [bot.scanner] Error escaneando tile 'German Roulette': Message: no such element: Unable to locate element: {"method":"css selector","selector":"[id="s2x6b4jdeqza2ge2-222"]"}
  (Session info: chrome=147.0.7727.103); For documentation on this error, please visit: https://www.selenium.dev/documentation/webdriver/troubleshooting/errors#nosuchelementexception
Stacktrace:
	undetected_chromedriver!GetHandleVerifier [0xbcb373+10553]
	undetected_chromedriver!GetHandleVerifier [0xbcb4a4+10684]
	undetected_chromedriver!(No symbol) [0x9d1e10]
	undetected_chromedriver!(No symbol) [0xa1a9da]
	undetected_chromedriver!(No symbol) [0xa1ac7b]
	undetected_chromedriver!(No symbol) [0xa5d162]
	undetected_chromedriver!(No symbol) [0xa3d8b4]
	undetected_chromedriver!(No symbol) [0xa5aa36]
	undetected_chromedriver!(No symbol) [0xa3d606]
	undetected_chromedriver!(No symbol) [0xa10039]
	undetected_chromedriver!(No symbol) [0xa10df4]
	undetected_chromedriver!GetHandleVerifier [0xe4ddb4+292f94]
	undetected_chromedriver!GetHandleVerifier [0xe4937d+28e55d]
	undetected_chromedriver!GetHandleVerifier [0xe68215+2ad3f5]
	undetected_chromedriver!GetHandleVerifier [0xbe4c18+29df8]
	undetected_chromedriver!GetHandleVerifier [0xbec6fd+318dd]
	undetected_chromedriver!GetHandleVerifier [0xbd3c78+18e58]
	undetected_chromedriver!GetHandleVerifier [0xbd3e42+19022]
	undetected_chromedriver!GetHandleVerifier [0xbbd45f+263f]
	KERNEL32!BaseThreadInitThunk [0x74b35d49+19]
	ntdll!RtlInitializeExceptionChain [0x7722d83b+6b]
	ntdll!RtlGetAppContainerNamedObjectPath [0x7722d7c1+231]

[2026-04-26 15:15:29.483] [DEBUG   ] [bot.scanner] Error escaneando tile 'Romanian Roulette': Message: no such element: Unable to locate element: {"method":"css selector","selector":"[id="romania233rwl291-233"]"}
  (Session info: chrome=147.0.7727.103); For documentation on this error, please visit: https://www.selenium.dev/documentation/webdriver/troubleshooting/errors#nosuchelementexception
Stacktrace:
	undetected_chromedriver!GetHandleVerifier [0xbcb373+10553]
	undetected_chromedriver!GetHandleVerifier [0xbcb4a4+10684]
	undetected_chromedriver!(No symbol) [0x9d1e10]
	undetected_chromedriver!(No symbol) [0xa1a9da]
	undetected_chromedriver!(No symbol) [0xa1ac7b]
	undetected_chromedriver!(No symbol) [0xa5d162]
	undetected_chromedriver!(No symbol) [0xa3d8b4]
	undetected_chromedriver!(No symbol) [0xa5aa36]
	undetected_chromedriver!(No symbol) [0xa3d606]
	undetected_chromedriver!(No symbol) [0xa10039]
	undetected_chromedriver!(No symbol) [0xa10df4]
	undetected_chromedriver!GetHandleVerifier [0xe4ddb4+292f94]
	undetected_chromedriver!GetHandleVerifier [0xe4937d+28e55d]
	undetected_chromedriver!GetHandleVerifier [0xe68215+2ad3f5]
	undetected_chromedriver!GetHandleVerifier [0xbe4c18+29df8]
	undetected_chromedriver!GetHandleVerifier [0xbec6fd+318dd]
	undetected_chromedriver!GetHandleVerifier [0xbd3c78+18e58]
	undetected_chromedriver!GetHandleVerifier [0xbd3e42+19022]
	undetected_chromedriver!GetHandleVerifier [0xbbd45f+263f]
	KERNEL32!BaseThreadInitThunk [0x74b35d49+19]
	ntdll!RtlInitializeExceptionChain [0x7722d83b+6b]
	ntdll!RtlGetAppContainerNamedObjectPath [0x7722d7c1+231]

[2026-04-26 15:15:29.486] [DEBUG   ] [bot.scanner] Error escaneando tile 'Roulette Italia Tricolore': Message: no such element: Unable to locate element: {"method":"css selector","selector":"[id="v1c52fgw7yy02upz-223"]"}
  (Session info: chrome=147.0.7727.103); For documentation on this error, please visit: https://www.selenium.dev/documentation/webdriver/troubleshooting/errors#nosuchelementexception
Stacktrace:
	undetected_chromedriver!GetHandleVerifier [0xbcb373+10553]
	undetected_chromedriver!GetHandleVerifier [0xbcb4a4+10684]
	undetected_chromedriver!(No symbol) [0x9d1e10]
	undetected_chromedriver!(No symbol) [0xa1a9da]
	undetected_chromedriver!(No symbol) [0xa1ac7b]
	undetected_chromedriver!(No symbol) [0xa5d162]
	undetected_chromedriver!(No symbol) [0xa3d8b4]
	undetected_chromedriver!(No symbol) [0xa5aa36]
	undetected_chromedriver!(No symbol) [0xa3d606]
	undetected_chromedriver!(No symbol) [0xa10039]
	undetected_chromedriver!(No symbol) [0xa10df4]
	undetected_chromedriver!GetHandleVerifier [0xe4ddb4+292f94]
	undetected_chromedriver!GetHandleVerifier [0xe4937d+28e55d]
	undetected_chromedriver!GetHandleVerifier [0xe68215+2ad3f5]
	undetected_chromedriver!GetHandleVerifier [0xbe4c18+29df8]
	undetected_chromedriver!GetHandleVerifier [0xbec6fd+318dd]
	undetected_chromedriver!GetHandleVerifier [0xbd3c78+18e58]
	undetected_chromedriver!GetHandleVerifier [0xbd3e42+19022]
	undetected_chromedriver!GetHandleVerifier [0xbbd45f+263f]
	KERNEL32!BaseThreadInitThunk [0x74b35d49+19]
	ntdll!RtlInitializeExceptionChain [0x7722d83b+6b]
	ntdll!RtlGetAppContainerNamedObjectPath [0x7722d7c1+231]

[2026-04-26 15:15:29.490] [DEBUG   ] [bot.scanner] Error escaneando tile 'Russian Roulette': Message: no such element: Unable to locate element: {"method":"css selector","selector":"[id="t4jzencinod6iqwi-221"]"}
  (Session info: chrome=147.0.7727.103); For documentation on this error, please visit: https://www.selenium.dev/documentation/webdriver/troubleshooting/errors#nosuchelementexception
Stacktrace:
	undetected_chromedriver!GetHandleVerifier [0xbcb373+10553]
	undetected_chromedriver!GetHandleVerifier [0xbcb4a4+10684]
	undetected_chromedriver!(No symbol) [0x9d1e10]
	undetected_chromedriver!(No symbol) [0xa1a9da]
	undetected_chromedriver!(No symbol) [0xa1ac7b]
	undetected_chromedriver!(No symbol) [0xa5d162]
	undetected_chromedriver!(No symbol) [0xa3d8b4]
	undetected_chromedriver!(No symbol) [0xa5aa36]
	undetected_chromedriver!(No symbol) [0xa3d606]
	undetected_chromedriver!(No symbol) [0xa10039]
	undetected_chromedriver!(No symbol) [0xa10df4]
	undetected_chromedriver!GetHandleVerifier [0xe4ddb4+292f94]
	undetected_chromedriver!GetHandleVerifier [0xe4937d+28e55d]
	undetected_chromedriver!GetHandleVerifier [0xe68215+2ad3f5]
	undetected_chromedriver!GetHandleVerifier [0xbe4c18+29df8]
	undetected_chromedriver!GetHandleVerifier [0xbec6fd+318dd]
	undetected_chromedriver!GetHandleVerifier [0xbd3c78+18e58]
	undetected_chromedriver!GetHandleVerifier [0xbd3e42+19022]
	undetected_chromedriver!GetHandleVerifier [0xbbd45f+263f]
	KERNEL32!BaseThreadInitThunk [0x74b35d49+19]
	ntdll!RtlInitializeExceptionChain [0x7722d83b+6b]
	ntdll!RtlGetAppContainerNamedObjectPath [0x7722d7c1+231]

[2026-04-26 15:15:29.493] [DEBUG   ] [bot.scanner] Error escaneando tile 'Dutch Roulette': Message: no such element: Unable to locate element: {"method":"css selector","selector":"[id="dutchrw235rwl293-235"]"}
  (Session info: chrome=147.0.7727.103); For documentation on this error, please visit: https://www.selenium.dev/documentation/webdriver/troubleshooting/errors#nosuchelementexception
Stacktrace:
	undetected_chromedriver!GetHandleVerifier [0xbcb373+10553]
	undetected_chromedriver!GetHandleVerifier [0xbcb4a4+10684]
	undetected_chromedriver!(No symbol) [0x9d1e10]
	undetected_chromedriver!(No symbol) [0xa1a9da]
	undetected_chromedriver!(No symbol) [0xa1ac7b]
	undetected_chromedriver!(No symbol) [0xa5d162]
	undetected_chromedriver!(No symbol) [0xa3d8b4]
	undetected_chromedriver!(No symbol) [0xa5aa36]
	undetected_chromedriver!(No symbol) [0xa3d606]
	undetected_chromedriver!(No symbol) [0xa10039]
	undetected_chromedriver!(No symbol) [0xa10df4]
	undetected_chromedriver!GetHandleVerifier [0xe4ddb4+292f94]
	undetected_chromedriver!GetHandleVerifier [0xe4937d+28e55d]
	undetected_chromedriver!GetHandleVerifier [0xe68215+2ad3f5]
	undetected_chromedriver!GetHandleVerifier [0xbe4c18+29df8]
	undetected_chromedriver!GetHandleVerifier [0xbec6fd+318dd]
	undetected_chromedriver!GetHandleVerifier [0xbd3c78+18e58]
	undetected_chromedriver!GetHandleVerifier [0xbd3e42+19022]
	undetected_chromedriver!GetHandleVerifier [0xbbd45f+263f]
	KERNEL32!BaseThreadInitThunk [0x74b35d49+19]
	ntdll!RtlInitializeExceptionChain [0x7722d83b+6b]
	ntdll!RtlGetAppContainerNamedObjectPath [0x7722d7c1+231]

[2026-04-26 15:15:30.003] [DEBUG   ] [bot.scanner] Error escaneando tile 'Ruleta Latina': Message: no such element: Unable to locate element: {"method":"css selector","selector":"[id="roulerw234rwl292-234"]"}
  (Session info: chrome=147.0.7727.103); For documentation on this error, please visit: https://www.selenium.dev/documentation/webdriver/troubleshooting/errors#nosuchelementexception
Stacktrace:
	undetected_chromedriver!GetHandleVerifier [0xbcb373+10553]
	undetected_chromedriver!GetHandleVerifier [0xbcb4a4+10684]
	undetected_chromedriver!(No symbol) [0x9d1e10]
	undetected_chromedriver!(No symbol) [0xa1a9da]
	undetected_chromedriver!(No symbol) [0xa1ac7b]
	undetected_chromedriver!(No symbol) [0xa5d162]
	undetected_chromedriver!(No symbol) [0xa3d8b4]
	undetected_chromedriver!(No symbol) [0xa5aa36]
	undetected_chromedriver!(No symbol) [0xa3d606]
	undetected_chromedriver!(No symbol) [0xa10039]
	undetected_chromedriver!(No symbol) [0xa10df4]
	undetected_chromedriver!GetHandleVerifier [0xe4ddb4+292f94]
	undetected_chromedriver!GetHandleVerifier [0xe4937d+28e55d]
	undetected_chromedriver!GetHandleVerifier [0xe68215+2ad3f5]
	undetected_chromedriver!GetHandleVerifier [0xbe4c18+29df8]
	undetected_chromedriver!GetHandleVerifier [0xbec6fd+318dd]
	undetected_chromedriver!GetHandleVerifier [0xbd3c78+18e58]
	undetected_chromedriver!GetHandleVerifier [0xbd3e42+19022]
	undetected_chromedriver!GetHandleVerifier [0xbbd45f+263f]
	KERNEL32!BaseThreadInitThunk [0x74b35d49+19]
	ntdll!RtlInitializeExceptionChain [0x7722d83b+6b]
	ntdll!RtlGetAppContainerNamedObjectPath [0x7722d7c1+231]

[2026-04-26 15:15:30.007] [DEBUG   ] [bot.scanner] Error escaneando tile 'Mega Roulette': Message: no such element: Unable to locate element: {"method":"css selector","selector":"[id="1hl65ce1lxuqdrkr-204"]"}
  (Session info: chrome=147.0.7727.103); For documentation on this error, please visit: https://www.selenium.dev/documentation/webdriver/troubleshooting/errors#nosuchelementexception
Stacktrace:
	undetected_chromedriver!GetHandleVerifier [0xbcb373+10553]
	undetected_chromedriver!GetHandleVerifier [0xbcb4a4+10684]
	undetected_chromedriver!(No symbol) [0x9d1e10]
	undetected_chromedriver!(No symbol) [0xa1a9da]
	undetected_chromedriver!(No symbol) [0xa1ac7b]
	undetected_chromedriver!(No symbol) [0xa5d162]
	undetected_chromedriver!(No symbol) [0xa3d8b4]
	undetected_chromedriver!(No symbol) [0xa5aa36]
	undetected_chromedriver!(No symbol) [0xa3d606]
	undetected_chromedriver!(No symbol) [0xa10039]
	undetected_chromedriver!(No symbol) [0xa10df4]
	undetected_chromedriver!GetHandleVerifier [0xe4ddb4+292f94]
	undetected_chromedriver!GetHandleVerifier [0xe4937d+28e55d]
	undetected_chromedriver!GetHandleVerifier [0xe68215+2ad3f5]
	undetected_chromedriver!GetHandleVerifier [0xbe4c18+29df8]
	undetected_chromedriver!GetHandleVerifier [0xbec6fd+318dd]
	undetected_chromedriver!GetHandleVerifier [0xbd3c78+18e58]
	undetected_chromedriver!GetHandleVerifier [0xbd3e42+19022]
	undetected_chromedriver!GetHandleVerifier [0xbbd45f+263f]
	KERNEL32!BaseThreadInitThunk [0x74b35d49+19]
	ntdll!RtlInitializeExceptionChain [0x7722d83b+6b]
	ntdll!RtlGetAppContainerNamedObjectPath [0x7722d7c1+231]

[2026-04-26 15:15:30.018] [DEBUG   ] [bot.scanner] Error escaneando tile 'Brazilian Roulette': Message: no such element: Unable to locate element: {"method":"css selector","selector":"[id="rwbrzportrwa16rg-237"]"}
  (Session info: chrome=147.0.7727.103); For documentation on this error, please visit: https://www.selenium.dev/documentation/webdriver/troubleshooting/errors#nosuchelementexception
Stacktrace:
	undetected_chromedriver!GetHandleVerifier [0xbcb373+10553]
	undetected_chromedriver!GetHandleVerifier [0xbcb4a4+10684]
	undetected_chromedriver!(No symbol) [0x9d1e10]
	undetected_chromedriver!(No symbol) [0xa1a9da]
	undetected_chromedriver!(No symbol) [0xa1ac7b]
	undetected_chromedriver!(No symbol) [0xa5d162]
	undetected_chromedriver!(No symbol) [0xa3d8b4]
	undetected_chromedriver!(No symbol) [0xa5aa36]
	undetected_chromedriver!(No symbol) [0xa3d606]
	undetected_chromedriver!(No symbol) [0xa10039]
	undetected_chromedriver!(No symbol) [0xa10df4]
	undetected_chromedriver!GetHandleVerifier [0xe4ddb4+292f94]
	undetected_chromedriver!GetHandleVerifier [0xe4937d+28e55d]
	undetected_chromedriver!GetHandleVerifier [0xe68215+2ad3f5]
	undetected_chromedriver!GetHandleVerifier [0xbe4c18+29df8]
	undetected_chromedriver!GetHandleVerifier [0xbec6fd+318dd]
	undetected_chromedriver!GetHandleVerifier [0xbd3c78+18e58]
	undetected_chromedriver!GetHandleVerifier [0xbd3e42+19022]
	undetected_chromedriver!GetHandleVerifier [0xbbd45f+263f]
	KERNEL32!BaseThreadInitThunk [0x74b35d49+19]
	ntdll!RtlInitializeExceptionChain [0x7722d83b+6b]
	ntdll!RtlGetAppContainerNamedObjectPath [0x7722d7c1+231]

[2026-04-26 15:15:30.024] [DEBUG   ] [bot.scanner] Error escaneando tile 'Roulette 1': Message: no such element: Unable to locate element: {"method":"css selector","selector":"[id="g03y1t9vvuhrfytl-227"]"}
  (Session info: chrome=147.0.7727.103); For documentation on this error, please visit: https://www.selenium.dev/documentation/webdriver/troubleshooting/errors#nosuchelementexception
Stacktrace:
	undetected_chromedriver!GetHandleVerifier [0xbcb373+10553]
	undetected_chromedriver!GetHandleVerifier [0xbcb4a4+10684]
	undetected_chromedriver!(No symbol) [0x9d1e10]
	undetected_chromedriver!(No symbol) [0xa1a9da]
	undetected_chromedriver!(No symbol) [0xa1ac7b]
	undetected_chromedriver!(No symbol) [0xa5d162]
	undetected_chromedriver!(No symbol) [0xa3d8b4]
	undetected_chromedriver!(No symbol) [0xa5aa36]
	undetected_chromedriver!(No symbol) [0xa3d606]
	undetected_chromedriver!(No symbol) [0xa10039]
	undetected_chromedriver!(No symbol) [0xa10df4]
	undetected_chromedriver!GetHandleVerifier [0xe4ddb4+292f94]
	undetected_chromedriver!GetHandleVerifier [0xe4937d+28e55d]
	undetected_chromedriver!GetHandleVerifier [0xe68215+2ad3f5]
	undetected_chromedriver!GetHandleVerifier [0xbe4c18+29df8]
	undetected_chromedriver!GetHandleVerifier [0xbec6fd+318dd]
	undetected_chromedriver!GetHandleVerifier [0xbd3c78+18e58]
	undetected_chromedriver!GetHandleVerifier [0xbd3e42+19022]
	undetected_chromedriver!GetHandleVerifier [0xbbd45f+263f]
	KERNEL32!BaseThreadInitThunk [0x74b35d49+19]
	ntdll!RtlInitializeExceptionChain [0x7722d83b+6b]
	ntdll!RtlGetAppContainerNamedObjectPath [0x7722d7c1+231]

[2026-04-26 15:15:30.034] [DEBUG   ] [bot.scanner] Error escaneando tile 'Roulette 3': Message: no such element: Unable to locate element: {"method":"css selector","selector":"[id="chroma229rwltr22-230"]"}
  (Session info: chrome=147.0.7727.103); For documentation on this error, please visit: https://www.selenium.dev/documentation/webdriver/troubleshooting/errors#nosuchelementexception
Stacktrace:
	undetected_chromedriver!GetHandleVerifier [0xbcb373+10553]
	undetected_chromedriver!GetHandleVerifier [0xbcb4a4+10684]
	undetected_chromedriver!(No symbol) [0x9d1e10]
	undetected_chromedriver!(No symbol) [0xa1a9da]
	undetected_chromedriver!(No symbol) [0xa1ac7b]
	undetected_chromedriver!(No symbol) [0xa5d162]
	undetected_chromedriver!(No symbol) [0xa3d8b4]
	undetected_chromedriver!(No symbol) [0xa5aa36]
	undetected_chromedriver!(No symbol) [0xa3d606]
	undetected_chromedriver!(No symbol) [0xa10039]
	undetected_chromedriver!(No symbol) [0xa10df4]
	undetected_chromedriver!GetHandleVerifier [0xe4ddb4+292f94]
	undetected_chromedriver!GetHandleVerifier [0xe4937d+28e55d]
	undetected_chromedriver!GetHandleVerifier [0xe68215+2ad3f5]
	undetected_chromedriver!GetHandleVerifier [0xbe4c18+29df8]
	undetected_chromedriver!GetHandleVerifier [0xbec6fd+318dd]
	undetected_chromedriver!GetHandleVerifier [0xbd3c78+18e58]
	undetected_chromedriver!GetHandleVerifier [0xbd3e42+19022]
	undetected_chromedriver!GetHandleVerifier [0xbbd45f+263f]
	KERNEL32!BaseThreadInitThunk [0x74b35d49+19]
	ntdll!RtlInitializeExceptionChain [0x7722d83b+6b]
	ntdll!RtlGetAppContainerNamedObjectPath [0x7722d7c1+231]

[2026-04-26 15:15:30.039] [DEBUG   ] [bot.scanner] Error escaneando tile 'Roulette Macao': Message: no such element: Unable to locate element: {"method":"css selector","selector":"[id="yqpz3ichst2xg439-206"]"}
  (Session info: chrome=147.0.7727.103); For documentation on this error, please visit: https://www.selenium.dev/documentation/webdriver/troubleshooting/errors#nosuchelementexception
Stacktrace:
	undetected_chromedriver!GetHandleVerifier [0xbcb373+10553]
	undetected_chromedriver!GetHandleVerifier [0xbcb4a4+10684]
	undetected_chromedriver!(No symbol) [0x9d1e10]
	undetected_chromedriver!(No symbol) [0xa1a9da]
	undetected_chromedriver!(No symbol) [0xa1ac7b]
	undetected_chromedriver!(No symbol) [0xa5d162]
	undetected_chromedriver!(No symbol) [0xa3d8b4]
	undetected_chromedriver!(No symbol) [0xa5aa36]
	undetected_chromedriver!(No symbol) [0xa3d606]
	undetected_chromedriver!(No symbol) [0xa10039]
	undetected_chromedriver!(No symbol) [0xa10df4]
	undetected_chromedriver!GetHandleVerifier [0xe4ddb4+292f94]
	undetected_chromedriver!GetHandleVerifier [0xe4937d+28e55d]
	undetected_chromedriver!GetHandleVerifier [0xe68215+2ad3f5]
	undetected_chromedriver!GetHandleVerifier [0xbe4c18+29df8]
	undetected_chromedriver!GetHandleVerifier [0xbec6fd+318dd]
	undetected_chromedriver!GetHandleVerifier [0xbd3c78+18e58]
	undetected_chromedriver!GetHandleVerifier [0xbd3e42+19022]
	undetected_chromedriver!GetHandleVerifier [0xbbd45f+263f]
	KERNEL32!BaseThreadInitThunk [0x74b35d49+19]
	ntdll!RtlInitializeExceptionChain [0x7722d83b+6b]
	ntdll!RtlGetAppContainerNamedObjectPath [0x7722d7c1+231]

[2026-04-26 15:15:30.044] [DEBUG   ] [bot.scanner] Error escaneando tile 'Roulette 2 Extra Time': Message: no such element: Unable to locate element: {"method":"css selector","selector":"[id="5kvxlw4c1qm3xcyn-201"]"}
  (Session info: chrome=147.0.7727.103); For documentation on this error, please visit: https://www.selenium.dev/documentation/webdriver/troubleshooting/errors#nosuchelementexception
Stacktrace:
	undetected_chromedriver!GetHandleVerifier [0xbcb373+10553]
	undetected_chromedriver!GetHandleVerifier [0xbcb4a4+10684]
	undetected_chromedriver!(No symbol) [0x9d1e10]
	undetected_chromedriver!(No symbol) [0xa1a9da]
	undetected_chromedriver!(No symbol) [0xa1ac7b]
	undetected_chromedriver!(No symbol) [0xa5d162]
	undetected_chromedriver!(No symbol) [0xa3d8b4]
	undetected_chromedriver!(No symbol) [0xa5aa36]
	undetected_chromedriver!(No symbol) [0xa3d606]
	undetected_chromedriver!(No symbol) [0xa10039]
	undetected_chromedriver!(No symbol) [0xa10df4]
	undetected_chromedriver!GetHandleVerifier [0xe4ddb4+292f94]
	undetected_chromedriver!GetHandleVerifier [0xe4937d+28e55d]
	undetected_chromedriver!GetHandleVerifier [0xe68215+2ad3f5]
	undetected_chromedriver!GetHandleVerifier [0xbe4c18+29df8]
	undetected_chromedriver!GetHandleVerifier [0xbec6fd+318dd]
	undetected_chromedriver!GetHandleVerifier [0xbd3c78+18e58]
	undetected_chromedriver!GetHandleVerifier [0xbd3e42+19022]
	undetected_chromedriver!GetHandleVerifier [0xbbd45f+263f]
	KERNEL32!BaseThreadInitThunk [0x74b35d49+19]
	ntdll!RtlInitializeExceptionChain [0x7722d83b+6b]
	ntdll!RtlGetAppContainerNamedObjectPath [0x7722d7c1+231]

[2026-04-26 15:15:30.051] [DEBUG   ] [bot.scanner] Error escaneando tile 'Brazilian Mega Roulette': Message: no such element: Unable to locate element: {"method":"css selector","selector":"[id="mrbras531mrbr532-287"]"}
  (Session info: chrome=147.0.7727.103); For documentation on this error, please visit: https://www.selenium.dev/documentation/webdriver/troubleshooting/errors#nosuchelementexception
Stacktrace:
	undetected_chromedriver!GetHandleVerifier [0xbcb373+10553]
	undetected_chromedriver!GetHandleVerifier [0xbcb4a4+10684]
	undetected_chromedriver!(No symbol) [0x9d1e10]
	undetected_chromedriver!(No symbol) [0xa1a9da]
	undetected_chromedriver!(No symbol) [0xa1ac7b]
	undetected_chromedriver!(No symbol) [0xa5d162]
	undetected_chromedriver!(No symbol) [0xa3d8b4]
	undetected_chromedriver!(No symbol) [0xa5aa36]
	undetected_chromedriver!(No symbol) [0xa3d606]
	undetected_chromedriver!(No symbol) [0xa10039]
	undetected_chromedriver!(No symbol) [0xa10df4]
	undetected_chromedriver!GetHandleVerifier [0xe4ddb4+292f94]
	undetected_chromedriver!GetHandleVerifier [0xe4937d+28e55d]
	undetected_chromedriver!GetHandleVerifier [0xe68215+2ad3f5]
	undetected_chromedriver!GetHandleVerifier [0xbe4c18+29df8]
	undetected_chromedriver!GetHandleVerifier [0xbec6fd+318dd]
	undetected_chromedriver!GetHandleVerifier [0xbd3c78+18e58]
	undetected_chromedriver!GetHandleVerifier [0xbd3e42+19022]
	undetected_chromedriver!GetHandleVerifier [0xbbd45f+263f]
	KERNEL32!BaseThreadInitThunk [0x74b35d49+19]
	ntdll!RtlInitializeExceptionChain [0x7722d83b+6b]
	ntdll!RtlGetAppContainerNamedObjectPath [0x7722d7c1+231]

[2026-04-26 15:15:30.057] [DEBUG   ] [bot.scanner] Error escaneando tile 'Lucky 6 Roulette': Message: no such element: Unable to locate element: {"method":"css selector","selector":"[id="lucky6roulettea3-211a1"]"}
  (Session info: chrome=147.0.7727.103); For documentation on this error, please visit: https://www.selenium.dev/documentation/webdriver/troubleshooting/errors#nosuchelementexception
Stacktrace:
	undetected_chromedriver!GetHandleVerifier [0xbcb373+10553]
	undetected_chromedriver!GetHandleVerifier [0xbcb4a4+10684]
	undetected_chromedriver!(No symbol) [0x9d1e10]
	undetected_chromedriver!(No symbol) [0xa1a9da]
	undetected_chromedriver!(No symbol) [0xa1ac7b]
	undetected_chromedriver!(No symbol) [0xa5d162]
	undetected_chromedriver!(No symbol) [0xa3d8b4]
	undetected_chromedriver!(No symbol) [0xa5aa36]
	undetected_chromedriver!(No symbol) [0xa3d606]
	undetected_chromedriver!(No symbol) [0xa10039]
	undetected_chromedriver!(No symbol) [0xa10df4]
	undetected_chromedriver!GetHandleVerifier [0xe4ddb4+292f94]
	undetected_chromedriver!GetHandleVerifier [0xe4937d+28e55d]
	undetected_chromedriver!GetHandleVerifier [0xe68215+2ad3f5]
	undetected_chromedriver!GetHandleVerifier [0xbe4c18+29df8]
	undetected_chromedriver!GetHandleVerifier [0xbec6fd+318dd]
	undetected_chromedriver!GetHandleVerifier [0xbd3c78+18e58]
	undetected_chromedriver!GetHandleVerifier [0xbd3e42+19022]
	undetected_chromedriver!GetHandleVerifier [0xbbd45f+263f]
	KERNEL32!BaseThreadInitThunk [0x74b35d49+19]
	ntdll!RtlInitializeExceptionChain [0x7722d83b+6b]
	ntdll!RtlGetAppContainerNamedObjectPath [0x7722d7c1+231]

[2026-04-26 15:15:30.064] [DEBUG   ] [bot.scanner] Error escaneando tile 'Auto Roulette': Message: no such element: Unable to locate element: {"method":"css selector","selector":"[id="5bzl2835s5ruvweg-225"]"}
  (Session info: chrome=147.0.7727.103); For documentation on this error, please visit: https://www.selenium.dev/documentation/webdriver/troubleshooting/errors#nosuchelementexception
Stacktrace:
	undetected_chromedriver!GetHandleVerifier [0xbcb373+10553]
	undetected_chromedriver!GetHandleVerifier [0xbcb4a4+10684]
	undetected_chromedriver!(No symbol) [0x9d1e10]
	undetected_chromedriver!(No symbol) [0xa1a9da]
	undetected_chromedriver!(No symbol) [0xa1ac7b]
	undetected_chromedriver!(No symbol) [0xa5d162]
	undetected_chromedriver!(No symbol) [0xa3d8b4]
	undetected_chromedriver!(No symbol) [0xa5aa36]
	undetected_chromedriver!(No symbol) [0xa3d606]
	undetected_chromedriver!(No symbol) [0xa10039]
	undetected_chromedriver!(No symbol) [0xa10df4]
	undetected_chromedriver!GetHandleVerifier [0xe4ddb4+292f94]
	undetected_chromedriver!GetHandleVerifier [0xe4937d+28e55d]
	undetected_chromedriver!GetHandleVerifier [0xe68215+2ad3f5]
	undetected_chromedriver!GetHandleVerifier [0xbe4c18+29df8]
	undetected_chromedriver!GetHandleVerifier [0xbec6fd+318dd]
	undetected_chromedriver!GetHandleVerifier [0xbd3c78+18e58]
	undetected_chromedriver!GetHandleVerifier [0xbd3e42+19022]
	undetected_chromedriver!GetHandleVerifier [0xbbd45f+263f]
	KERNEL32!BaseThreadInitThunk [0x74b35d49+19]
	ntdll!RtlInitializeExceptionChain [0x7722d83b+6b]
	ntdll!RtlGetAppContainerNamedObjectPath [0x7722d7c1+231]

[2026-04-26 15:15:30.070] [DEBUG   ] [bot.scanner] Error escaneando tile 'Stake Roulette': Message: no such element: Unable to locate element: {"method":"css selector","selector":"[id="rw321stakerws321-236"]"}
  (Session info: chrome=147.0.7727.103); For documentation on this error, please visit: https://www.selenium.dev/documentation/webdriver/troubleshooting/errors#nosuchelementexception
Stacktrace:
	undetected_chromedriver!GetHandleVerifier [0xbcb373+10553]
	undetected_chromedriver!GetHandleVerifier [0xbcb4a4+10684]
	undetected_chromedriver!(No symbol) [0x9d1e10]
	undetected_chromedriver!(No symbol) [0xa1a9da]
	undetected_chromedriver!(No symbol) [0xa1ac7b]
	undetected_chromedriver!(No symbol) [0xa5d162]
	undetected_chromedriver!(No symbol) [0xa3d8b4]
	undetected_chromedriver!(No symbol) [0xa5aa36]
	undetected_chromedriver!(No symbol) [0xa3d606]
	undetected_chromedriver!(No symbol) [0xa10039]
	undetected_chromedriver!(No symbol) [0xa10df4]
	undetected_chromedriver!GetHandleVerifier [0xe4ddb4+292f94]
	undetected_chromedriver!GetHandleVerifier [0xe4937d+28e55d]
	undetected_chromedriver!GetHandleVerifier [0xe68215+2ad3f5]
	undetected_chromedriver!GetHandleVerifier [0xbe4c18+29df8]
	undetected_chromedriver!GetHandleVerifier [0xbec6fd+318dd]
	undetected_chromedriver!GetHandleVerifier [0xbd3c78+18e58]
	undetected_chromedriver!GetHandleVerifier [0xbd3e42+19022]
	undetected_chromedriver!GetHandleVerifier [0xbbd45f+263f]
	KERNEL32!BaseThreadInitThunk [0x74b35d49+19]
	ntdll!RtlInitializeExceptionChain [0x7722d83b+6b]
	ntdll!RtlGetAppContainerNamedObjectPath [0x7722d7c1+231]

[2026-04-26 15:15:30.076] [DEBUG   ] [bot.scanner] Error escaneando tile 'Turkish Roulette': Message: no such element: Unable to locate element: {"method":"css selector","selector":"[id="p8l1j84prrmxzyic-224"]"}
  (Session info: chrome=147.0.7727.103); For documentation on this error, please visit: https://www.selenium.dev/documentation/webdriver/troubleshooting/errors#nosuchelementexception
Stacktrace:
	undetected_chromedriver!GetHandleVerifier [0xbcb373+10553]
	undetected_chromedriver!GetHandleVerifier [0xbcb4a4+10684]
	undetected_chromedriver!(No symbol) [0x9d1e10]
	undetected_chromedriver!(No symbol) [0xa1a9da]
	undetected_chromedriver!(No symbol) [0xa1ac7b]
	undetected_chromedriver!(No symbol) [0xa5d162]
	undetected_chromedriver!(No symbol) [0xa3d8b4]
	undetected_chromedriver!(No symbol) [0xa5aa36]
	undetected_chromedriver!(No symbol) [0xa3d606]
	undetected_chromedriver!(No symbol) [0xa10039]
	undetected_chromedriver!(No symbol) [0xa10df4]
	undetected_chromedriver!GetHandleVerifier [0xe4ddb4+292f94]
	undetected_chromedriver!GetHandleVerifier [0xe4937d+28e55d]
	undetected_chromedriver!GetHandleVerifier [0xe68215+2ad3f5]
	undetected_chromedriver!GetHandleVerifier [0xbe4c18+29df8]
	undetected_chromedriver!GetHandleVerifier [0xbec6fd+318dd]
	undetected_chromedriver!GetHandleVerifier [0xbd3c78+18e58]
	undetected_chromedriver!GetHandleVerifier [0xbd3e42+19022]
	undetected_chromedriver!GetHandleVerifier [0xbbd45f+263f]
	KERNEL32!BaseThreadInitThunk [0x74b35d49+19]
	ntdll!RtlInitializeExceptionChain [0x7722d83b+6b]
	ntdll!RtlGetAppContainerNamedObjectPath [0x7722d7c1+231]

[2026-04-26 15:15:30.080] [DEBUG   ] [bot.scanner] Error escaneando tile 'German Roulette': Message: no such element: Unable to locate element: {"method":"css selector","selector":"[id="s2x6b4jdeqza2ge2-222"]"}
  (Session info: chrome=147.0.7727.103); For documentation on this error, please visit: https://www.selenium.dev/documentation/webdriver/troubleshooting/errors#nosuchelementexception
Stacktrace:
	undetected_chromedriver!GetHandleVerifier [0xbcb373+10553]
	undetected_chromedriver!GetHandleVerifier [0xbcb4a4+10684]
	undetected_chromedriver!(No symbol) [0x9d1e10]
	undetected_chromedriver!(No symbol) [0xa1a9da]
	undetected_chromedriver!(No symbol) [0xa1ac7b]
	undetected_chromedriver!(No symbol) [0xa5d162]
	undetected_chromedriver!(No symbol) [0xa3d8b4]
	undetected_chromedriver!(No symbol) [0xa5aa36]
	undetected_chromedriver!(No symbol) [0xa3d606]
	undetected_chromedriver!(No symbol) [0xa10039]
	undetected_chromedriver!(No symbol) [0xa10df4]
	undetected_chromedriver!GetHandleVerifier [0xe4ddb4+292f94]
	undetected_chromedriver!GetHandleVerifier [0xe4937d+28e55d]
	undetected_chromedriver!GetHandleVerifier [0xe68215+2ad3f5]
	undetected_chromedriver!GetHandleVerifier [0xbe4c18+29df8]
	undetected_chromedriver!GetHandleVerifier [0xbec6fd+318dd]
	undetected_chromedriver!GetHandleVerifier [0xbd3c78+18e58]
	undetected_chromedriver!GetHandleVerifier [0xbd3e42+19022]
	undetected_chromedriver!GetHandleVerifier [0xbbd45f+263f]
	KERNEL32!BaseThreadInitThunk [0x74b35d49+19]
	ntdll!RtlInitializeExceptionChain [0x7722d83b+6b]
	ntdll!RtlGetAppContainerNamedObjectPath [0x7722d7c1+231]

[2026-04-26 15:15:30.084] [DEBUG   ] [bot.scanner] Error escaneando tile 'Romanian Roulette': Message: no such element: Unable to locate element: {"method":"css selector","selector":"[id="romania233rwl291-233"]"}
  (Session info: chrome=147.0.7727.103); For documentation on this error, please visit: https://www.selenium.dev/documentation/webdriver/troubleshooting/errors#nosuchelementexception
Stacktrace:
	undetected_chromedriver!GetHandleVerifier [0xbcb373+10553]
	undetected_chromedriver!GetHandleVerifier [0xbcb4a4+10684]
	undetected_chromedriver!(No symbol) [0x9d1e10]
	undetected_chromedriver!(No symbol) [0xa1a9da]
	undetected_chromedriver!(No symbol) [0xa1ac7b]
	undetected_chromedriver!(No symbol) [0xa5d162]
	undetected_chromedriver!(No symbol) [0xa3d8b4]
	undetected_chromedriver!(No symbol) [0xa5aa36]
	undetected_chromedriver!(No symbol) [0xa3d606]
	undetected_chromedriver!(No symbol) [0xa10039]
	undetected_chromedriver!(No symbol) [0xa10df4]
	undetected_chromedriver!GetHandleVerifier [0xe4ddb4+292f94]
	undetected_chromedriver!GetHandleVerifier [0xe4937d+28e55d]
	undetected_chromedriver!GetHandleVerifier [0xe68215+2ad3f5]
	undetected_chromedriver!GetHandleVerifier [0xbe4c18+29df8]
	undetected_chromedriver!GetHandleVerifier [0xbec6fd+318dd]
	undetected_chromedriver!GetHandleVerifier [0xbd3c78+18e58]
	undetected_chromedriver!GetHandleVerifier [0xbd3e42+19022]
	undetected_chromedriver!GetHandleVerifier [0xbbd45f+263f]
	KERNEL32!BaseThreadInitThunk [0x74b35d49+19]
	ntdll!RtlInitializeExceptionChain [0x7722d83b+6b]
	ntdll!RtlGetAppContainerNamedObjectPath [0x7722d7c1+231]

[2026-04-26 15:15:30.090] [DEBUG   ] [bot.scanner] Error escaneando tile 'Roulette Italia Tricolore': Message: no such element: Unable to locate element: {"method":"css selector","selector":"[id="v1c52fgw7yy02upz-223"]"}
  (Session info: chrome=147.0.7727.103); For documentation on this error, please visit: https://www.selenium.dev/documentation/webdriver/troubleshooting/errors#nosuchelementexception
Stacktrace:
	undetected_chromedriver!GetHandleVerifier [0xbcb373+10553]
	undetected_chromedriver!GetHandleVerifier [0xbcb4a4+10684]
	undetected_chromedriver!(No symbol) [0x9d1e10]
	undetected_chromedriver!(No symbol) [0xa1a9da]
	undetected_chromedriver!(No symbol) [0xa1ac7b]
	undetected_chromedriver!(No symbol) [0xa5d162]
	undetected_chromedriver!(No symbol) [0xa3d8b4]
	undetected_chromedriver!(No symbol) [0xa5aa36]
	undetected_chromedriver!(No symbol) [0xa3d606]
	undetected_chromedriver!(No symbol) [0xa10039]
	undetected_chromedriver!(No symbol) [0xa10df4]
	undetected_chromedriver!GetHandleVerifier [0xe4ddb4+292f94]
	undetected_chromedriver!GetHandleVerifier [0xe4937d+28e55d]
	undetected_chromedriver!GetHandleVerifier [0xe68215+2ad3f5]
	undetected_chromedriver!GetHandleVerifier [0xbe4c18+29df8]
	undetected_chromedriver!GetHandleVerifier [0xbec6fd+318dd]
	undetected_chromedriver!GetHandleVerifier [0xbd3c78+18e58]
	undetected_chromedriver!GetHandleVerifier [0xbd3e42+19022]
	undetected_chromedriver!GetHandleVerifier [0xbbd45f+263f]
	KERNEL32!BaseThreadInitThunk [0x74b35d49+19]
	ntdll!RtlInitializeExceptionChain [0x7722d83b+6b]
	ntdll!RtlGetAppContainerNamedObjectPath [0x7722d7c1+231]

[2026-04-26 15:15:30.095] [DEBUG   ] [bot.scanner] Error escaneando tile 'Russian Roulette': Message: no such element: Unable to locate element: {"method":"css selector","selector":"[id="t4jzencinod6iqwi-221"]"}
  (Session info: chrome=147.0.7727.103); For documentation on this error, please visit: https://www.selenium.dev/documentation/webdriver/troubleshooting/errors#nosuchelementexception
Stacktrace:
	undetected_chromedriver!GetHandleVerifier [0xbcb373+10553]
	undetected_chromedriver!GetHandleVerifier [0xbcb4a4+10684]
	undetected_chromedriver!(No symbol) [0x9d1e10]
	undetected_chromedriver!(No symbol) [0xa1a9da]
	undetected_chromedriver!(No symbol) [0xa1ac7b]
	undetected_chromedriver!(No symbol) [0xa5d162]
	undetected_chromedriver!(No symbol) [0xa3d8b4]
	undetected_chromedriver!(No symbol) [0xa5aa36]
	undetected_chromedriver!(No symbol) [0xa3d606]
	undetected_chromedriver!(No symbol) [0xa10039]
	undetected_chromedriver!(No symbol) [0xa10df4]
	undetected_chromedriver!GetHandleVerifier [0xe4ddb4+292f94]
	undetected_chromedriver!GetHandleVerifier [0xe4937d+28e55d]
	undetected_chromedriver!GetHandleVerifier [0xe68215+2ad3f5]
	undetected_chromedriver!GetHandleVerifier [0xbe4c18+29df8]
	undetected_chromedriver!GetHandleVerifier [0xbec6fd+318dd]
	undetected_chromedriver!GetHandleVerifier [0xbd3c78+18e58]
	undetected_chromedriver!GetHandleVerifier [0xbd3e42+19022]
	undetected_chromedriver!GetHandleVerifier [0xbbd45f+263f]
	KERNEL32!BaseThreadInitThunk [0x74b35d49+19]
	ntdll!RtlInitializeExceptionChain [0x7722d83b+6b]
	ntdll!RtlGetAppContainerNamedObjectPath [0x7722d7c1+231]

[2026-04-26 15:15:30.099] [DEBUG   ] [bot.scanner] Error escaneando tile 'Dutch Roulette': Message: no such element: Unable to locate element: {"method":"css selector","selector":"[id="dutchrw235rwl293-235"]"}
  (Session info: chrome=147.0.7727.103); For documentation on this error, please visit: https://www.selenium.dev/documentation/webdriver/troubleshooting/errors#nosuchelementexception
Stacktrace:
	undetected_chromedriver!GetHandleVerifier [0xbcb373+10553]
	undetected_chromedriver!GetHandleVerifier [0xbcb4a4+10684]
	undetected_chromedriver!(No symbol) [0x9d1e10]
	undetected_chromedriver!(No symbol) [0xa1a9da]
	undetected_chromedriver!(No symbol) [0xa1ac7b]
	undetected_chromedriver!(No symbol) [0xa5d162]
	undetected_chromedriver!(No symbol) [0xa3d8b4]
	undetected_chromedriver!(No symbol) [0xa5aa36]
	undetected_chromedriver!(No symbol) [0xa3d606]
	undetected_chromedriver!(No symbol) [0xa10039]
	undetected_chromedriver!(No symbol) [0xa10df4]
	undetected_chromedriver!GetHandleVerifier [0xe4ddb4+292f94]
	undetected_chromedriver!GetHandleVerifier [0xe4937d+28e55d]
	undetected_chromedriver!GetHandleVerifier [0xe68215+2ad3f5]
	undetected_chromedriver!GetHandleVerifier [0xbe4c18+29df8]
	undetected_chromedriver!GetHandleVerifier [0xbec6fd+318dd]
	undetected_chromedriver!GetHandleVerifier [0xbd3c78+18e58]
	undetected_chromedriver!GetHandleVerifier [0xbd3e42+19022]
	undetected_chromedriver!GetHandleVerifier [0xbbd45f+263f]
	KERNEL32!BaseThreadInitThunk [0x74b35d49+19]
	ntdll!RtlInitializeExceptionChain [0x7722d83b+6b]
	ntdll!RtlGetAppContainerNamedObjectPath [0x7722d7c1+231]

[2026-04-26 15:15:30.099] [WARNING ] [bot.scanner] ⚠️ Alerta: 0 tiles leídos por 10 ciclos...
[2026-04-26 15:15:30.222] [INFO    ] [bot.screenshot] 📸 Screenshot guardado: D:\GITHUBB\bot_stake\dist\data\logs\screenshots\020_2026-04-26_151530_WARN_zero_tiles_ciclo10.png
[2026-04-26 15:15:30.250] [DEBUG   ] [bot.screenshot] 📄 HTML source guardado: D:\GITHUBB\bot_stake\dist\data\logs\screenshots\020_2026-04-26_151530_WARN_zero_tiles_ciclo10.html
[2026-04-26 15:15:30.278] [CRITICAL] [bot.scanner] 🔴 MODAL DE INACTIVIDAD detectado durante escaneo!
[2026-04-26 15:15:30.361] [INFO    ] [bot.screenshot] 📸 Screenshot guardado: D:\GITHUBB\bot_stake\dist\data\logs\screenshots\021_2026-04-26_151530_CRITICAL_inactividad_en_escaneo.png
[2026-04-26 15:15:30.392] [DEBUG   ] [bot.screenshot] 📄 HTML source guardado: D:\GITHUBB\bot_stake\dist\data\logs\screenshots\021_2026-04-26_151530_CRITICAL_inactividad_en_escaneo.html
[2026-04-26 15:15:30.393] [CRITICAL] [bot.scanner] ❌ Error crítico en sesión: SESIÓN PERDIDA: Modal de inactividad detectado durante escaneo
[2026-04-26 15:15:30.394] [CRITICAL] [bot.scanner] Traceback completo:
Traceback (most recent call last):
  File "bot_ruleta\scanner.py", line 452, in _run_single_session
Exception: SESIÓN PERDIDA: Modal de inactividad detectado durante escaneo

[2026-04-26 15:15:30.394] [CRITICAL] [bot.crash_report] 🚨 Generando crash report: debug_report_2026-04-26_151530.zip
[2026-04-26 15:15:30.503] [INFO    ] [bot.screenshot] 📸 Screenshot guardado: D:\GITHUBB\bot_stake\dist\data\logs\screenshots\022_2026-04-26_151530_CRITICAL_crash_2026-04-26_151530.png
[2026-04-26 15:15:30.558] [DEBUG   ] [bot.screenshot] 📄 HTML source guardado: D:\GITHUBB\bot_stake\dist\data\logs\screenshots\022_2026-04-26_151530_CRITICAL_crash_2026-04-26_151530.html
[2026-04-26 15:15:31.067] [CRITICAL] [bot.crash_report] 📦 Crash report generado: D:\GITHUBB\bot_stake\dist\data\logs\crash_reports\debug_report_2026-04-26_151530.zip
[2026-04-26 15:16:02.219] [ERROR   ] [bot.crash_report] Error enviando crash report por Telegram: ('Connection aborted.', TimeoutError('The write operation timed out'))
[2026-04-26 15:16:02.221] [INFO    ] [bot.scanner] 🛑 Cerrando navegador...
[2026-04-26 15:16:02.695] [CRITICAL] [bot.scanner] 🔄 REINICIANDO BOT EN 10 SEGUNDOS POR ERROR: SESIÓN PERDIDA: Modal de inactividad detectado durante escaneo
[2026-04-26 15:16:12.696] [INFO    ] [bot.scanner] 🔄 Iniciando sesión #2...
[2026-04-26 15:16:12.696] [INFO    ] [bot.scanner] 🚀 Iniciando nueva sesión del bot...
[2026-04-26 15:16:12.696] [INFO    ] [bot.driver] ⚙️ Configurando WebDriver (headless=True)...
[2026-04-26 15:16:12.696] [INFO    ] [bot.driver] 👻 Modo Headless (ventana fuera de pantalla)...
[2026-04-26 15:16:12.696] [INFO    ] [bot.driver] 🚀 Iniciando Chrome con undetected_chromedriver...
[2026-04-26 15:16:12.701] [INFO    ] [bot.driver] 🌐 Chrome detectado: v147.0.7727.103
[2026-04-26 15:16:12.701] [INFO    ] [bot.driver]    Usando version_main=147
[2026-04-26 15:16:19.111] [INFO    ] [bot.driver] ✅ Chrome iniciado correctamente
[2026-04-26 15:16:21.127] [INFO    ] [bot.driver] 🛡️ Chrome oculto de la barra de tareas
[2026-04-26 15:16:21.130] [INFO    ] [bot.driver] 🛡️ Watchdog anti-minimización activo
[2026-04-26 15:16:21.250] [INFO    ] [bot.screenshot] 📸 Screenshot guardado: D:\GITHUBB\bot_stake\dist\data\logs\screenshots\023_2026-04-26_151621_01_driver_iniciado.png
[2026-04-26 15:16:21.287] [DEBUG   ] [bot.screenshot] 📄 HTML source guardado: D:\GITHUBB\bot_stake\dist\data\logs\screenshots\023_2026-04-26_151621_01_driver_iniciado.html
[2026-04-26 15:16:21.287] [INFO    ] [bot.driver] 🔗 Navegando a Stake...
[2026-04-26 15:16:35.914] [INFO    ] [bot.driver] 🧹 Limpiando cookies y almacenamiento local...
[2026-04-26 15:16:36.271] [INFO    ] [bot.driver] 🔑 Iniciando sesión...
[2026-04-26 15:16:36.479] [DEBUG   ] [bot.driver]    Botón 'Iniciar sesión' clickeado
[2026-04-26 15:16:43.054] [DEBUG   ] [bot.driver]    Email ingresado
[2026-04-26 15:16:45.131] [DEBUG   ] [bot.driver]    Password ingresado
[2026-04-26 15:16:45.340] [INFO    ] [bot.driver] ✅ Login enviado. Esperando confirmación de inicio de sesión...
[2026-04-26 15:16:47.512] [INFO    ] [bot.driver] 🎉 Login exitoso confirmado!
[2026-04-26 15:16:50.513] [INFO    ] [bot.lobby] 🔄 Navegando al Lobby... (from_anti_afk=False)
[2026-04-26 15:16:57.216] [INFO    ] [bot.lobby]    👉 Click en 'Juego real' ...
[2026-04-26 15:16:57.251] [INFO    ] [bot.lobby]    ⏳ Esperando recarga del iframe tras 'Juego real'...
[2026-04-26 15:17:09.268] [DEBUG   ] [bot.iframe]    ⏳ Esperando iframe principal (max 15s)...
[2026-04-26 15:17:09.340] [INFO    ] [bot.iframe]    ✅ Cambio a iframe #0 (class='game')
[2026-04-26 15:17:09.340] [DEBUG   ] [bot.iframe]    ⏳ Esperando iframe anidado o elementos del juego (max 15s)...
[2026-04-26 15:17:09.354] [INFO    ] [bot.iframe]    ✅ Elementos del juego encontrados en el iframe principal. No requiere anidado.
[2026-04-26 15:17:09.354] [INFO    ] [bot.lobby] ✅ Contexto cambiado al iframe del juego.
[2026-04-26 15:17:09.354] [INFO    ] [bot.lobby]    ⏳ Esperando a que el lobby termine de cargar...
[2026-04-26 15:17:12.372] [INFO    ] [bot.lobby]    ✅ Lobby cargado! 31 tiles encontrados (3s)
[2026-04-26 15:17:12.372] [INFO    ] [bot.iframe] 🛡️ Verificando modales bloquantes...
[2026-04-26 15:17:13.678] [INFO    ] [bot.screenshot] 📸 Screenshot guardado: D:\GITHUBB\bot_stake\dist\data\logs\screenshots\024_2026-04-26_151713_03_lobby_cargado.png
[2026-04-26 15:17:13.698] [DEBUG   ] [bot.screenshot] 📄 HTML source guardado: D:\GITHUBB\bot_stake\dist\data\logs\screenshots\024_2026-04-26_151713_03_lobby_cargado.html
[2026-04-26 15:17:13.698] [INFO    ] [bot.scanner] 👀 MODO ESPÍA ACTIVADO: Escaneando miniaturas...
[2026-04-26 15:17:13.701] [DEBUG   ] [bot.iframe]    ⏳ Esperando iframe principal (max 15s)...
[2026-04-26 15:17:13.751] [INFO    ] [bot.iframe]    ✅ Cambio a iframe #0 (class='game')
[2026-04-26 15:17:13.751] [DEBUG   ] [bot.iframe]    ⏳ Esperando iframe anidado o elementos del juego (max 15s)...
[2026-04-26 15:17:13.763] [INFO    ] [bot.iframe]    ✅ Elementos del juego encontrados en el iframe principal. No requiere anidado.
[2026-04-26 15:17:13.971] [INFO    ] [bot.screenshot] 📸 Screenshot guardado: D:\GITHUBB\bot_stake\dist\data\logs\screenshots\025_2026-04-26_151713_04_iframe_context.png
[2026-04-26 15:17:13.990] [DEBUG   ] [bot.screenshot] 📄 HTML source guardado: D:\GITHUBB\bot_stake\dist\data\logs\screenshots\025_2026-04-26_151713_04_iframe_context.html
[2026-04-26 15:17:15.990] [INFO    ] [bot.lobby] 🗺️  Escaneando IDs de mesas dinámicamente (modo robusto)...
[2026-04-26 15:17:15.998] [DEBUG   ] [bot.iframe]    ⏳ Esperando iframe principal (max 15s)...
[2026-04-26 15:17:16.132] [INFO    ] [bot.iframe]    ✅ Cambio a iframe #0 (class='game')
[2026-04-26 15:17:16.132] [DEBUG   ] [bot.iframe]    ⏳ Esperando iframe anidado o elementos del juego (max 15s)...
[2026-04-26 15:17:16.170] [INFO    ] [bot.iframe]    ✅ Elementos del juego encontrados en el iframe principal. No requiere anidado.
[2026-04-26 15:17:16.170] [DEBUG   ] [bot.lobby]    Bajando scroll en contenedor interno...
[2026-04-26 15:17:20.780] [INFO    ] [bot.lobby]    Encontrados 31 tiles totales. Escaneando uno por uno...
[2026-04-26 15:17:47.740] [INFO    ] [bot.lobby] 
   ID                             | TÍTULO
[2026-04-26 15:17:47.740] [INFO    ] [bot.lobby]    ------------------------------------------------------------
[2026-04-26 15:17:47.741] [INFO    ] [bot.lobby]    gatesofolympus01-2244          | Gates of Olympus Roulette
[2026-04-26 15:17:47.741] [INFO    ] [bot.lobby]    crystalroul00001-2501          | Crystal Roulette
[2026-04-26 15:17:47.741] [INFO    ] [bot.lobby]    rw321stakerws321-236           | Stake Roulette
[2026-04-26 15:17:47.741] [INFO    ] [bot.lobby]    roulerw234rwl292-234           | Ruleta Latina
[2026-04-26 15:17:47.741] [INFO    ] [bot.lobby]    1hl65ce1lxuqdrkr-204           | Mega Roulette
[2026-04-26 15:17:47.741] [INFO    ] [bot.lobby]    g03y1t9vvuhrfytl-227           | Roulette 1
[2026-04-26 15:17:47.741] [INFO    ] [bot.lobby]    yqpz3ichst2xg439-206           | Roulette Macao
[2026-04-26 15:17:47.741] [INFO    ] [bot.lobby]    powruprw1qm3xc25-240           | PowerUP Roulette
[2026-04-26 15:17:47.741] [INFO    ] [bot.lobby]    rwbrzportrwa16rg-237           | Brazilian Roulette
[2026-04-26 15:17:47.741] [INFO    ] [bot.lobby]    1hl323e1lxuqdrkr-210           | Auto Mega Roulette
[2026-04-26 15:17:47.741] [INFO    ] [bot.lobby]    chroma229rwltr22-230           | Roulette 3
[2026-04-26 15:17:47.742] [INFO    ] [bot.lobby]    fl9knouu0yjez2wi-203           | Speed Roulette 1
[2026-04-26 15:17:47.742] [INFO    ] [bot.lobby]    5kvxlw4c1qm3xcyn-201           | Roulette 2 Extra Time
[2026-04-26 15:17:47.742] [INFO    ] [bot.lobby]    megaroulette3k01-2901          | Mega Roulette 3000
[2026-04-26 15:17:47.742] [INFO    ] [bot.lobby]    5bzl2835s5ruvweg-225           | Auto Roulette
[2026-04-26 15:17:47.742] [INFO    ] [bot.lobby]    r20speedrtwo201s-205           | Speed Roulette 2
[2026-04-26 15:17:47.742] [INFO    ] [bot.lobby]    lucky6roulettea3-211a1         | Lucky 6 Roulette
[2026-04-26 15:17:47.742] [INFO    ] [bot.lobby]    geogamingh2rw545-545           | VIP Roulette
[2026-04-26 15:17:47.742] [INFO    ] [bot.lobby]    autorwra311autor-226           | Speed Auto Roulette
[2026-04-26 15:17:47.742] [INFO    ] [bot.lobby]    mrbras531mrbr532-287           | Brazilian Mega Roulette
[2026-04-26 15:17:47.742] [INFO    ] [bot.lobby]    ar25vipautorw251-266           | VIP Auto Roulette
[2026-04-26 15:17:47.742] [INFO    ] [bot.lobby]    privroulettegt01-28201         | Privé Lounge Roulette
[2026-04-26 15:17:47.742] [INFO    ] [bot.lobby]    privroudeluxgt01-28301         | Privé Lounge Roulette Deluxe
[2026-04-26 15:17:47.743] [INFO    ] [bot.lobby]    p8l1j84prrmxzyic-224           | Turkish Roulette
[2026-04-26 15:17:47.743] [INFO    ] [bot.lobby]    s2x6b4jdeqza2ge2-222           | German Roulette
[2026-04-26 15:17:47.743] [INFO    ] [bot.lobby]    t4jzencinod6iqwi-221           | Russian Roulette
[2026-04-26 15:17:47.743] [INFO    ] [bot.lobby]    v1c52fgw7yy02upz-223           | Roulette Italia Tricolore
[2026-04-26 15:17:47.743] [INFO    ] [bot.lobby]    romania233rwl291-233           | Romanian Roulette
[2026-04-26 15:17:47.743] [INFO    ] [bot.lobby]    megar0ul3tt3trk1-208           | Turkish Mega Roulette
[2026-04-26 15:17:47.743] [INFO    ] [bot.lobby]    greekchr11genric-297           | Greek Roulette
[2026-04-26 15:17:47.743] [INFO    ] [bot.lobby]    dutchrw235rwl293-235           | Dutch Roulette
[2026-04-26 15:17:47.743] [INFO    ] [bot.lobby]    ------------------------------------------------------------
[2026-04-26 15:17:47.743] [INFO    ] [bot.lobby]    ✅ Ruleta Latina: ID confirmado (roulerw234rwl292-234)
[2026-04-26 15:17:47.743] [INFO    ] [bot.lobby]    ✅ Mega Roulette: ID confirmado (1hl65ce1lxuqdrkr-204)
[2026-04-26 15:17:47.744] [INFO    ] [bot.lobby]    ✅ Brazilian Roulette: ID confirmado (rwbrzportrwa16rg-237)
[2026-04-26 15:17:47.744] [INFO    ] [bot.lobby]    ✅ Roulette 1: ID confirmado (g03y1t9vvuhrfytl-227)
[2026-04-26 15:17:47.744] [INFO    ] [bot.lobby]    ✅ Roulette 3: ID confirmado (chroma229rwltr22-230)
[2026-04-26 15:17:47.744] [INFO    ] [bot.lobby]    ✅ Roulette Macao: ID confirmado (yqpz3ichst2xg439-206)
[2026-04-26 15:17:47.744] [INFO    ] [bot.lobby]    ✅ Roulette 2 Extra Time: ID confirmado (5kvxlw4c1qm3xcyn-201)
[2026-04-26 15:17:47.744] [INFO    ] [bot.lobby]    ✅ Brazilian Mega Roulette: ID confirmado (mrbras531mrbr532-287)
[2026-04-26 15:17:47.744] [INFO    ] [bot.lobby]    ✅ Lucky 6 Roulette: ID confirmado (lucky6roulettea3-211a1)
[2026-04-26 15:17:47.744] [INFO    ] [bot.lobby]    ✅ Auto Roulette: ID confirmado (5bzl2835s5ruvweg-225)
[2026-04-26 15:17:47.744] [INFO    ] [bot.lobby]    ✅ Stake Roulette: ID confirmado (rw321stakerws321-236)
[2026-04-26 15:17:47.744] [INFO    ] [bot.lobby]    ✅ Turkish Roulette: ID confirmado (p8l1j84prrmxzyic-224)
[2026-04-26 15:17:47.745] [INFO    ] [bot.lobby]    ✅ German Roulette: ID confirmado (s2x6b4jdeqza2ge2-222)
[2026-04-26 15:17:47.745] [INFO    ] [bot.lobby]    ✅ Romanian Roulette: ID confirmado (romania233rwl291-233)
[2026-04-26 15:17:47.745] [INFO    ] [bot.lobby]    ✅ Roulette Italia Tricolore: ID confirmado (v1c52fgw7yy02upz-223)
[2026-04-26 15:17:47.745] [INFO    ] [bot.lobby]    ✅ Russian Roulette: ID confirmado (t4jzencinod6iqwi-221)
[2026-04-26 15:17:47.745] [INFO    ] [bot.lobby]    ✅ Dutch Roulette: ID confirmado (dutchrw235rwl293-235)
[2026-04-26 15:17:47.745] [INFO    ] [bot.lobby] 
✅ Mapeo completado. 17/17 mesas emparejadas.
[2026-04-26 15:17:47.893] [INFO    ] [bot.screenshot] 📸 Screenshot guardado: D:\GITHUBB\bot_stake\dist\data\logs\screenshots\026_2026-04-26_151747_05_mesas_mapeadas.png
[2026-04-26 15:17:47.912] [DEBUG   ] [bot.screenshot] 📄 HTML source guardado: D:\GITHUBB\bot_stake\dist\data\logs\screenshots\026_2026-04-26_151747_05_mesas_mapeadas.html
[2026-04-26 15:17:48.033] [DEBUG   ] [bot.scanner] 🔊 Audio keep-alive activado
[2026-04-26 15:17:48.033] [INFO    ] [bot.scanner] 📡 Comienza escaneo continuo...
[2026-04-26 15:17:48.885] [INFO    ] [bot.scanner] 🔥 Ruleta Latina: Nuevos -> [25, 19, 21, 31]
[2026-04-26 15:17:48.930] [DEBUG   ] [bot.scanner] TG check: Ruleta Latina Delays={'docena_1': 5, 'docena_2': 1, 'docena_3': 0, 'columna_1': 0, 'columna_2': 4, 'columna_3': 1}
[2026-04-26 15:17:49.510] [INFO    ] [bot.scanner] 🔥 Mega Roulette: Nuevos -> [16, 16, 34]
[2026-04-26 15:17:49.545] [DEBUG   ] [bot.scanner] TG check: Mega Roulette Delays={'docena_1': 4, 'docena_2': 1, 'docena_3': 0, 'columna_1': 0, 'columna_2': 8, 'columna_3': 3}
[2026-04-26 15:17:50.089] [INFO    ] [bot.scanner] 🔥 Brazilian Roulette: Nuevos -> [2, 34, 14, 35]
[2026-04-26 15:17:50.152] [DEBUG   ] [bot.scanner] TG check: Brazilian Roulette Delays={'docena_1': 3, 'docena_2': 1, 'docena_3': 0, 'columna_1': 2, 'columna_2': 0, 'columna_3': 7}
[2026-04-26 15:17:50.702] [INFO    ] [bot.scanner] 🔥 Roulette 1: Nuevos -> [5, 11, 29, 29]
[2026-04-26 15:17:50.753] [DEBUG   ] [bot.scanner] TG check: Roulette 1 Delays={'docena_1': 2, 'docena_2': 5, 'docena_3': 0, 'columna_1': 8, 'columna_2': 0, 'columna_3': 4}
[2026-04-26 15:17:51.303] [INFO    ] [bot.scanner] 🔥 Roulette 3: Nuevos -> [28, 16, 27, 11]
[2026-04-26 15:17:51.350] [DEBUG   ] [bot.scanner] TG check: Roulette 3 Delays={'docena_1': 0, 'docena_2': 2, 'docena_3': 1, 'columna_1': 2, 'columna_2': 0, 'columna_3': 1}
[2026-04-26 15:17:51.894] [INFO    ] [bot.scanner] 🔥 Roulette Macao: Nuevos -> [36, 18, 29, 17]
[2026-04-26 15:17:51.974] [DEBUG   ] [bot.scanner] TG check: Roulette Macao Delays={'docena_1': 5, 'docena_2': 0, 'docena_3': 1, 'columna_1': 12, 'columna_2': 0, 'columna_3': 2}
[2026-04-26 15:17:52.529] [INFO    ] [bot.scanner] 🔥 Roulette 2 Extra Time: Nuevos -> [30, 6, 3, 13]
[2026-04-26 15:17:52.600] [DEBUG   ] [bot.scanner] TG check: Roulette 2 Extra Time Delays={'docena_1': 1, 'docena_2': 0, 'docena_3': 3, 'columna_1': 0, 'columna_2': 5, 'columna_3': 1}
[2026-04-26 15:17:53.144] [INFO    ] [bot.scanner] 🔥 Brazilian Mega Roulette: Nuevos -> [9, 19, 2, 18]
[2026-04-26 15:17:53.195] [DEBUG   ] [bot.scanner] TG check: Brazilian Mega Roulette Delays={'docena_1': 1, 'docena_2': 0, 'docena_3': 4, 'columna_1': 2, 'columna_2': 1, 'columna_3': 0}
[2026-04-26 15:17:53.747] [INFO    ] [bot.scanner] 🔥 Lucky 6 Roulette: Nuevos -> [23, 32, 3, 2]
[2026-04-26 15:17:53.814] [DEBUG   ] [bot.scanner] TG check: Lucky 6 Roulette Delays={'docena_1': 0, 'docena_2': 3, 'docena_3': 2, 'columna_1': 7, 'columna_2': 0, 'columna_3': 1}
[2026-04-26 15:17:54.345] [INFO    ] [bot.scanner] 🔥 Auto Roulette: Nuevos -> [28, 27, 21, 8]
[2026-04-26 15:17:54.402] [DEBUG   ] [bot.scanner] TG check: Auto Roulette Delays={'docena_1': 0, 'docena_2': 1, 'docena_3': 2, 'columna_1': 3, 'columna_2': 0, 'columna_3': 1}
[2026-04-26 15:17:54.945] [INFO    ] [bot.scanner] 🔥 Stake Roulette: Nuevos -> [25, 10, 11, 20]
[2026-04-26 15:17:54.991] [DEBUG   ] [bot.scanner] TG check: Stake Roulette Delays={'docena_1': 1, 'docena_2': 0, 'docena_3': 3, 'columna_1': 2, 'columna_2': 0, 'columna_3': 10}
[2026-04-26 15:17:55.550] [INFO    ] [bot.scanner] 🔥 Turkish Roulette: Nuevos -> [1, 13, 28, 31]
[2026-04-26 15:17:55.602] [DEBUG   ] [bot.scanner] TG check: Turkish Roulette Delays={'docena_1': 3, 'docena_2': 2, 'docena_3': 0, 'columna_1': 0, 'columna_2': 11, 'columna_3': 8}
[2026-04-26 15:17:56.167] [INFO    ] [bot.scanner] 🔥 German Roulette: Nuevos -> [4, 9, 19, 8]
[2026-04-26 15:17:56.228] [DEBUG   ] [bot.scanner] TG check: German Roulette Delays={'docena_1': 0, 'docena_2': 1, 'docena_3': 12, 'columna_1': 1, 'columna_2': 0, 'columna_3': 2}
[2026-04-26 15:17:56.770] [INFO    ] [bot.scanner] 🔥 Romanian Roulette: Nuevos -> [32, 28, 11, 13]
[2026-04-26 15:17:56.825] [DEBUG   ] [bot.scanner] TG check: Romanian Roulette Delays={'docena_1': 1, 'docena_2': 0, 'docena_3': 2, 'columna_1': 0, 'columna_2': 1, 'columna_3': 4}
[2026-04-26 15:17:57.376] [INFO    ] [bot.scanner] 🔥 Roulette Italia Tricolore: Nuevos -> [27, 19, 21, 34]
[2026-04-26 15:17:57.420] [DEBUG   ] [bot.scanner] TG check: Roulette Italia Tricolore Delays={'docena_1': 6, 'docena_2': 1, 'docena_3': 0, 'columna_1': 0, 'columna_2': 9, 'columna_3': 1}
[2026-04-26 15:17:57.964] [INFO    ] [bot.scanner] 🔥 Russian Roulette: Nuevos -> [17, 21, 8, 36]
[2026-04-26 15:17:58.019] [DEBUG   ] [bot.scanner] TG check: Russian Roulette Delays={'docena_1': 1, 'docena_2': 2, 'docena_3': 0, 'columna_1': 4, 'columna_2': 1, 'columna_3': 0}
[2026-04-26 15:17:58.637] [INFO    ] [bot.scanner] 🔥 Dutch Roulette: Nuevos -> [18, 3, 3, 29]
[2026-04-26 15:17:58.684] [DEBUG   ] [bot.scanner] TG check: Dutch Roulette Delays={'docena_1': 1, 'docena_2': 3, 'docena_3': 0, 'columna_1': 6, 'columna_2': 0, 'columna_3': 1}
[2026-04-26 15:18:00.584] [INFO    ] [bot.scanner] 🔥 Mega Roulette: Nuevos -> [36]
[2026-04-26 15:18:00.598] [DEBUG   ] [bot.scanner] TG check: Mega Roulette Delays={'docena_1': 5, 'docena_2': 2, 'docena_3': 0, 'columna_1': 1, 'columna_2': 9, 'columna_3': 0}
[2026-04-26 15:18:07.751] [INFO    ] [bot.scanner] 🔥 Roulette Italia Tricolore: Nuevos -> [24]
[2026-04-26 15:18:07.771] [DEBUG   ] [bot.scanner] TG check: Roulette Italia Tricolore Delays={'docena_1': 7, 'docena_2': 0, 'docena_3': 1, 'columna_1': 1, 'columna_2': 10, 'columna_3': 0}
[2026-04-26 15:18:13.520] [INFO    ] [bot.scanner] 🔥 Roulette 2 Extra Time: Nuevos -> [1]
[2026-04-26 15:18:13.542] [DEBUG   ] [bot.scanner] TG check: Roulette 2 Extra Time Delays={'docena_1': 0, 'docena_2': 1, 'docena_3': 4, 'columna_1': 0, 'columna_2': 6, 'columna_3': 2}
[2026-04-26 15:18:15.137] [INFO    ] [bot.scanner] 🔥 Auto Roulette: Nuevos -> [6]
[2026-04-26 15:18:15.152] [DEBUG   ] [bot.scanner] TG check: Auto Roulette Delays={'docena_1': 0, 'docena_2': 2, 'docena_3': 3, 'columna_1': 4, 'columna_2': 1, 'columna_3': 0}
[2026-04-26 15:18:19.017] [INFO    ] [bot.scanner] 🔥 Dutch Roulette: Nuevos -> [4]
[2026-04-26 15:18:19.038] [DEBUG   ] [bot.scanner] TG check: Dutch Roulette Delays={'docena_1': 0, 'docena_2': 4, 'docena_3': 1, 'columna_1': 0, 'columna_2': 1, 'columna_3': 2}
[2026-04-26 15:18:20.408] [INFO    ] [bot.scanner] 🔥 Ruleta Latina: Nuevos -> [1]
[2026-04-26 15:18:20.420] [DEBUG   ] [bot.scanner] TG check: Ruleta Latina Delays={'docena_1': 0, 'docena_2': 2, 'docena_3': 1, 'columna_1': 0, 'columna_2': 5, 'columna_3': 2}
[2026-04-26 15:18:21.588] [INFO    ] [bot.scanner] 🔥 Brazilian Roulette: Nuevos -> [4]
[2026-04-26 15:18:21.600] [DEBUG   ] [bot.scanner] TG check: Brazilian Roulette Delays={'docena_1': 0, 'docena_2': 2, 'docena_3': 1, 'columna_1': 0, 'columna_2': 1, 'columna_3': 8}
[2026-04-26 15:18:22.674] [INFO    ] [bot.scanner] 🔥 Roulette 3: Nuevos -> [20]
[2026-04-26 15:18:22.684] [DEBUG   ] [bot.scanner] TG check: Roulette 3 Delays={'docena_1': 1, 'docena_2': 0, 'docena_3': 2, 'columna_1': 3, 'columna_2': 0, 'columna_3': 2}
[2026-04-26 15:18:23.208] [INFO    ] [bot.scanner] 🔥 Roulette Macao: Nuevos -> [8]
[2026-04-26 15:18:23.218] [DEBUG   ] [bot.scanner] TG check: Roulette Macao Delays={'docena_1': 0, 'docena_2': 1, 'docena_3': 2, 'columna_1': 13, 'columna_2': 0, 'columna_3': 3}
[2026-04-26 15:18:24.324] [INFO    ] [bot.scanner] 🔥 Brazilian Mega Roulette: Nuevos -> [35]
[2026-04-26 15:18:24.339] [DEBUG   ] [bot.scanner] TG check: Brazilian Mega Roulette Delays={'docena_1': 2, 'docena_2': 1, 'docena_3': 0, 'columna_1': 3, 'columna_2': 0, 'columna_3': 1}
[2026-04-26 15:18:24.868] [INFO    ] [bot.scanner] 🔥 Lucky 6 Roulette: Nuevos -> [3]
[2026-04-26 15:18:24.878] [DEBUG   ] [bot.scanner] TG check: Lucky 6 Roulette Delays={'docena_1': 0, 'docena_2': 4, 'docena_3': 3, 'columna_1': 8, 'columna_2': 1, 'columna_3': 0}
[2026-04-26 15:18:25.965] [INFO    ] [bot.scanner] 🔥 Stake Roulette: Nuevos -> [19]
[2026-04-26 15:18:25.983] [DEBUG   ] [bot.scanner] TG check: Stake Roulette Delays={'docena_1': 2, 'docena_2': 0, 'docena_3': 4, 'columna_1': 0, 'columna_2': 1, 'columna_3': 11}
[2026-04-26 15:18:26.518] [INFO    ] [bot.scanner] 🔥 Turkish Roulette: Nuevos -> [13]
[2026-04-26 15:18:26.533] [DEBUG   ] [bot.scanner] TG check: Turkish Roulette Delays={'docena_1': 4, 'docena_2': 0, 'docena_3': 1, 'columna_1': 0, 'columna_2': 12, 'columna_3': 9}
[2026-04-26 15:18:27.057] [INFO    ] [bot.scanner] 🔥 German Roulette: Nuevos -> [30]
[2026-04-26 15:18:27.071] [DEBUG   ] [bot.scanner] TG check: German Roulette Delays={'docena_1': 1, 'docena_2': 2, 'docena_3': 0, 'columna_1': 2, 'columna_2': 1, 'columna_3': 0}
[2026-04-26 15:18:27.598] [INFO    ] [bot.scanner] 🔥 Romanian Roulette: Nuevos -> [4]
[2026-04-26 15:18:27.612] [DEBUG   ] [bot.scanner] TG check: Romanian Roulette Delays={'docena_1': 0, 'docena_2': 1, 'docena_3': 3, 'columna_1': 0, 'columna_2': 2, 'columna_3': 5}
[2026-04-26 15:18:28.696] [INFO    ] [bot.scanner] 🔥 Russian Roulette: Nuevos -> [33]
[2026-04-26 15:18:28.713] [DEBUG   ] [bot.scanner] TG check: Russian Roulette Delays={'docena_1': 2, 'docena_2': 3, 'docena_3': 0, 'columna_1': 5, 'columna_2': 2, 'columna_3': 0}
[2026-04-26 15:18:32.294] [INFO    ] [bot.scanner] 🔥 Roulette 1: Nuevos -> [24]
[2026-04-26 15:18:32.324] [DEBUG   ] [bot.scanner] TG check: Roulette 1 Delays={'docena_1': 3, 'docena_2': 0, 'docena_3': 1, 'columna_1': 9, 'columna_2': 1, 'columna_3': 0}
[2026-04-26 15:18:41.528] [INFO    ] [bot.scanner] 🔥 Mega Roulette: Nuevos -> [30]
[2026-04-26 15:18:41.546] [DEBUG   ] [bot.scanner] TG check: Mega Roulette Delays={'docena_1': 6, 'docena_2': 3, 'docena_3': 0, 'columna_1': 2, 'columna_2': 10, 'columna_3': 0}
[2026-04-26 15:18:48.652] [INFO    ] [bot.scanner] 🔥 Roulette Italia Tricolore: Nuevos -> [25]
[2026-04-26 15:18:48.670] [DEBUG   ] [bot.scanner] TG check: Roulette Italia Tricolore Delays={'docena_1': 8, 'docena_2': 1, 'docena_3': 0, 'columna_1': 0, 'columna_2': 11, 'columna_3': 1}
[2026-04-26 15:18:49.738] [INFO    ] [bot.scanner] 🔥 Dutch Roulette: Nuevos -> [31]
[2026-04-26 15:18:49.754] [DEBUG   ] [bot.scanner] TG check: Dutch Roulette Delays={'docena_1': 1, 'docena_2': 5, 'docena_3': 0, 'columna_1': 0, 'columna_2': 2, 'columna_3': 3}
[2026-04-26 15:18:54.324] [INFO    ] [bot.scanner] 🔥 Roulette 2 Extra Time: Nuevos -> [8]
[2026-04-26 15:18:54.339] [DEBUG   ] [bot.scanner] TG check: Roulette 2 Extra Time Delays={'docena_1': 0, 'docena_2': 2, 'docena_3': 5, 'columna_1': 1, 'columna_2': 0, 'columna_3': 3}
[2026-04-26 15:18:55.936] [INFO    ] [bot.scanner] 🔥 Auto Roulette: Nuevos -> [25]
[2026-04-26 15:18:55.953] [DEBUG   ] [bot.scanner] TG check: Auto Roulette Delays={'docena_1': 1, 'docena_2': 3, 'docena_3': 0, 'columna_1': 0, 'columna_2': 2, 'columna_3': 1}
[2026-04-26 15:18:58.077] [INFO    ] [bot.scanner] 🔥 Romanian Roulette: Nuevos -> [16]
[2026-04-26 15:18:58.088] [DEBUG   ] [bot.scanner] TG check: Romanian Roulette Delays={'docena_1': 1, 'docena_2': 0, 'docena_3': 4, 'columna_1': 0, 'columna_2': 3, 'columna_3': 6}
[2026-04-26 15:18:59.149] [INFO    ] [bot.scanner] 🔥 Russian Roulette: Nuevos -> [19]
[2026-04-26 15:18:59.160] [DEBUG   ] [bot.scanner] TG check: Russian Roulette Delays={'docena_1': 3, 'docena_2': 0, 'docena_3': 1, 'columna_1': 0, 'columna_2': 3, 'columna_3': 1}
[2026-04-26 15:19:01.190] [INFO    ] [bot.scanner] 🔥 Ruleta Latina: Nuevos -> [20]
[2026-04-26 15:19:01.201] [DEBUG   ] [bot.scanner] TG check: Ruleta Latina Delays={'docena_1': 1, 'docena_2': 0, 'docena_3': 2, 'columna_1': 1, 'columna_2': 0, 'columna_3': 3}
[2026-04-26 15:19:02.330] [INFO    ] [bot.scanner] 🔥 Brazilian Roulette: Nuevos -> [23]
[2026-04-26 15:19:02.344] [DEBUG   ] [bot.scanner] TG check: Brazilian Roulette Delays={'docena_1': 1, 'docena_2': 0, 'docena_3': 2, 'columna_1': 1, 'columna_2': 0, 'columna_3': 9}
[2026-04-26 15:19:03.434] [INFO    ] [bot.scanner] 🔥 Roulette 3: Nuevos -> [22]
[2026-04-26 15:19:03.461] [DEBUG   ] [bot.scanner] TG check: Roulette 3 Delays={'docena_1': 2, 'docena_2': 0, 'docena_3': 3, 'columna_1': 0, 'columna_2': 1, 'columna_3': 3}
[2026-04-26 15:19:04.007] [INFO    ] [bot.scanner] 🔥 Roulette Macao: Nuevos -> [2]
[2026-04-26 15:19:04.034] [DEBUG   ] [bot.scanner] TG check: Roulette Macao Delays={'docena_1': 0, 'docena_2': 2, 'docena_3': 3, 'columna_1': 14, 'columna_2': 0, 'columna_3': 4}
[2026-04-26 15:19:05.110] [INFO    ] [bot.scanner] 🔥 Brazilian Mega Roulette: Nuevos -> [10]
[2026-04-26 15:19:05.127] [DEBUG   ] [bot.scanner] TG check: Brazilian Mega Roulette Delays={'docena_1': 0, 'docena_2': 2, 'docena_3': 1, 'columna_1': 0, 'columna_2': 1, 'columna_3': 2}
[2026-04-26 15:19:05.671] [INFO    ] [bot.scanner] 🔥 Lucky 6 Roulette: Nuevos -> [10]
[2026-04-26 15:19:05.688] [DEBUG   ] [bot.scanner] TG check: Lucky 6 Roulette Delays={'docena_1': 0, 'docena_2': 5, 'docena_3': 4, 'columna_1': 0, 'columna_2': 2, 'columna_3': 1}
[2026-04-26 15:19:06.775] [INFO    ] [bot.scanner] 🔥 Stake Roulette: Nuevos -> [36]
[2026-04-26 15:19:06.788] [DEBUG   ] [bot.scanner] TG check: Stake Roulette Delays={'docena_1': 3, 'docena_2': 1, 'docena_3': 0, 'columna_1': 1, 'columna_2': 2, 'columna_3': 0}
[2026-04-26 15:19:07.316] [INFO    ] [bot.scanner] 🔥 Turkish Roulette: Nuevos -> [3]
[2026-04-26 15:19:07.328] [DEBUG   ] [bot.scanner] TG check: Turkish Roulette Delays={'docena_1': 0, 'docena_2': 1, 'docena_3': 2, 'columna_1': 1, 'columna_2': 13, 'columna_3': 0}
[2026-04-26 15:19:07.872] [INFO    ] [bot.scanner] 🔥 German Roulette: Nuevos -> [24]
[2026-04-26 15:19:07.902] [DEBUG   ] [bot.scanner] TG check: German Roulette Delays={'docena_1': 2, 'docena_2': 0, 'docena_3': 1, 'columna_1': 3, 'columna_2': 2, 'columna_3': 0}
[2026-04-26 15:19:11.996] [INFO    ] [bot.scanner] 🔥 Mega Roulette: Nuevos -> [6]
[2026-04-26 15:19:12.009] [DEBUG   ] [bot.scanner] TG check: Mega Roulette Delays={'docena_1': 0, 'docena_2': 4, 'docena_3': 1, 'columna_1': 3, 'columna_2': 11, 'columna_3': 0}
[2026-04-26 15:19:13.082] [INFO    ] [bot.scanner] 🔥 Roulette 1: Nuevos -> [22]
[2026-04-26 15:19:13.098] [DEBUG   ] [bot.scanner] TG check: Roulette 1 Delays={'docena_1': 4, 'docena_2': 0, 'docena_3': 2, 'columna_1': 0, 'columna_2': 2, 'columna_3': 1}
[2026-04-26 15:19:29.092] [INFO    ] [bot.scanner] 🔥 Roulette Italia Tricolore: Nuevos -> [18]
[2026-04-26 15:19:29.112] [DEBUG   ] [bot.scanner] TG check: Roulette Italia Tricolore Delays={'docena_1': 9, 'docena_2': 0, 'docena_3': 1, 'columna_1': 1, 'columna_2': 12, 'columna_3': 0}
[2026-04-26 15:19:30.169] [INFO    ] [bot.scanner] 🔥 Dutch Roulette: Nuevos -> [25]
[2026-04-26 15:19:30.182] [DEBUG   ] [bot.scanner] TG check: Dutch Roulette Delays={'docena_1': 2, 'docena_2': 6, 'docena_3': 0, 'columna_1': 0, 'columna_2': 3, 'columna_3': 4}
[2026-04-26 15:19:31.518] [INFO    ] [bot.scanner] 🔥 Ruleta Latina: Nuevos -> [0]
[2026-04-26 15:19:31.529] [DEBUG   ] [bot.scanner] TG check: Ruleta Latina Delays={'docena_1': 2, 'docena_2': 1, 'docena_3': 3, 'columna_1': 2, 'columna_2': 1, 'columna_3': 4}
[2026-04-26 15:19:32.577] [INFO    ] [bot.scanner] 🔥 Brazilian Roulette: Nuevos -> [35]
[2026-04-26 15:19:32.588] [DEBUG   ] [bot.scanner] TG check: Brazilian Roulette Delays={'docena_1': 2, 'docena_2': 1, 'docena_3': 0, 'columna_1': 2, 'columna_2': 0, 'columna_3': 10}
[2026-04-26 15:19:34.169] [INFO    ] [bot.scanner] 🔥 Roulette Macao: Nuevos -> [11]
[2026-04-26 15:19:35.358] [DEBUG   ] [bot.scanner] TG check: Roulette Macao Delays={'docena_1': 0, 'docena_2': 3, 'docena_3': 4, 'columna_1': 15, 'columna_2': 0, 'columna_3': 5}
[2026-04-26 15:19:35.926] [INFO    ] [bot.scanner] 🔥 Roulette 2 Extra Time: Nuevos -> [13]
[2026-04-26 15:19:35.941] [DEBUG   ] [bot.scanner] TG check: Roulette 2 Extra Time Delays={'docena_1': 1, 'docena_2': 0, 'docena_3': 6, 'columna_1': 0, 'columna_2': 1, 'columna_3': 4}
[2026-04-26 15:19:37.577] [INFO    ] [bot.scanner] 🔥 Auto Roulette: Nuevos -> [28]
[2026-04-26 15:19:37.591] [DEBUG   ] [bot.scanner] TG check: Auto Roulette Delays={'docena_1': 2, 'docena_2': 4, 'docena_3': 0, 'columna_1': 0, 'columna_2': 3, 'columna_3': 2}
[2026-04-26 15:19:39.729] [INFO    ] [bot.scanner] 🔥 Romanian Roulette: Nuevos -> [5]
[2026-04-26 15:19:39.747] [DEBUG   ] [bot.scanner] TG check: Romanian Roulette Delays={'docena_1': 0, 'docena_2': 1, 'docena_3': 5, 'columna_1': 1, 'columna_2': 0, 'columna_3': 7}
[2026-04-26 15:19:40.851] [INFO    ] [bot.scanner] 🔥 Russian Roulette: Nuevos -> [24]
[2026-04-26 15:19:40.863] [DEBUG   ] [bot.scanner] TG check: Russian Roulette Delays={'docena_1': 4, 'docena_2': 0, 'docena_3': 2, 'columna_1': 1, 'columna_2': 4, 'columna_3': 0}
[2026-04-26 15:19:44.944] [INFO    ] [bot.scanner] 🔥 Roulette 3: Nuevos -> [36]
[2026-04-26 15:19:44.977] [DEBUG   ] [bot.scanner] TG check: Roulette 3 Delays={'docena_1': 3, 'docena_2': 1, 'docena_3': 0, 'columna_1': 1, 'columna_2': 2, 'columna_3': 0}
[2026-04-26 15:19:46.640] [INFO    ] [bot.scanner] 🔥 Brazilian Mega Roulette: Nuevos -> [24]
[2026-04-26 15:19:46.656] [DEBUG   ] [bot.scanner] TG check: Brazilian Mega Roulette Delays={'docena_1': 1, 'docena_2': 0, 'docena_3': 2, 'columna_1': 1, 'columna_2': 2, 'columna_3': 0}
[2026-04-26 15:19:47.207] [INFO    ] [bot.scanner] 🔥 Lucky 6 Roulette: Nuevos -> [29]
[2026-04-26 15:19:47.231] [DEBUG   ] [bot.scanner] TG check: Lucky 6 Roulette Delays={'docena_1': 1, 'docena_2': 6, 'docena_3': 0, 'columna_1': 1, 'columna_2': 0, 'columna_3': 2}
[2026-04-26 15:19:48.295] [INFO    ] [bot.scanner] 🔥 Stake Roulette: Nuevos -> [20]
[2026-04-26 15:19:48.307] [DEBUG   ] [bot.scanner] TG check: Stake Roulette Delays={'docena_1': 4, 'docena_2': 0, 'docena_3': 1, 'columna_1': 2, 'columna_2': 0, 'columna_3': 1}
[2026-04-26 15:19:48.832] [INFO    ] [bot.scanner] 🔥 Turkish Roulette: Nuevos -> [22]
[2026-04-26 15:19:48.843] [DEBUG   ] [bot.scanner] TG check: Turkish Roulette Delays={'docena_1': 1, 'docena_2': 0, 'docena_3': 3, 'columna_1': 0, 'columna_2': 14, 'columna_3': 1}
[2026-04-26 15:19:49.390] [INFO    ] [bot.scanner] 🔥 German Roulette: Nuevos -> [22]
[2026-04-26 15:19:49.433] [DEBUG   ] [bot.scanner] TG check: German Roulette Delays={'docena_1': 3, 'docena_2': 0, 'docena_3': 2, 'columna_1': 0, 'columna_2': 3, 'columna_3': 1}
[2026-04-26 15:19:53.806] [INFO    ] [bot.scanner] 🔥 Mega Roulette: Nuevos -> [22]
[2026-04-26 15:19:53.824] [DEBUG   ] [bot.scanner] TG check: Mega Roulette Delays={'docena_1': 1, 'docena_2': 0, 'docena_3': 2, 'columna_1': 0, 'columna_2': 12, 'columna_3': 1}
[2026-04-26 15:19:54.906] [INFO    ] [bot.scanner] 🔥 Roulette 1: Nuevos -> [11]
[2026-04-26 15:19:54.925] [DEBUG   ] [bot.scanner] TG check: Roulette 1 Delays={'docena_1': 0, 'docena_2': 1, 'docena_3': 3, 'columna_1': 1, 'columna_2': 0, 'columna_3': 2}
[2026-04-26 15:20:00.966] [INFO    ] [bot.scanner] 🔥 Roulette Italia Tricolore: Nuevos -> [14]
[2026-04-26 15:20:00.987] [DEBUG   ] [bot.scanner] TG check: Roulette Italia Tricolore Delays={'docena_1': 10, 'docena_2': 0, 'docena_3': 2, 'columna_1': 2, 'columna_2': 0, 'columna_3': 1}
[2026-04-26 15:20:08.331] [INFO    ] [bot.scanner] 🔥 Auto Roulette: Nuevos -> [29]
[2026-04-26 15:20:08.342] [DEBUG   ] [bot.scanner] TG check: Auto Roulette Delays={'docena_1': 3, 'docena_2': 5, 'docena_3': 0, 'columna_1': 1, 'columna_2': 0, 'columna_3': 3}
[2026-04-26 15:20:10.478] [INFO    ] [bot.scanner] 🔥 Romanian Roulette: Nuevos -> [4]
[2026-04-26 15:20:10.501] [DEBUG   ] [bot.scanner] TG check: Romanian Roulette Delays={'docena_1': 0, 'docena_2': 2, 'docena_3': 6, 'columna_1': 0, 'columna_2': 1, 'columna_3': 8}
[2026-04-26 15:20:12.100] [INFO    ] [bot.scanner] 🔥 Dutch Roulette: Nuevos -> [18]
[2026-04-26 15:20:12.112] [DEBUG   ] [bot.scanner] TG check: Dutch Roulette Delays={'docena_1': 3, 'docena_2': 0, 'docena_3': 1, 'columna_1': 1, 'columna_2': 4, 'columna_3': 0}
[2026-04-26 15:20:13.455] [INFO    ] [bot.scanner] 🔥 Ruleta Latina: Nuevos -> [23]
[2026-04-26 15:20:13.470] [DEBUG   ] [bot.scanner] TG check: Ruleta Latina Delays={'docena_1': 3, 'docena_2': 0, 'docena_3': 4, 'columna_1': 3, 'columna_2': 0, 'columna_3': 5}
[2026-04-26 15:20:14.529] [INFO    ] [bot.scanner] 🔥 Brazilian Roulette: Nuevos -> [22]
[2026-04-26 15:20:14.547] [DEBUG   ] [bot.scanner] TG check: Brazilian Roulette Delays={'docena_1': 3, 'docena_2': 0, 'docena_3': 1, 'columna_1': 0, 'columna_2': 1, 'columna_3': 11}
[2026-04-26 15:20:16.179] [INFO    ] [bot.scanner] 🔥 Roulette Macao: Nuevos -> [33]
[2026-04-26 15:20:16.197] [DEBUG   ] [bot.scanner] TG check: Roulette Macao Delays={'docena_1': 1, 'docena_2': 4, 'docena_3': 0, 'columna_1': 16, 'columna_2': 1, 'columna_3': 0}
[2026-04-26 15:20:16.726] [INFO    ] [bot.scanner] 🔥 Roulette 2 Extra Time: Nuevos -> [7]
[2026-04-26 15:20:16.740] [DEBUG   ] [bot.scanner] TG check: Roulette 2 Extra Time Delays={'docena_1': 0, 'docena_2': 1, 'docena_3': 7, 'columna_1': 0, 'columna_2': 2, 'columna_3': 5}
[2026-04-26 15:20:17.264] [INFO    ] [bot.scanner] 🔥 Brazilian Mega Roulette: Nuevos -> [21]
[2026-04-26 15:20:17.278] [DEBUG   ] [bot.scanner] TG check: Brazilian Mega Roulette Delays={'docena_1': 2, 'docena_2': 0, 'docena_3': 3, 'columna_1': 2, 'columna_2': 3, 'columna_3': 0}
[2026-04-26 15:20:21.642] [INFO    ] [bot.scanner] 🔥 Russian Roulette: Nuevos -> [33]
[2026-04-26 15:20:21.655] [DEBUG   ] [bot.scanner] TG check: Russian Roulette Delays={'docena_1': 5, 'docena_2': 1, 'docena_3': 0, 'columna_1': 2, 'columna_2': 5, 'columna_3': 0}
[2026-04-26 15:20:25.756] [INFO    ] [bot.scanner] 🔥 Roulette 3: Nuevos -> [16]
[2026-04-26 15:20:25.768] [DEBUG   ] [bot.scanner] TG check: Roulette 3 Delays={'docena_1': 4, 'docena_2': 0, 'docena_3': 1, 'columna_1': 0, 'columna_2': 3, 'columna_3': 1}
[2026-04-26 15:20:29.027] [INFO    ] [bot.scanner] 🔥 Stake Roulette: Nuevos -> [4]
[2026-04-26 15:20:29.039] [DEBUG   ] [bot.scanner] TG check: Stake Roulette Delays={'docena_1': 0, 'docena_2': 1, 'docena_3': 2, 'columna_1': 0, 'columna_2': 1, 'columna_3': 2}
[2026-04-26 15:20:29.567] [INFO    ] [bot.scanner] 🔥 Turkish Roulette: Nuevos -> [7]
[2026-04-26 15:20:31.149] [DEBUG   ] [bot.scanner] TG check: Turkish Roulette Delays={'docena_1': 0, 'docena_2': 1, 'docena_3': 4, 'columna_1': 0, 'columna_2': 15, 'columna_3': 2}
[2026-04-26 15:20:31.710] [INFO    ] [bot.scanner] 🔥 German Roulette: Nuevos -> [27]
[2026-04-26 15:20:31.725] [DEBUG   ] [bot.scanner] TG check: German Roulette Delays={'docena_1': 4, 'docena_2': 1, 'docena_3': 0, 'columna_1': 1, 'columna_2': 4, 'columna_3': 0}
[2026-04-26 15:20:35.747] [INFO    ] [bot.scanner] 🔥 Mega Roulette: Nuevos -> [28]
[2026-04-26 15:20:35.769] [DEBUG   ] [bot.scanner] TG check: Mega Roulette Delays={'docena_1': 2, 'docena_2': 1, 'docena_3': 0, 'columna_1': 0, 'columna_2': 13, 'columna_3': 2}
[2026-04-26 15:20:36.864] [INFO    ] [bot.scanner] 🔥 Roulette 1: Nuevos -> [27]
[2026-04-26 15:20:36.876] [DEBUG   ] [bot.scanner] TG check: Roulette 1 Delays={'docena_1': 1, 'docena_2': 2, 'docena_3': 0, 'columna_1': 2, 'columna_2': 1, 'columna_3': 0}
[2026-04-26 15:20:39.880] [INFO    ] [bot.scanner] 🔥 Lucky 6 Roulette: Nuevos -> [35]
[2026-04-26 15:20:39.902] [DEBUG   ] [bot.scanner] TG check: Lucky 6 Roulette Delays={'docena_1': 2, 'docena_2': 7, 'docena_3': 0, 'columna_1': 2, 'columna_2': 0, 'columna_3': 3}
[2026-04-26 15:20:43.301] [INFO    ] [bot.scanner] 🔥 Roulette Italia Tricolore: Nuevos -> [21]
[2026-04-26 15:20:43.312] [DEBUG   ] [bot.scanner] TG check: Roulette Italia Tricolore Delays={'docena_1': 11, 'docena_2': 0, 'docena_3': 3, 'columna_1': 3, 'columna_2': 1, 'columna_3': 0}
[2026-04-26 15:20:44.413] [INFO    ] [bot.scanner] 🔥 Dutch Roulette: Nuevos -> [23]
[2026-04-26 15:20:44.423] [DEBUG   ] [bot.scanner] TG check: Dutch Roulette Delays={'docena_1': 4, 'docena_2': 0, 'docena_3': 2, 'columna_1': 2, 'columna_2': 0, 'columna_3': 1}
[2026-04-26 15:20:45.796] [INFO    ] [bot.scanner] 🔥 Ruleta Latina: Nuevos -> [11]
[2026-04-26 15:20:45.807] [DEBUG   ] [bot.scanner] TG check: Ruleta Latina Delays={'docena_1': 0, 'docena_2': 1, 'docena_3': 5, 'columna_1': 4, 'columna_2': 0, 'columna_3': 6}
[2026-04-26 15:20:48.519] [INFO    ] [bot.scanner] 🔥 Roulette Macao: Nuevos -> [7]
[2026-04-26 15:20:48.538] [DEBUG   ] [bot.scanner] TG check: Roulette Macao Delays={'docena_1': 0, 'docena_2': 5, 'docena_3': 1, 'columna_1': 0, 'columna_2': 2, 'columna_3': 1}
[2026-04-26 15:20:50.724] [INFO    ] [bot.scanner] 🔥 Auto Roulette: Nuevos -> [1]
[2026-04-26 15:20:50.750] [DEBUG   ] [bot.scanner] TG check: Auto Roulette Delays={'docena_1': 0, 'docena_2': 6, 'docena_3': 1, 'columna_1': 0, 'columna_2': 1, 'columna_3': 4}
[2026-04-26 15:20:53.198] [INFO    ] [bot.scanner] 🔥 Romanian Roulette: Nuevos -> [11]
[2026-04-26 15:20:53.214] [DEBUG   ] [bot.scanner] TG check: Romanian Roulette Delays={'docena_1': 0, 'docena_2': 3, 'docena_3': 7, 'columna_1': 1, 'columna_2': 0, 'columna_3': 9}
[2026-04-26 15:20:54.279] [INFO    ] [bot.scanner] 🔥 Russian Roulette: Nuevos -> [32]
[2026-04-26 15:20:54.291] [DEBUG   ] [bot.scanner] TG check: Russian Roulette Delays={'docena_1': 6, 'docena_2': 2, 'docena_3': 0, 'columna_1': 3, 'columna_2': 0, 'columna_3': 1}
[2026-04-26 15:20:57.268] [INFO    ] [bot.scanner] 🔥 Brazilian Roulette: Nuevos -> [32]
[2026-04-26 15:20:57.282] [DEBUG   ] [bot.scanner] TG check: Brazilian Roulette Delays={'docena_1': 4, 'docena_2': 1, 'docena_3': 0, 'columna_1': 1, 'columna_2': 0, 'columna_3': 12}
[2026-04-26 15:20:59.496] [INFO    ] [bot.scanner] 🔥 Roulette 2 Extra Time: Nuevos -> [0]
[2026-04-26 15:20:59.507] [DEBUG   ] [bot.scanner] TG check: Roulette 2 Extra Time Delays={'docena_1': 1, 'docena_2': 2, 'docena_3': 8, 'columna_1': 1, 'columna_2': 3, 'columna_3': 6}
[2026-04-26 15:21:00.152] [INFO    ] [bot.scanner] 🔥 Brazilian Mega Roulette: Nuevos -> [30]
[2026-04-26 15:21:00.164] [DEBUG   ] [bot.scanner] TG check: Brazilian Mega Roulette Delays={'docena_1': 3, 'docena_2': 1, 'docena_3': 0, 'columna_1': 3, 'columna_2': 4, 'columna_3': 0}
[2026-04-26 15:21:01.797] [INFO    ] [bot.scanner] 🔥 Stake Roulette: Nuevos -> [36]
[2026-04-26 15:21:01.812] [DEBUG   ] [bot.scanner] TG check: Stake Roulette Delays={'docena_1': 1, 'docena_2': 2, 'docena_3': 0, 'columna_1': 1, 'columna_2': 2, 'columna_3': 0}
[2026-04-26 15:21:08.553] [INFO    ] [bot.scanner] 🔥 Roulette 3: Nuevos -> [34]
[2026-04-26 15:21:08.568] [DEBUG   ] [bot.scanner] TG check: Roulette 3 Delays={'docena_1': 5, 'docena_2': 1, 'docena_3': 0, 'columna_1': 0, 'columna_2': 4, 'columna_3': 2}
[2026-04-26 15:21:10.792] [INFO    ] [bot.scanner] 🔥 Lucky 6 Roulette: Nuevos -> [16]
[2026-04-26 15:21:10.805] [DEBUG   ] [bot.scanner] TG check: Lucky 6 Roulette Delays={'docena_1': 3, 'docena_2': 0, 'docena_3': 1, 'columna_1': 0, 'columna_2': 1, 'columna_3': 4}
[2026-04-26 15:21:12.408] [INFO    ] [bot.scanner] 🔥 Turkish Roulette: Nuevos -> [5]
[2026-04-26 15:21:12.420] [DEBUG   ] [bot.scanner] TG check: Turkish Roulette Delays={'docena_1': 0, 'docena_2': 2, 'docena_3': 5, 'columna_1': 1, 'columna_2': 0, 'columna_3': 3}
[2026-04-26 15:21:18.179] [INFO    ] [bot.scanner] 🔥 Roulette 1: Nuevos -> [34]
[2026-04-26 15:21:18.193] [DEBUG   ] [bot.scanner] TG check: Roulette 1 Delays={'docena_1': 2, 'docena_2': 3, 'docena_3': 0, 'columna_1': 0, 'columna_2': 2, 'columna_3': 1}
[2026-04-26 15:21:19.261] [INFO    ] [bot.scanner] 🔥 Roulette Macao: Nuevos -> [36]
[2026-04-26 15:21:19.289] [DEBUG   ] [bot.scanner] TG check: Roulette Macao Delays={'docena_1': 1, 'docena_2': 6, 'docena_3': 0, 'columna_1': 1, 'columna_2': 3, 'columna_3': 0}
[2026-04-26 15:21:23.054] [INFO    ] [bot.scanner] 🔥 German Roulette: Nuevos -> [7]
[2026-04-26 15:21:23.068] [DEBUG   ] [bot.scanner] TG check: German Roulette Delays={'docena_1': 0, 'docena_2': 2, 'docena_3': 1, 'columna_1': 0, 'columna_2': 5, 'columna_3': 1}
[2026-04-26 15:21:23.663] [INFO    ] [bot.scanner] 🔥 Romanian Roulette: Nuevos -> [11]
[2026-04-26 15:21:23.689] [DEBUG   ] [bot.scanner] TG check: Romanian Roulette Delays={'docena_1': 0, 'docena_2': 4, 'docena_3': 8, 'columna_1': 2, 'columna_2': 0, 'columna_3': 10}
[2026-04-26 15:21:24.238] [INFO    ] [bot.scanner] 🔥 Roulette Italia Tricolore: Nuevos -> [11]
[2026-04-26 15:21:24.256] [DEBUG   ] [bot.scanner] TG check: Roulette Italia Tricolore Delays={'docena_1': 0, 'docena_2': 1, 'docena_3': 4, 'columna_1': 4, 'columna_2': 0, 'columna_3': 1}
[2026-04-26 15:21:25.305] [INFO    ] [bot.scanner] 🔥 Dutch Roulette: Nuevos -> [3]
[2026-04-26 15:21:25.318] [DEBUG   ] [bot.scanner] TG check: Dutch Roulette Delays={'docena_1': 0, 'docena_2': 1, 'docena_3': 3, 'columna_1': 3, 'columna_2': 1, 'columna_3': 0}
[2026-04-26 15:21:26.696] [INFO    ] [bot.scanner] 🔥 Ruleta Latina: Nuevos -> [32]
[2026-04-26 15:21:26.708] [DEBUG   ] [bot.scanner] TG check: Ruleta Latina Delays={'docena_1': 1, 'docena_2': 2, 'docena_3': 0, 'columna_1': 5, 'columna_2': 0, 'columna_3': 7}
[2026-04-26 15:21:27.235] [INFO    ] [bot.scanner] 🔥 Mega Roulette: Nuevos -> [31]
[2026-04-26 15:21:27.247] [DEBUG   ] [bot.scanner] TG check: Mega Roulette Delays={'docena_1': 3, 'docena_2': 2, 'docena_3': 0, 'columna_1': 0, 'columna_2': 14, 'columna_3': 3}
[2026-04-26 15:21:27.775] [INFO    ] [bot.scanner] 🔥 Brazilian Roulette: Nuevos -> [11]
[2026-04-26 15:21:27.786] [DEBUG   ] [bot.scanner] TG check: Brazilian Roulette Delays={'docena_1': 0, 'docena_2': 2, 'docena_3': 1, 'columna_1': 2, 'columna_2': 0, 'columna_3': 13}
[2026-04-26 15:21:31.502] [INFO    ] [bot.scanner] 🔥 Auto Roulette: Nuevos -> [17]
[2026-04-26 15:21:31.521] [DEBUG   ] [bot.scanner] TG check: Auto Roulette Delays={'docena_1': 1, 'docena_2': 0, 'docena_3': 2, 'columna_1': 1, 'columna_2': 0, 'columna_3': 5}
[2026-04-26 15:21:34.715] [INFO    ] [bot.scanner] 🔥 Russian Roulette: Nuevos -> [14]
[2026-04-26 15:21:34.731] [DEBUG   ] [bot.scanner] TG check: Russian Roulette Delays={'docena_1': 7, 'docena_2': 0, 'docena_3': 1, 'columna_1': 4, 'columna_2': 0, 'columna_3': 2}
[2026-04-26 15:21:39.986] [INFO    ] [bot.scanner] 🔥 Roulette 2 Extra Time: Nuevos -> [0]
[2026-04-26 15:21:40.002] [DEBUG   ] [bot.scanner] TG check: Roulette 2 Extra Time Delays={'docena_1': 2, 'docena_2': 3, 'docena_3': 9, 'columna_1': 2, 'columna_2': 4, 'columna_3': 7}
[2026-04-26 15:21:40.550] [INFO    ] [bot.scanner] 🔥 Brazilian Mega Roulette: Nuevos -> [24]
[2026-04-26 15:21:40.564] [DEBUG   ] [bot.scanner] TG check: Brazilian Mega Roulette Delays={'docena_1': 4, 'docena_2': 0, 'docena_3': 1, 'columna_1': 4, 'columna_2': 5, 'columna_3': 0}
[2026-04-26 15:21:42.169] [INFO    ] [bot.scanner] 🔥 Stake Roulette: Nuevos -> [15]
[2026-04-26 15:21:42.193] [DEBUG   ] [bot.scanner] TG check: Stake Roulette Delays={'docena_1': 2, 'docena_2': 0, 'docena_3': 1, 'columna_1': 2, 'columna_2': 3, 'columna_3': 0}
[2026-04-26 15:21:49.115] [INFO    ] [bot.scanner] 🔥 Roulette 3: Nuevos -> [11]
[2026-04-26 15:21:49.127] [DEBUG   ] [bot.scanner] TG check: Roulette 3 Delays={'docena_1': 0, 'docena_2': 2, 'docena_3': 1, 'columna_1': 1, 'columna_2': 0, 'columna_3': 3}
[2026-04-26 15:21:52.891] [INFO    ] [bot.scanner] 🔥 Turkish Roulette: Nuevos -> [7]
[2026-04-26 15:21:52.904] [DEBUG   ] [bot.scanner] TG check: Turkish Roulette Delays={'docena_1': 0, 'docena_2': 3, 'docena_3': 6, 'columna_1': 0, 'columna_2': 1, 'columna_3': 4}
[2026-04-26 15:21:53.964] [INFO    ] [bot.scanner] 🔥 Romanian Roulette: Nuevos -> [14]
[2026-04-26 15:21:53.976] [DEBUG   ] [bot.scanner] TG check: Romanian Roulette Delays={'docena_1': 1, 'docena_2': 0, 'docena_3': 9, 'columna_1': 3, 'columna_2': 0, 'columna_3': 11}
[2026-04-26 15:21:54.514] [INFO    ] [bot.scanner] 🔥 Roulette Italia Tricolore: Nuevos -> [5]
[2026-04-26 15:21:54.526] [DEBUG   ] [bot.scanner] TG check: Roulette Italia Tricolore Delays={'docena_1': 0, 'docena_2': 2, 'docena_3': 5, 'columna_1': 5, 'columna_2': 0, 'columna_3': 2}
[2026-04-26 15:21:56.983] [INFO    ] [bot.scanner] 🔥 Ruleta Latina: Nuevos -> [24]
[2026-04-26 15:21:56.999] [DEBUG   ] [bot.scanner] TG check: Ruleta Latina Delays={'docena_1': 2, 'docena_2': 0, 'docena_3': 1, 'columna_1': 6, 'columna_2': 1, 'columna_3': 0}
[2026-04-26 15:21:57.540] [INFO    ] [bot.scanner] 🔥 Mega Roulette: Nuevos -> [25]
[2026-04-26 15:21:58.717] [DEBUG   ] [bot.scanner] TG check: Mega Roulette Delays={'docena_1': 4, 'docena_2': 3, 'docena_3': 0, 'columna_1': 0, 'columna_2': 15, 'columna_3': 4}
[2026-04-26 15:21:59.793] [INFO    ] [bot.scanner] 🔥 Roulette 1: Nuevos -> [28]
[2026-04-26 15:21:59.807] [DEBUG   ] [bot.scanner] TG check: Roulette 1 Delays={'docena_1': 3, 'docena_2': 4, 'docena_3': 0, 'columna_1': 0, 'columna_2': 3, 'columna_3': 2}
[2026-04-26 15:22:00.857] [INFO    ] [bot.scanner] 🔥 Roulette Macao: Nuevos -> [30]
[2026-04-26 15:22:00.877] [DEBUG   ] [bot.scanner] TG check: Roulette Macao Delays={'docena_1': 2, 'docena_2': 7, 'docena_3': 0, 'columna_1': 2, 'columna_2': 4, 'columna_3': 0}
[2026-04-26 15:22:02.557] [INFO    ] [bot.scanner] 🔥 Lucky 6 Roulette: Nuevos -> [33]
[2026-04-26 15:22:02.570] [DEBUG   ] [bot.scanner] TG check: Lucky 6 Roulette Delays={'docena_1': 4, 'docena_2': 1, 'docena_3': 0, 'columna_1': 1, 'columna_2': 2, 'columna_3': 0}
[2026-04-26 15:22:03.203] [INFO    ] [bot.scanner] 🔥 Auto Roulette: Nuevos -> [32]
[2026-04-26 15:22:03.233] [DEBUG   ] [bot.scanner] TG check: Auto Roulette Delays={'docena_1': 2, 'docena_2': 1, 'docena_3': 0, 'columna_1': 2, 'columna_2': 0, 'columna_3': 6}
[2026-04-26 15:22:04.838] [INFO    ] [bot.scanner] 🔥 German Roulette: Nuevos -> [29]
[2026-04-26 15:22:04.856] [DEBUG   ] [bot.scanner] TG check: German Roulette Delays={'docena_1': 1, 'docena_2': 3, 'docena_3': 0, 'columna_1': 1, 'columna_2': 0, 'columna_3': 2}
[2026-04-26 15:22:06.506] [INFO    ] [bot.scanner] 🔥 Russian Roulette: Nuevos -> [32]
[2026-04-26 15:22:06.518] [DEBUG   ] [bot.scanner] TG check: Russian Roulette Delays={'docena_1': 8, 'docena_2': 1, 'docena_3': 0, 'columna_1': 5, 'columna_2': 0, 'columna_3': 3}
[2026-04-26 15:22:07.056] [INFO    ] [bot.scanner] 🔥 Dutch Roulette: Nuevos -> [9]
[2026-04-26 15:22:07.075] [DEBUG   ] [bot.scanner] TG check: Dutch Roulette Delays={'docena_1': 0, 'docena_2': 2, 'docena_3': 4, 'columna_1': 4, 'columna_2': 2, 'columna_3': 0}
[2026-04-26 15:22:09.566] [INFO    ] [bot.scanner] 🔥 Brazilian Roulette: Nuevos -> [33]
[2026-04-26 15:22:09.582] [DEBUG   ] [bot.scanner] TG check: Brazilian Roulette Delays={'docena_1': 1, 'docena_2': 3, 'docena_3': 0, 'columna_1': 3, 'columna_2': 1, 'columna_3': 0}
[2026-04-26 15:22:20.679] [INFO    ] [bot.scanner] 🔥 Roulette 3: Nuevos -> [4]
[2026-04-26 15:22:20.692] [DEBUG   ] [bot.scanner] TG check: Roulette 3 Delays={'docena_1': 0, 'docena_2': 3, 'docena_3': 2, 'columna_1': 0, 'columna_2': 1, 'columna_3': 4}
[2026-04-26 15:22:21.802] [INFO    ] [bot.scanner] 🔥 Roulette 2 Extra Time: Nuevos -> [29]
[2026-04-26 15:22:21.815] [DEBUG   ] [bot.scanner] TG check: Roulette 2 Extra Time Delays={'docena_1': 3, 'docena_2': 4, 'docena_3': 0, 'columna_1': 3, 'columna_2': 0, 'columna_3': 8}
[2026-04-26 15:22:22.389] [INFO    ] [bot.scanner] 🔥 Brazilian Mega Roulette: Nuevos -> [31]
[2026-04-26 15:22:22.405] [DEBUG   ] [bot.scanner] TG check: Brazilian Mega Roulette Delays={'docena_1': 5, 'docena_2': 1, 'docena_3': 0, 'columna_1': 0, 'columna_2': 6, 'columna_3': 1}
[2026-04-26 15:22:24.020] [INFO    ] [bot.scanner] 🔥 Stake Roulette: Nuevos -> [12]
[2026-04-26 15:22:24.033] [DEBUG   ] [bot.scanner] TG check: Stake Roulette Delays={'docena_1': 0, 'docena_2': 1, 'docena_3': 2, 'columna_1': 3, 'columna_2': 4, 'columna_3': 0}
[2026-04-26 15:22:27.282] [INFO    ] [bot.gui] 🌐 Túnel activo: https://test-vacancies-alike-flows.trycloudflare.com
[2026-04-26 15:22:30.272] [INFO    ] [bot.scanner] 🔥 Roulette 1: Nuevos -> [1]
[2026-04-26 15:22:30.287] [DEBUG   ] [bot.scanner] TG check: Roulette 1 Delays={'docena_1': 0, 'docena_2': 5, 'docena_3': 1, 'columna_1': 0, 'columna_2': 4, 'columna_3': 3}
[2026-04-26 15:22:31.359] [INFO    ] [bot.scanner] 🔥 Roulette Macao: Nuevos -> [26]
[2026-04-26 15:22:31.377] [DEBUG   ] [bot.scanner] TG check: Roulette Macao Delays={'docena_1': 3, 'docena_2': 8, 'docena_3': 0, 'columna_1': 3, 'columna_2': 0, 'columna_3': 1}
[2026-04-26 15:22:33.046] [INFO    ] [bot.scanner] 🔥 Lucky 6 Roulette: Nuevos -> [11]
[2026-04-26 15:22:33.068] [DEBUG   ] [bot.scanner] TG check: Lucky 6 Roulette Delays={'docena_1': 0, 'docena_2': 2, 'docena_3': 1, 'columna_1': 2, 'columna_2': 0, 'columna_3': 1}
[2026-04-26 15:22:35.801] [INFO    ] [bot.scanner] 🔥 Romanian Roulette: Nuevos -> [34]
[2026-04-26 15:22:35.814] [DEBUG   ] [bot.scanner] TG check: Romanian Roulette Delays={'docena_1': 2, 'docena_2': 1, 'docena_3': 0, 'columna_1': 0, 'columna_2': 1, 'columna_3': 12}
[2026-04-26 15:22:36.339] [INFO    ] [bot.scanner] 🔥 Roulette Italia Tricolore: Nuevos -> [32]
[2026-04-26 15:22:36.350] [DEBUG   ] [bot.scanner] TG check: Roulette Italia Tricolore Delays={'docena_1': 1, 'docena_2': 3, 'docena_3': 0, 'columna_1': 6, 'columna_2': 0, 'columna_3': 3}
[2026-04-26 15:22:38.827] [INFO    ] [bot.scanner] 🔥 Ruleta Latina: Nuevos -> [11]
[2026-04-26 15:22:38.838] [DEBUG   ] [bot.scanner] TG check: Ruleta Latina Delays={'docena_1': 0, 'docena_2': 1, 'docena_3': 2, 'columna_1': 7, 'columna_2': 0, 'columna_3': 1}
[2026-04-26 15:22:39.902] [INFO    ] [bot.scanner] 🔥 Brazilian Roulette: Nuevos -> [25]
[2026-04-26 15:22:39.913] [DEBUG   ] [bot.scanner] TG check: Brazilian Roulette Delays={'docena_1': 2, 'docena_2': 4, 'docena_3': 0, 'columna_1': 0, 'columna_2': 2, 'columna_3': 1}
[2026-04-26 15:22:43.708] [INFO    ] [bot.scanner] 🔥 Auto Roulette: Nuevos -> [8]
[2026-04-26 15:22:43.727] [DEBUG   ] [bot.scanner] TG check: Auto Roulette Delays={'docena_1': 0, 'docena_2': 2, 'docena_3': 1, 'columna_1': 3, 'columna_2': 0, 'columna_3': 7}
[2026-04-26 15:22:44.788] [INFO    ] [bot.scanner] 🔥 Turkish Roulette: Nuevos -> [18]
[2026-04-26 15:22:44.802] [DEBUG   ] [bot.scanner] TG check: Turkish Roulette Delays={'docena_1': 1, 'docena_2': 0, 'docena_3': 7, 'columna_1': 1, 'columna_2': 2, 'columna_3': 0}
[2026-04-26 15:22:47.008] [INFO    ] [bot.scanner] 🔥 Russian Roulette: Nuevos -> [4]
[2026-04-26 15:22:47.023] [DEBUG   ] [bot.scanner] TG check: Russian Roulette Delays={'docena_1': 0, 'docena_2': 2, 'docena_3': 1, 'columna_1': 0, 'columna_2': 1, 'columna_3': 4}
[2026-04-26 15:22:47.549] [INFO    ] [bot.scanner] 🔥 Dutch Roulette: Nuevos -> [10]
[2026-04-26 15:22:47.564] [DEBUG   ] [bot.scanner] TG check: Dutch Roulette Delays={'docena_1': 0, 'docena_2': 3, 'docena_3': 5, 'columna_1': 0, 'columna_2': 3, 'columna_3': 1}
[2026-04-26 15:22:48.380] [INFO    ] [bot.scanner] 💤 ALERTA ANTI-AFK: Entrando a mesa aleatoria...
[2026-04-26 15:22:48.412] [DEBUG   ] [bot.iframe]    ⏳ Esperando iframe principal (max 15s)...
[2026-04-26 15:22:48.472] [INFO    ] [bot.iframe]    ✅ Cambio a iframe #0 (class='game')
[2026-04-26 15:22:48.472] [DEBUG   ] [bot.iframe]    ⏳ Esperando iframe anidado o elementos del juego (max 15s)...
[2026-04-26 15:22:48.485] [INFO    ] [bot.iframe]    ✅ Elementos del juego encontrados en el iframe principal. No requiere anidado.
[2026-04-26 15:22:48.486] [INFO    ] [bot.scanner] 👉 Intento 1/3: Entrando a 'German Roulette' (ID: s2x6b4jdeqza2ge2-222)...
[2026-04-26 15:22:48.633] [INFO    ] [bot.screenshot] 📸 Screenshot guardado: D:\GITHUBB\bot_stake\dist\data\logs\screenshots\027_2026-04-26_152248_AFK_00_click_mesa_intento1.png
[2026-04-26 15:22:48.652] [DEBUG   ] [bot.screenshot] 📄 HTML source guardado: D:\GITHUBB\bot_stake\dist\data\logs\screenshots\027_2026-04-26_152248_AFK_00_click_mesa_intento1.html
[2026-04-26 15:22:49.717] [INFO    ] [bot.scanner] ⏳ Mesa cliqueada. Esperando 5s...
[2026-04-26 15:22:54.998] [INFO    ] [bot.screenshot] 📸 Screenshot guardado: D:\GITHUBB\bot_stake\dist\data\logs\screenshots\028_2026-04-26_152254_AFK_01_despues_click_intento1.png
[2026-04-26 15:22:55.046] [DEBUG   ] [bot.screenshot] 📄 HTML source guardado: D:\GITHUBB\bot_stake\dist\data\logs\screenshots\028_2026-04-26_152254_AFK_01_despues_click_intento1.html
[2026-04-26 15:22:55.389] [INFO    ] [bot.scanner]    ✅ Mesa 'German Roulette' cargó correctamente. Actividad registrada.
[2026-04-26 15:22:55.390] [INFO    ] [bot.lobby] 🔄 Navegando al Lobby... (from_anti_afk=True)
[2026-04-26 15:22:55.390] [INFO    ] [bot.lobby]    ↩️ Usando browser.back() para volver al lobby...
[2026-04-26 15:22:55.712] [INFO    ] [bot.screenshot] 📸 Screenshot guardado: D:\GITHUBB\bot_stake\dist\data\logs\screenshots\029_2026-04-26_152255_AFK_01_antes_back.png
[2026-04-26 15:22:55.782] [DEBUG   ] [bot.screenshot] 📄 HTML source guardado: D:\GITHUBB\bot_stake\dist\data\logs\screenshots\029_2026-04-26_152255_AFK_01_antes_back.html
[2026-04-26 15:22:59.433] [INFO    ] [bot.screenshot] 📸 Screenshot guardado: D:\GITHUBB\bot_stake\dist\data\logs\screenshots\030_2026-04-26_152258_AFK_02_despues_back.png
[2026-04-26 15:22:59.464] [DEBUG   ] [bot.screenshot] 📄 HTML source guardado: D:\GITHUBB\bot_stake\dist\data\logs\screenshots\030_2026-04-26_152258_AFK_02_despues_back.html
[2026-04-26 15:22:59.469] [INFO    ] [bot.lobby]    📍 URL actual: https://stake.com.co/casino/juego/roulette-lobby-571
[2026-04-26 15:22:59.675] [INFO    ] [bot.screenshot] 📸 Screenshot guardado: D:\GITHUBB\bot_stake\dist\data\logs\screenshots\031_2026-04-26_152259_AFK_04_verificando_sesion.png
[2026-04-26 15:22:59.715] [DEBUG   ] [bot.screenshot] 📄 HTML source guardado: D:\GITHUBB\bot_stake\dist\data\logs\screenshots\031_2026-04-26_152259_AFK_04_verificando_sesion.html
[2026-04-26 15:22:59.797] [DEBUG   ] [bot.lobby] ✅ Sesión activa confirmada
[2026-04-26 15:22:59.797] [INFO    ] [bot.lobby]    ✅ Sesión sigue activa tras Anti-AFK
[2026-04-26 15:23:00.515] [INFO    ] [bot.lobby]    ✅ Sesión activa en modo real (no requirió botón 'Juego real')
[2026-04-26 15:23:00.518] [DEBUG   ] [bot.iframe]    ⏳ Esperando iframe principal (max 15s)...
[2026-04-26 15:23:00.565] [INFO    ] [bot.iframe]    ✅ Cambio a iframe #0 (class='game')
[2026-04-26 15:23:00.566] [DEBUG   ] [bot.iframe]    ⏳ Esperando iframe anidado o elementos del juego (max 15s)...
[2026-04-26 15:23:00.575] [INFO    ] [bot.iframe]    ✅ Elementos del juego encontrados en el iframe principal. No requiere anidado.
[2026-04-26 15:23:00.575] [INFO    ] [bot.lobby] ✅ Contexto cambiado al iframe del juego.
[2026-04-26 15:23:00.576] [INFO    ] [bot.lobby]    ⏳ Esperando a que el lobby termine de cargar...
[2026-04-26 15:23:03.597] [INFO    ] [bot.lobby]    ✅ Lobby cargado! 31 tiles encontrados (3s)
[2026-04-26 15:23:03.597] [INFO    ] [bot.iframe] 🛡️ Verificando modales bloquantes...
[2026-04-26 15:23:04.699] [INFO    ] [bot.scanner] 🔄 Re-escaneando IDs tras Anti-AFK...
[2026-04-26 15:23:04.699] [INFO    ] [bot.lobby] 🗺️  Escaneando IDs de mesas dinámicamente (modo robusto)...
[2026-04-26 15:23:04.701] [DEBUG   ] [bot.iframe]    ⏳ Esperando iframe principal (max 15s)...
[2026-04-26 15:23:04.752] [INFO    ] [bot.iframe]    ✅ Cambio a iframe #0 (class='game')
[2026-04-26 15:23:04.752] [DEBUG   ] [bot.iframe]    ⏳ Esperando iframe anidado o elementos del juego (max 15s)...
[2026-04-26 15:23:04.764] [INFO    ] [bot.iframe]    ✅ Elementos del juego encontrados en el iframe principal. No requiere anidado.
[2026-04-26 15:23:04.764] [DEBUG   ] [bot.lobby]    Bajando scroll en contenedor interno...
[2026-04-26 15:23:09.347] [INFO    ] [bot.lobby]    Encontrados 31 tiles totales. Escaneando uno por uno...
[2026-04-26 15:23:35.829] [INFO    ] [bot.lobby] 
   ID                             | TÍTULO
[2026-04-26 15:23:35.830] [INFO    ] [bot.lobby]    ------------------------------------------------------------
[2026-04-26 15:23:35.830] [INFO    ] [bot.lobby]    gatesofolympus01-2244          | Gates of Olympus Roulette
[2026-04-26 15:23:35.830] [INFO    ] [bot.lobby]    crystalroul00001-2501          | Crystal Roulette
[2026-04-26 15:23:35.830] [INFO    ] [bot.lobby]    rw321stakerws321-236           | Stake Roulette
[2026-04-26 15:23:35.830] [INFO    ] [bot.lobby]    roulerw234rwl292-234           | Ruleta Latina
[2026-04-26 15:23:35.830] [INFO    ] [bot.lobby]    1hl65ce1lxuqdrkr-204           | Mega Roulette
[2026-04-26 15:23:35.830] [INFO    ] [bot.lobby]    g03y1t9vvuhrfytl-227           | Roulette 1
[2026-04-26 15:23:35.830] [INFO    ] [bot.lobby]    yqpz3ichst2xg439-206           | Roulette Macao
[2026-04-26 15:23:35.830] [INFO    ] [bot.lobby]    powruprw1qm3xc25-240           | PowerUP Roulette
[2026-04-26 15:23:35.830] [INFO    ] [bot.lobby]    rwbrzportrwa16rg-237           | Brazilian Roulette
[2026-04-26 15:23:35.830] [INFO    ] [bot.lobby]    1hl323e1lxuqdrkr-210           | Auto Mega Roulette
[2026-04-26 15:23:35.830] [INFO    ] [bot.lobby]    chroma229rwltr22-230           | Roulette 3
[2026-04-26 15:23:35.831] [INFO    ] [bot.lobby]    fl9knouu0yjez2wi-203           | Speed Roulette 1
[2026-04-26 15:23:35.831] [INFO    ] [bot.lobby]    5kvxlw4c1qm3xcyn-201           | Roulette 2 Extra Time
[2026-04-26 15:23:35.831] [INFO    ] [bot.lobby]    megaroulette3k01-2901          | Mega Roulette 3000
[2026-04-26 15:23:35.831] [INFO    ] [bot.lobby]    5bzl2835s5ruvweg-225           | Auto Roulette
[2026-04-26 15:23:35.831] [INFO    ] [bot.lobby]    r20speedrtwo201s-205           | Speed Roulette 2
[2026-04-26 15:23:35.831] [INFO    ] [bot.lobby]    lucky6roulettea3-211a1         | Lucky 6 Roulette
[2026-04-26 15:23:35.831] [INFO    ] [bot.lobby]    geogamingh2rw545-545           | VIP Roulette
[2026-04-26 15:23:35.831] [INFO    ] [bot.lobby]    autorwra311autor-226           | Speed Auto Roulette
[2026-04-26 15:23:35.831] [INFO    ] [bot.lobby]    mrbras531mrbr532-287           | Brazilian Mega Roulette
[2026-04-26 15:23:35.831] [INFO    ] [bot.lobby]    ar25vipautorw251-266           | VIP Auto Roulette
[2026-04-26 15:23:35.831] [INFO    ] [bot.lobby]    privroulettegt01-28201         | Privé Lounge Roulette
[2026-04-26 15:23:35.831] [INFO    ] [bot.lobby]    privroudeluxgt01-28301         | Privé Lounge Roulette Deluxe
[2026-04-26 15:23:35.831] [INFO    ] [bot.lobby]    p8l1j84prrmxzyic-224           | Turkish Roulette
[2026-04-26 15:23:35.831] [INFO    ] [bot.lobby]    s2x6b4jdeqza2ge2-222           | German Roulette
[2026-04-26 15:23:35.832] [INFO    ] [bot.lobby]    t4jzencinod6iqwi-221           | Russian Roulette
[2026-04-26 15:23:35.832] [INFO    ] [bot.lobby]    v1c52fgw7yy02upz-223           | Roulette Italia Tricolore
[2026-04-26 15:23:35.832] [INFO    ] [bot.lobby]    romania233rwl291-233           | Romanian Roulette
[2026-04-26 15:23:35.832] [INFO    ] [bot.lobby]    megar0ul3tt3trk1-208           | Turkish Mega Roulette
[2026-04-26 15:23:35.832] [INFO    ] [bot.lobby]    greekchr11genric-297           | Greek Roulette
[2026-04-26 15:23:35.832] [INFO    ] [bot.lobby]    dutchrw235rwl293-235           | Dutch Roulette
[2026-04-26 15:23:35.832] [INFO    ] [bot.lobby]    ------------------------------------------------------------
[2026-04-26 15:23:35.832] [INFO    ] [bot.lobby]    ✅ Ruleta Latina: ID confirmado (roulerw234rwl292-234)
[2026-04-26 15:23:35.832] [INFO    ] [bot.lobby]    ✅ Mega Roulette: ID confirmado (1hl65ce1lxuqdrkr-204)
[2026-04-26 15:23:35.832] [INFO    ] [bot.lobby]    ✅ Brazilian Roulette: ID confirmado (rwbrzportrwa16rg-237)
[2026-04-26 15:23:35.832] [INFO    ] [bot.lobby]    ✅ Roulette 1: ID confirmado (g03y1t9vvuhrfytl-227)
[2026-04-26 15:23:35.832] [INFO    ] [bot.lobby]    ✅ Roulette 3: ID confirmado (chroma229rwltr22-230)
[2026-04-26 15:23:35.832] [INFO    ] [bot.lobby]    ✅ Roulette Macao: ID confirmado (yqpz3ichst2xg439-206)
[2026-04-26 15:23:35.833] [INFO    ] [bot.lobby]    ✅ Roulette 2 Extra Time: ID confirmado (5kvxlw4c1qm3xcyn-201)
[2026-04-26 15:23:35.833] [INFO    ] [bot.lobby]    ✅ Brazilian Mega Roulette: ID confirmado (mrbras531mrbr532-287)
[2026-04-26 15:23:35.833] [INFO    ] [bot.lobby]    ✅ Lucky 6 Roulette: ID confirmado (lucky6roulettea3-211a1)
[2026-04-26 15:23:35.833] [INFO    ] [bot.lobby]    ✅ Auto Roulette: ID confirmado (5bzl2835s5ruvweg-225)
[2026-04-26 15:23:35.833] [INFO    ] [bot.lobby]    ✅ Stake Roulette: ID confirmado (rw321stakerws321-236)
[2026-04-26 15:23:35.833] [INFO    ] [bot.lobby]    ✅ Turkish Roulette: ID confirmado (p8l1j84prrmxzyic-224)
[2026-04-26 15:23:35.833] [INFO    ] [bot.lobby]    ✅ German Roulette: ID confirmado (s2x6b4jdeqza2ge2-222)
[2026-04-26 15:23:35.833] [INFO    ] [bot.lobby]    ✅ Romanian Roulette: ID confirmado (romania233rwl291-233)
[2026-04-26 15:23:35.834] [INFO    ] [bot.lobby]    ✅ Roulette Italia Tricolore: ID confirmado (v1c52fgw7yy02upz-223)
[2026-04-26 15:23:35.834] [INFO    ] [bot.lobby]    ✅ Russian Roulette: ID confirmado (t4jzencinod6iqwi-221)
[2026-04-26 15:23:35.834] [INFO    ] [bot.lobby]    ✅ Dutch Roulette: ID confirmado (dutchrw235rwl293-235)
[2026-04-26 15:23:35.834] [INFO    ] [bot.lobby] 
✅ Mapeo completado. 17/17 mesas emparejadas.
[2026-04-26 15:23:36.796] [INFO    ] [bot.scanner] 🔥 Ruleta Latina: Nuevos -> [33]
[2026-04-26 15:23:36.810] [DEBUG   ] [bot.scanner] TG check: Ruleta Latina Delays={'docena_1': 1, 'docena_2': 2, 'docena_3': 0, 'columna_1': 8, 'columna_2': 1, 'columna_3': 0}
[2026-04-26 15:23:37.339] [INFO    ] [bot.scanner] 🔥 Mega Roulette: Nuevos -> [19, 24]
[2026-04-26 15:23:37.363] [DEBUG   ] [bot.scanner] TG check: Mega Roulette Delays={'docena_1': 6, 'docena_2': 0, 'docena_3': 2, 'columna_1': 1, 'columna_2': 17, 'columna_3': 0}
[2026-04-26 15:23:37.913] [INFO    ] [bot.scanner] 🔥 Brazilian Roulette: Nuevos -> [33]
[2026-04-26 15:23:37.925] [DEBUG   ] [bot.scanner] TG check: Brazilian Roulette Delays={'docena_1': 3, 'docena_2': 5, 'docena_3': 0, 'columna_1': 1, 'columna_2': 3, 'columna_3': 0}
[2026-04-26 15:23:38.453] [INFO    ] [bot.scanner] 🔥 Roulette 1: Nuevos -> [12]
[2026-04-26 15:23:38.464] [DEBUG   ] [bot.scanner] TG check: Roulette 1 Delays={'docena_1': 0, 'docena_2': 6, 'docena_3': 2, 'columna_1': 1, 'columna_2': 5, 'columna_3': 0}
[2026-04-26 15:23:39.002] [INFO    ] [bot.scanner] 🔥 Roulette 3: Nuevos -> [35, 27]
[2026-04-26 15:23:39.028] [DEBUG   ] [bot.scanner] TG check: Roulette 3 Delays={'docena_1': 2, 'docena_2': 5, 'docena_3': 0, 'columna_1': 2, 'columna_2': 1, 'columna_3': 0}
[2026-04-26 15:23:39.558] [INFO    ] [bot.scanner] 🔥 Roulette Macao: Nuevos -> [15]
[2026-04-26 15:23:39.571] [DEBUG   ] [bot.scanner] TG check: Roulette Macao Delays={'docena_1': 4, 'docena_2': 0, 'docena_3': 1, 'columna_1': 4, 'columna_2': 1, 'columna_3': 0}
[2026-04-26 15:23:40.096] [INFO    ] [bot.scanner] 🔥 Roulette 2 Extra Time: Nuevos -> [15, 25]
[2026-04-26 15:23:40.124] [DEBUG   ] [bot.scanner] TG check: Roulette 2 Extra Time Delays={'docena_1': 5, 'docena_2': 1, 'docena_3': 0, 'columna_1': 0, 'columna_2': 2, 'columna_3': 1}
[2026-04-26 15:23:40.655] [INFO    ] [bot.scanner] 🔥 Brazilian Mega Roulette: Nuevos -> [23, 29]
[2026-04-26 15:23:40.682] [DEBUG   ] [bot.scanner] TG check: Brazilian Mega Roulette Delays={'docena_1': 7, 'docena_2': 1, 'docena_3': 0, 'columna_1': 2, 'columna_2': 0, 'columna_3': 3}
[2026-04-26 15:23:41.212] [INFO    ] [bot.scanner] 🔥 Lucky 6 Roulette: Nuevos -> [32]
[2026-04-26 15:23:41.226] [DEBUG   ] [bot.scanner] TG check: Lucky 6 Roulette Delays={'docena_1': 1, 'docena_2': 3, 'docena_3': 0, 'columna_1': 3, 'columna_2': 0, 'columna_3': 2}
[2026-04-26 15:23:41.779] [INFO    ] [bot.scanner] 🔥 Auto Roulette: Nuevos -> [10]
[2026-04-26 15:23:41.796] [DEBUG   ] [bot.scanner] TG check: Auto Roulette Delays={'docena_1': 0, 'docena_2': 3, 'docena_3': 2, 'columna_1': 0, 'columna_2': 1, 'columna_3': 8}
[2026-04-26 15:23:42.328] [INFO    ] [bot.scanner] 🔥 Stake Roulette: Nuevos -> [12, 18]
[2026-04-26 15:23:42.347] [DEBUG   ] [bot.scanner] TG check: Stake Roulette Delays={'docena_1': 1, 'docena_2': 0, 'docena_3': 4, 'columna_1': 5, 'columna_2': 6, 'columna_3': 0}
[2026-04-26 15:23:42.890] [INFO    ] [bot.scanner] 🔥 Turkish Roulette: Nuevos -> [10]
[2026-04-26 15:23:42.912] [DEBUG   ] [bot.scanner] TG check: Turkish Roulette Delays={'docena_1': 0, 'docena_2': 1, 'docena_3': 8, 'columna_1': 0, 'columna_2': 3, 'columna_3': 1}
[2026-04-26 15:23:43.480] [INFO    ] [bot.scanner] 🔥 German Roulette: Nuevos -> [23, 24]
[2026-04-26 15:23:43.513] [DEBUG   ] [bot.scanner] TG check: German Roulette Delays={'docena_1': 3, 'docena_2': 0, 'docena_3': 2, 'columna_1': 3, 'columna_2': 1, 'columna_3': 0}
[2026-04-26 15:23:44.061] [INFO    ] [bot.scanner] 🔥 Romanian Roulette: Nuevos -> [28, 30]
[2026-04-26 15:23:44.093] [DEBUG   ] [bot.scanner] TG check: Romanian Roulette Delays={'docena_1': 4, 'docena_2': 3, 'docena_3': 0, 'columna_1': 1, 'columna_2': 3, 'columna_3': 0}
[2026-04-26 15:23:44.642] [INFO    ] [bot.scanner] 🔥 Roulette Italia Tricolore: Nuevos -> [30]
[2026-04-26 15:23:44.670] [DEBUG   ] [bot.scanner] TG check: Roulette Italia Tricolore Delays={'docena_1': 2, 'docena_2': 4, 'docena_3': 0, 'columna_1': 7, 'columna_2': 1, 'columna_3': 0}
[2026-04-26 15:23:45.227] [INFO    ] [bot.scanner] 🔥 Russian Roulette: Nuevos -> [9]
[2026-04-26 15:23:45.244] [DEBUG   ] [bot.scanner] TG check: Russian Roulette Delays={'docena_1': 0, 'docena_2': 3, 'docena_3': 2, 'columna_1': 1, 'columna_2': 2, 'columna_3': 0}
[2026-04-26 15:23:45.778] [INFO    ] [bot.scanner] 🔥 Dutch Roulette: Nuevos -> [3]
[2026-04-26 15:23:45.790] [DEBUG   ] [bot.scanner] TG check: Dutch Roulette Delays={'docena_1': 0, 'docena_2': 4, 'docena_3': 6, 'columna_1': 1, 'columna_2': 4, 'columna_3': 0}
[2026-04-26 15:23:49.859] [INFO    ] [bot.scanner] 🔥 Roulette Macao: Nuevos -> [9]
[2026-04-26 15:23:49.870] [DEBUG   ] [bot.scanner] TG check: Roulette Macao Delays={'docena_1': 0, 'docena_2': 1, 'docena_3': 2, 'columna_1': 5, 'columna_2': 2, 'columna_3': 0}
[2026-04-26 15:23:54.788] [INFO    ] [bot.scanner] 🔥 Roulette Italia Tricolore: Nuevos -> [10]
[2026-04-26 15:23:54.804] [DEBUG   ] [bot.scanner] TG check: Roulette Italia Tricolore Delays={'docena_1': 0, 'docena_2': 5, 'docena_3': 1, 'columna_1': 0, 'columna_2': 2, 'columna_3': 1}
[2026-04-26 15:23:57.247] [INFO    ] [bot.scanner] 🔥 Ruleta Latina: Nuevos -> [4]
[2026-04-26 15:23:57.260] [DEBUG   ] [bot.scanner] TG check: Ruleta Latina Delays={'docena_1': 0, 'docena_2': 3, 'docena_3': 1, 'columna_1': 0, 'columna_2': 2, 'columna_3': 1}
[2026-04-26 15:23:58.347] [INFO    ] [bot.scanner] 🔥 Brazilian Roulette: Nuevos -> [12]
[2026-04-26 15:23:58.361] [DEBUG   ] [bot.scanner] TG check: Brazilian Roulette Delays={'docena_1': 0, 'docena_2': 6, 'docena_3': 1, 'columna_1': 2, 'columna_2': 4, 'columna_3': 0}
[2026-04-26 15:23:58.885] [INFO    ] [bot.scanner] 🔥 Roulette 1: Nuevos -> [11]
[2026-04-26 15:23:58.899] [DEBUG   ] [bot.scanner] TG check: Roulette 1 Delays={'docena_1': 0, 'docena_2': 7, 'docena_3': 3, 'columna_1': 2, 'columna_2': 0, 'columna_3': 1}
[2026-04-26 15:24:01.620] [INFO    ] [bot.scanner] 🔥 Lucky 6 Roulette: Nuevos -> [25]
[2026-04-26 15:24:01.640] [DEBUG   ] [bot.scanner] TG check: Lucky 6 Roulette Delays={'docena_1': 2, 'docena_2': 4, 'docena_3': 0, 'columna_1': 0, 'columna_2': 1, 'columna_3': 3}
[2026-04-26 15:24:02.180] [INFO    ] [bot.scanner] 🔥 Auto Roulette: Nuevos -> [23]
[2026-04-26 15:24:02.195] [DEBUG   ] [bot.scanner] TG check: Auto Roulette Delays={'docena_1': 1, 'docena_2': 0, 'docena_3': 3, 'columna_1': 1, 'columna_2': 0, 'columna_3': 9}
[2026-04-26 15:24:03.291] [INFO    ] [bot.scanner] 🔥 Turkish Roulette: Nuevos -> [26]
[2026-04-26 15:24:03.302] [DEBUG   ] [bot.scanner] TG check: Turkish Roulette Delays={'docena_1': 1, 'docena_2': 2, 'docena_3': 0, 'columna_1': 1, 'columna_2': 0, 'columna_3': 2}
[2026-04-26 15:24:05.500] [INFO    ] [bot.scanner] 🔥 Russian Roulette: Nuevos -> [3]
[2026-04-26 15:24:05.524] [DEBUG   ] [bot.scanner] TG check: Russian Roulette Delays={'docena_1': 0, 'docena_2': 4, 'docena_3': 3, 'columna_1': 2, 'columna_2': 3, 'columna_3': 0}
[2026-04-26 15:24:06.055] [INFO    ] [bot.scanner] 🔥 Dutch Roulette: Nuevos -> [32]
[2026-04-26 15:24:06.066] [DEBUG   ] [bot.scanner] TG check: Dutch Roulette Delays={'docena_1': 1, 'docena_2': 5, 'docena_3': 0, 'columna_1': 2, 'columna_2': 0, 'columna_3': 1}
[2026-04-26 15:24:07.962] [INFO    ] [bot.scanner] 🔥 Mega Roulette: Nuevos -> [36]
[2026-04-26 15:24:07.982] [DEBUG   ] [bot.scanner] TG check: Mega Roulette Delays={'docena_1': 7, 'docena_2': 1, 'docena_3': 0, 'columna_1': 2, 'columna_2': 18, 'columna_3': 0}
[2026-04-26 15:24:13.791] [INFO    ] [bot.scanner] 🔥 German Roulette: Nuevos -> [6]
[2026-04-26 15:24:13.805] [DEBUG   ] [bot.scanner] TG check: German Roulette Delays={'docena_1': 0, 'docena_2': 1, 'docena_3': 3, 'columna_1': 4, 'columna_2': 2, 'columna_3': 0}
[2026-04-26 15:24:19.492] [INFO    ] [bot.scanner] 🔥 Roulette 3: Nuevos -> [1]
[2026-04-26 15:24:19.505] [DEBUG   ] [bot.scanner] TG check: Roulette 3 Delays={'docena_1': 0, 'docena_2': 6, 'docena_3': 1, 'columna_1': 0, 'columna_2': 2, 'columna_3': 1}
[2026-04-26 15:24:20.046] [INFO    ] [bot.scanner] 🔥 Roulette Macao: Nuevos -> [36]
[2026-04-26 15:24:20.061] [DEBUG   ] [bot.scanner] TG check: Roulette Macao Delays={'docena_1': 1, 'docena_2': 2, 'docena_3': 0, 'columna_1': 6, 'columna_2': 3, 'columna_3': 0}
[2026-04-26 15:24:20.587] [INFO    ] [bot.scanner] 🔥 Roulette 2 Extra Time: Nuevos -> [22]
[2026-04-26 15:24:20.600] [DEBUG   ] [bot.scanner] TG check: Roulette 2 Extra Time Delays={'docena_1': 6, 'docena_2': 0, 'docena_3': 1, 'columna_1': 0, 'columna_2': 3, 'columna_3': 2}
[2026-04-26 15:24:21.122] [INFO    ] [bot.scanner] 🔥 Brazilian Mega Roulette: Nuevos -> [1]
[2026-04-26 15:24:21.134] [DEBUG   ] [bot.scanner] TG check: Brazilian Mega Roulette Delays={'docena_1': 0, 'docena_2': 2, 'docena_3': 1, 'columna_1': 0, 'columna_2': 1, 'columna_3': 4}
[2026-04-26 15:24:22.735] [INFO    ] [bot.scanner] 🔥 Stake Roulette: Nuevos -> [31]
[2026-04-26 15:24:22.749] [DEBUG   ] [bot.scanner] TG check: Stake Roulette Delays={'docena_1': 2, 'docena_2': 1, 'docena_3': 0, 'columna_1': 0, 'columna_2': 7, 'columna_3': 1}
[2026-04-26 15:24:24.352] [INFO    ] [bot.scanner] 🔥 Romanian Roulette: Nuevos -> [3]
[2026-04-26 15:24:24.372] [DEBUG   ] [bot.scanner] TG check: Romanian Roulette Delays={'docena_1': 0, 'docena_2': 4, 'docena_3': 1, 'columna_1': 2, 'columna_2': 4, 'columna_3': 0}
[2026-04-26 15:24:24.902] [INFO    ] [bot.scanner] 🔥 Roulette Italia Tricolore: Nuevos -> [32]
[2026-04-26 15:24:24.913] [DEBUG   ] [bot.scanner] TG check: Roulette Italia Tricolore Delays={'docena_1': 1, 'docena_2': 6, 'docena_3': 0, 'columna_1': 1, 'columna_2': 0, 'columna_3': 2}
[2026-04-26 15:24:27.312] [INFO    ] [bot.scanner] 🔥 Ruleta Latina: Nuevos -> [23]
[2026-04-26 15:24:27.326] [DEBUG   ] [bot.scanner] TG check: Ruleta Latina Delays={'docena_1': 1, 'docena_2': 0, 'docena_3': 2, 'columna_1': 1, 'columna_2': 0, 'columna_3': 2}
[2026-04-26 15:24:38.598] [INFO    ] [bot.scanner] 🔥 Brazilian Roulette: Nuevos -> [17]
[2026-04-26 15:24:38.625] [DEBUG   ] [bot.scanner] TG check: Brazilian Roulette Delays={'docena_1': 1, 'docena_2': 0, 'docena_3': 2, 'columna_1': 3, 'columna_2': 0, 'columna_3': 1}
[2026-04-26 15:24:39.178] [INFO    ] [bot.scanner] 🔥 Roulette 1: Nuevos -> [18]
[2026-04-26 15:24:39.196] [DEBUG   ] [bot.scanner] TG check: Roulette 1 Delays={'docena_1': 1, 'docena_2': 0, 'docena_3': 4, 'columna_1': 3, 'columna_2': 1, 'columna_3': 0}
[2026-04-26 15:24:41.944] [INFO    ] [bot.scanner] 🔥 Lucky 6 Roulette: Nuevos -> [35]
[2026-04-26 15:24:41.962] [DEBUG   ] [bot.scanner] TG check: Lucky 6 Roulette Delays={'docena_1': 3, 'docena_2': 5, 'docena_3': 0, 'columna_1': 1, 'columna_2': 0, 'columna_3': 4}
[2026-04-26 15:24:42.487] [INFO    ] [bot.scanner] 🔥 Auto Roulette: Nuevos -> [22]
[2026-04-26 15:24:42.497] [DEBUG   ] [bot.scanner] TG check: Auto Roulette Delays={'docena_1': 2, 'docena_2': 0, 'docena_3': 4, 'columna_1': 0, 'columna_2': 1, 'columna_3': 10}
[2026-04-26 15:24:43.562] [INFO    ] [bot.scanner] 🔥 Turkish Roulette: Nuevos -> [10]
[2026-04-26 15:24:43.574] [DEBUG   ] [bot.scanner] TG check: Turkish Roulette Delays={'docena_1': 0, 'docena_2': 3, 'docena_3': 1, 'columna_1': 0, 'columna_2': 1, 'columna_3': 3}
[2026-04-26 15:24:45.690] [INFO    ] [bot.scanner] 🔥 Russian Roulette: Nuevos -> [31]
[2026-04-26 15:24:45.703] [DEBUG   ] [bot.scanner] TG check: Russian Roulette Delays={'docena_1': 1, 'docena_2': 5, 'docena_3': 0, 'columna_1': 0, 'columna_2': 4, 'columna_3': 1}
[2026-04-26 15:24:46.242] [INFO    ] [bot.scanner] 🔥 Dutch Roulette: Nuevos -> [8]
[2026-04-26 15:24:46.266] [DEBUG   ] [bot.scanner] TG check: Dutch Roulette Delays={'docena_1': 0, 'docena_2': 6, 'docena_3': 1, 'columna_1': 3, 'columna_2': 0, 'columna_3': 2}
[2026-04-26 15:24:48.158] [INFO    ] [bot.scanner] 🔥 Mega Roulette: Nuevos -> [18]
[2026-04-26 15:24:48.173] [DEBUG   ] [bot.scanner] TG check: Mega Roulette Delays={'docena_1': 8, 'docena_2': 0, 'docena_3': 1, 'columna_1': 3, 'columna_2': 19, 'columna_3': 0}
[2026-04-26 15:24:54.663] [INFO    ] [bot.scanner] 🔥 Romanian Roulette: Nuevos -> [25]
[2026-04-26 15:24:54.684] [DEBUG   ] [bot.scanner] TG check: Romanian Roulette Delays={'docena_1': 1, 'docena_2': 5, 'docena_3': 0, 'columna_1': 0, 'columna_2': 5, 'columna_3': 1}
[2026-04-26 15:24:59.936] [INFO    ] [bot.scanner] 🔥 Roulette 3: Nuevos -> [25]
[2026-04-26 15:24:59.947] [DEBUG   ] [bot.scanner] TG check: Roulette 3 Delays={'docena_1': 1, 'docena_2': 7, 'docena_3': 0, 'columna_1': 0, 'columna_2': 3, 'columna_3': 2}
[2026-04-26 15:25:00.484] [INFO    ] [bot.scanner] 🔥 Roulette Macao: Nuevos -> [36]
[2026-04-26 15:25:00.499] [DEBUG   ] [bot.scanner] TG check: Roulette Macao Delays={'docena_1': 2, 'docena_2': 3, 'docena_3': 0, 'columna_1': 7, 'columna_2': 4, 'columna_3': 0}
[2026-04-26 15:25:01.024] [INFO    ] [bot.scanner] 🔥 Roulette 2 Extra Time: Nuevos -> [18]
[2026-04-26 15:25:01.037] [DEBUG   ] [bot.scanner] TG check: Roulette 2 Extra Time Delays={'docena_1': 7, 'docena_2': 0, 'docena_3': 2, 'columna_1': 1, 'columna_2': 4, 'columna_3': 0}
[2026-04-26 15:25:01.560] [INFO    ] [bot.scanner] 🔥 Brazilian Mega Roulette: Nuevos -> [5]
[2026-04-26 15:25:01.570] [DEBUG   ] [bot.scanner] TG check: Brazilian Mega Roulette Delays={'docena_1': 0, 'docena_2': 3, 'docena_3': 2, 'columna_1': 1, 'columna_2': 0, 'columna_3': 5}
[2026-04-26 15:25:03.181] [INFO    ] [bot.scanner] 🔥 Stake Roulette: Nuevos -> [19]
[2026-04-26 15:25:03.196] [DEBUG   ] [bot.scanner] TG check: Stake Roulette Delays={'docena_1': 3, 'docena_2': 0, 'docena_3': 1, 'columna_1': 0, 'columna_2': 8, 'columna_3': 2}
[2026-04-26 15:25:04.257] [INFO    ] [bot.scanner] 🔥 German Roulette: Nuevos -> [7]
[2026-04-26 15:25:04.272] [DEBUG   ] [bot.scanner] TG check: German Roulette Delays={'docena_1': 0, 'docena_2': 2, 'docena_3': 4, 'columna_1': 0, 'columna_2': 3, 'columna_3': 1}
[2026-04-26 15:25:05.319] [INFO    ] [bot.scanner] 🔥 Roulette Italia Tricolore: Nuevos -> [7]
[2026-04-26 15:25:05.335] [DEBUG   ] [bot.scanner] TG check: Roulette Italia Tricolore Delays={'docena_1': 0, 'docena_2': 7, 'docena_3': 1, 'columna_1': 0, 'columna_2': 1, 'columna_3': 3}
[2026-04-26 15:25:07.772] [INFO    ] [bot.scanner] 🔥 Ruleta Latina: Nuevos -> [20]
[2026-04-26 15:25:07.787] [DEBUG   ] [bot.scanner] TG check: Ruleta Latina Delays={'docena_1': 2, 'docena_2': 0, 'docena_3': 3, 'columna_1': 2, 'columna_2': 0, 'columna_3': 3}
[2026-04-26 15:25:12.707] [INFO    ] [bot.scanner] 🔥 Auto Roulette: Nuevos -> [24]
[2026-04-26 15:25:12.721] [DEBUG   ] [bot.scanner] TG check: Auto Roulette Delays={'docena_1': 3, 'docena_2': 0, 'docena_3': 5, 'columna_1': 1, 'columna_2': 2, 'columna_3': 0}
[2026-04-26 15:25:15.917] [INFO    ] [bot.scanner] 🔥 Russian Roulette: Nuevos -> [24]
[2026-04-26 15:25:15.930] [DEBUG   ] [bot.scanner] TG check: Russian Roulette Delays={'docena_1': 2, 'docena_2': 0, 'docena_3': 1, 'columna_1': 1, 'columna_2': 5, 'columna_3': 0}
[2026-04-26 15:25:16.469] [INFO    ] [bot.scanner] 🔥 Dutch Roulette: Nuevos -> [16]
[2026-04-26 15:25:16.487] [DEBUG   ] [bot.scanner] TG check: Dutch Roulette Delays={'docena_1': 1, 'docena_2': 0, 'docena_3': 2, 'columna_1': 0, 'columna_2': 1, 'columna_3': 3}
[2026-04-26 15:25:18.927] [INFO    ] [bot.scanner] 🔥 Brazilian Roulette: Nuevos -> [28]
[2026-04-26 15:25:18.948] [DEBUG   ] [bot.scanner] TG check: Brazilian Roulette Delays={'docena_1': 2, 'docena_2': 1, 'docena_3': 0, 'columna_1': 0, 'columna_2': 1, 'columna_3': 2}
[2026-04-26 15:25:19.482] [INFO    ] [bot.scanner] 🔥 Roulette 1: Nuevos -> [28]
[2026-04-26 15:25:19.498] [DEBUG   ] [bot.scanner] TG check: Roulette 1 Delays={'docena_1': 2, 'docena_2': 1, 'docena_3': 0, 'columna_1': 0, 'columna_2': 2, 'columna_3': 1}
[2026-04-26 15:25:22.172] [INFO    ] [bot.scanner] 🔥 Lucky 6 Roulette: Nuevos -> [29]
[2026-04-26 15:25:22.191] [DEBUG   ] [bot.scanner] TG check: Lucky 6 Roulette Delays={'docena_1': 4, 'docena_2': 6, 'docena_3': 0, 'columna_1': 2, 'columna_2': 0, 'columna_3': 5}
[2026-04-26 15:25:23.837] [INFO    ] [bot.scanner] 🔥 Turkish Roulette: Nuevos -> [19]
[2026-04-26 15:25:23.852] [DEBUG   ] [bot.scanner] TG check: Turkish Roulette Delays={'docena_1': 1, 'docena_2': 0, 'docena_3': 2, 'columna_1': 0, 'columna_2': 2, 'columna_3': 4}
[2026-04-26 15:25:28.386] [INFO    ] [bot.scanner] 🔥 Mega Roulette: Nuevos -> [34]
[2026-04-26 15:25:28.399] [DEBUG   ] [bot.scanner] TG check: Mega Roulette Delays={'docena_1': 9, 'docena_2': 1, 'docena_3': 0, 'columna_1': 0, 'columna_2': 20, 'columna_3': 1}
[2026-04-26 15:25:35.036] [INFO    ] [bot.scanner] 🔥 Romanian Roulette: Nuevos -> [14]
[2026-04-26 15:25:35.048] [DEBUG   ] [bot.scanner] TG check: Romanian Roulette Delays={'docena_1': 2, 'docena_2': 0, 'docena_3': 1, 'columna_1': 1, 'columna_2': 0, 'columna_3': 2}
[2026-04-26 15:25:40.257] [INFO    ] [bot.scanner] 🔥 Roulette 3: Nuevos -> [18]
[2026-04-26 15:25:40.283] [DEBUG   ] [bot.scanner] TG check: Roulette 3 Delays={'docena_1': 2, 'docena_2': 0, 'docena_3': 1, 'columna_1': 1, 'columna_2': 4, 'columna_3': 0}
[2026-04-26 15:25:40.828] [INFO    ] [bot.scanner] 🔥 Roulette Macao: Nuevos -> [29]
[2026-04-26 15:25:40.843] [DEBUG   ] [bot.scanner] TG check: Roulette Macao Delays={'docena_1': 3, 'docena_2': 4, 'docena_3': 0, 'columna_1': 8, 'columna_2': 0, 'columna_3': 1}
[2026-04-26 15:25:41.368] [INFO    ] [bot.scanner] 🔥 Roulette 2 Extra Time: Nuevos -> [4]
[2026-04-26 15:25:41.382] [DEBUG   ] [bot.scanner] TG check: Roulette 2 Extra Time Delays={'docena_1': 0, 'docena_2': 1, 'docena_3': 3, 'columna_1': 0, 'columna_2': 5, 'columna_3': 1}
[2026-04-26 15:25:41.908] [INFO    ] [bot.scanner] 🔥 Brazilian Mega Roulette: Nuevos -> [11]
[2026-04-26 15:25:41.921] [DEBUG   ] [bot.scanner] TG check: Brazilian Mega Roulette Delays={'docena_1': 0, 'docena_2': 4, 'docena_3': 3, 'columna_1': 2, 'columna_2': 0, 'columna_3': 6}
[2026-04-26 15:25:43.506] [INFO    ] [bot.scanner] 🔥 Stake Roulette: Nuevos -> [16]
[2026-04-26 15:25:43.520] [DEBUG   ] [bot.scanner] TG check: Stake Roulette Delays={'docena_1': 4, 'docena_2': 0, 'docena_3': 2, 'columna_1': 0, 'columna_2': 9, 'columna_3': 3}
[2026-04-26 15:25:44.586] [INFO    ] [bot.scanner] 🔥 German Roulette: Nuevos -> [33]
[2026-04-26 15:25:44.619] [DEBUG   ] [bot.scanner] TG check: German Roulette Delays={'docena_1': 1, 'docena_2': 3, 'docena_3': 0, 'columna_1': 1, 'columna_2': 4, 'columna_3': 0}
[2026-04-26 15:25:45.720] [INFO    ] [bot.scanner] 🔥 Roulette Italia Tricolore: Nuevos -> [10]
[2026-04-26 15:25:45.745] [DEBUG   ] [bot.scanner] TG check: Roulette Italia Tricolore Delays={'docena_1': 0, 'docena_2': 8, 'docena_3': 2, 'columna_1': 0, 'columna_2': 2, 'columna_3': 4}
[2026-04-26 15:25:48.250] [INFO    ] [bot.scanner] 🔥 Ruleta Latina: Nuevos -> [27]
[2026-04-26 15:25:48.264] [DEBUG   ] [bot.scanner] TG check: Ruleta Latina Delays={'docena_1': 3, 'docena_2': 1, 'docena_3': 0, 'columna_1': 3, 'columna_2': 1, 'columna_3': 0}
[2026-04-26 15:25:53.174] [INFO    ] [bot.scanner] 🔥 Auto Roulette: Nuevos -> [13]
[2026-04-26 15:25:53.190] [DEBUG   ] [bot.scanner] TG check: Auto Roulette Delays={'docena_1': 4, 'docena_2': 0, 'docena_3': 6, 'columna_1': 0, 'columna_2': 3, 'columna_3': 1}
[2026-04-26 15:25:54.252] [INFO    ] [bot.scanner] 🔥 Turkish Roulette: Nuevos -> [7]
[2026-04-26 15:25:54.269] [DEBUG   ] [bot.scanner] TG check: Turkish Roulette Delays={'docena_1': 0, 'docena_2': 1, 'docena_3': 3, 'columna_1': 0, 'columna_2': 3, 'columna_3': 5}
[2026-04-26 15:25:56.430] [INFO    ] [bot.scanner] 🔥 Russian Roulette: Nuevos -> [9]
[2026-04-26 15:25:56.448] [DEBUG   ] [bot.scanner] TG check: Russian Roulette Delays={'docena_1': 0, 'docena_2': 1, 'docena_3': 2, 'columna_1': 2, 'columna_2': 6, 'columna_3': 0}
[2026-04-26 15:25:56.975] [INFO    ] [bot.scanner] 🔥 Dutch Roulette: Nuevos -> [13]
[2026-04-26 15:25:56.989] [DEBUG   ] [bot.scanner] TG check: Dutch Roulette Delays={'docena_1': 2, 'docena_2': 0, 'docena_3': 3, 'columna_1': 0, 'columna_2': 2, 'columna_3': 4}
[2026-04-26 15:25:59.411] [INFO    ] [bot.scanner] 🔥 Brazilian Roulette: Nuevos -> [22]
[2026-04-26 15:25:59.427] [DEBUG   ] [bot.scanner] TG check: Brazilian Roulette Delays={'docena_1': 3, 'docena_2': 0, 'docena_3': 1, 'columna_1': 0, 'columna_2': 2, 'columna_3': 3}
[2026-04-26 15:25:59.956] [INFO    ] [bot.scanner] 🔥 Roulette 1: Nuevos -> [16]
[2026-04-26 15:25:59.971] [DEBUG   ] [bot.scanner] TG check: Roulette 1 Delays={'docena_1': 3, 'docena_2': 0, 'docena_3': 1, 'columna_1': 0, 'columna_2': 3, 'columna_3': 2}
[2026-04-26 15:26:02.745] [INFO    ] [bot.scanner] 🔥 Lucky 6 Roulette: Nuevos -> [1]
[2026-04-26 15:26:02.768] [DEBUG   ] [bot.scanner] TG check: Lucky 6 Roulette Delays={'docena_1': 0, 'docena_2': 7, 'docena_3': 1, 'columna_1': 0, 'columna_2': 1, 'columna_3': 6}
[2026-04-26 15:26:09.017] [INFO    ] [bot.scanner] 🔥 Mega Roulette: Nuevos -> [0]
[2026-04-26 15:26:09.031] [DEBUG   ] [bot.scanner] TG check: Mega Roulette Delays={'docena_1': 10, 'docena_2': 2, 'docena_3': 1, 'columna_1': 1, 'columna_2': 21, 'columna_3': 2}
[2026-04-26 15:26:15.512] [INFO    ] [bot.scanner] 🔥 Romanian Roulette: Nuevos -> [17]
[2026-04-26 15:26:15.536] [DEBUG   ] [bot.scanner] TG check: Romanian Roulette Delays={'docena_1': 3, 'docena_2': 0, 'docena_3': 2, 'columna_1': 2, 'columna_2': 0, 'columna_3': 3}
[2026-04-26 15:26:18.667] [INFO    ] [bot.scanner] 🔥 Ruleta Latina: Nuevos -> [12]
[2026-04-26 15:26:18.682] [DEBUG   ] [bot.scanner] TG check: Ruleta Latina Delays={'docena_1': 0, 'docena_2': 2, 'docena_3': 1, 'columna_1': 4, 'columna_2': 2, 'columna_3': 0}
[2026-04-26 15:26:20.789] [INFO    ] [bot.scanner] 🔥 Roulette 3: Nuevos -> [30]
[2026-04-26 15:26:20.813] [DEBUG   ] [bot.scanner] TG check: Roulette 3 Delays={'docena_1': 3, 'docena_2': 1, 'docena_3': 0, 'columna_1': 2, 'columna_2': 5, 'columna_3': 0}
[2026-04-26 15:26:21.920] [INFO    ] [bot.scanner] 🔥 Roulette 2 Extra Time: Nuevos -> [16]
[2026-04-26 15:26:21.934] [DEBUG   ] [bot.scanner] TG check: Roulette 2 Extra Time Delays={'docena_1': 1, 'docena_2': 0, 'docena_3': 4, 'columna_1': 0, 'columna_2': 6, 'columna_3': 2}
[2026-04-26 15:26:22.495] [INFO    ] [bot.scanner] 🔥 Brazilian Mega Roulette: Nuevos -> [13]
[2026-04-26 15:26:22.520] [DEBUG   ] [bot.scanner] TG check: Brazilian Mega Roulette Delays={'docena_1': 1, 'docena_2': 0, 'docena_3': 4, 'columna_1': 0, 'columna_2': 1, 'columna_3': 7}
[2026-04-26 15:26:24.181] [INFO    ] [bot.scanner] 🔥 Stake Roulette: Nuevos -> [1]
[2026-04-26 15:26:24.194] [DEBUG   ] [bot.scanner] TG check: Stake Roulette Delays={'docena_1': 0, 'docena_2': 1, 'docena_3': 3, 'columna_1': 0, 'columna_2': 10, 'columna_3': 4}
[2026-04-26 15:26:25.245] [INFO    ] [bot.scanner] 🔥 German Roulette: Nuevos -> [22]
[2026-04-26 15:26:25.264] [DEBUG   ] [bot.scanner] TG check: German Roulette Delays={'docena_1': 2, 'docena_2': 0, 'docena_3': 1, 'columna_1': 0, 'columna_2': 5, 'columna_3': 1}
[2026-04-26 15:26:26.334] [INFO    ] [bot.scanner] 🔥 Roulette Italia Tricolore: Nuevos -> [4]
[2026-04-26 15:26:26.350] [DEBUG   ] [bot.scanner] TG check: Roulette Italia Tricolore Delays={'docena_1': 0, 'docena_2': 9, 'docena_3': 3, 'columna_1': 0, 'columna_2': 3, 'columna_3': 5}
[2026-04-26 15:26:29.943] [INFO    ] [bot.scanner] 🔥 Brazilian Roulette: Nuevos -> [22]
[2026-04-26 15:26:29.953] [DEBUG   ] [bot.scanner] TG check: Brazilian Roulette Delays={'docena_1': 4, 'docena_2': 0, 'docena_3': 2, 'columna_1': 0, 'columna_2': 3, 'columna_3': 4}
[2026-04-26 15:26:30.321] [INFO    ] [bot.gui] Señal de detención enviada. El bot se detendrá en breve.
[2026-04-26 15:26:30.485] [INFO    ] [bot.scanner] 🔥 Roulette 1: Nuevos -> [12]
[2026-04-26 15:26:30.499] [DEBUG   ] [bot.scanner] TG check: Roulette 1 Delays={'docena_1': 0, 'docena_2': 1, 'docena_3': 2, 'columna_1': 1, 'columna_2': 4, 'columna_3': 0}
[2026-04-26 15:26:31.553] [INFO    ] [bot.gui] Señal de detención enviada. El bot se detendrá en breve.
[2026-04-26 15:26:31.554] [INFO    ] [bot.scanner] 🔥 Roulette Macao: Nuevos -> [0]
[2026-04-26 15:26:31.568] [DEBUG   ] [bot.scanner] TG check: Roulette Macao Delays={'docena_1': 4, 'docena_2': 5, 'docena_3': 1, 'columna_1': 9, 'columna_2': 1, 'columna_3': 2}
[2026-04-26 15:26:33.697] [INFO    ] [bot.scanner] 🔥 Auto Roulette: Nuevos -> [33]
[2026-04-26 15:26:33.711] [DEBUG   ] [bot.scanner] TG check: Auto Roulette Delays={'docena_1': 5, 'docena_2': 1, 'docena_3': 0, 'columna_1': 1, 'columna_2': 4, 'columna_3': 0}
